2026-08-05 23:37:02,236 - INFO - Loaded 0 already processed chunk IDs.
2026-08-05 23:37:02,310 - INFO - Starting processing of 10437 records with 4 workers.
2026-08-05 23:38:04,474 - ERROR - Ollama API call failed: HTTPConnectionPool(host='localhost', port=11434): Read timed out. (read timeout=60)
2026-08-05 23:38:04,475 - ERROR - Ollama API call failed: HTTPConnectionPool(host='localhost', port=11434): Read timed out. (read timeout=60)
2026-08-05 23:38:04,475 - ERROR - Ollama API call failed: HTTPConnectionPool(host='localhost', port=11434): Read timed out. (read timeout=60)
2026-08-05 23:38:04,475 - ERROR - Ollama API call failed: HTTPConnectionPool(host='localhost', port=11434): Read timed out. (read timeout=60)
2026-08-05 23:38:04,476 - ERROR - Error processing chunk_id 1743: Ollama returned empty or failed
2026-08-05 23:38:04,490 - ERROR - Error processing chunk_id 1519: Ollama returned empty or failed
2026-08-05 23:38:04,490 - ERROR - Error processing chunk_id 61: Ollama returned empty or failed
2026-08-05 23:38:04,490 - ERROR - Error processing chunk_id 2457: Ollama returned empty or failed
2026-08-05 23:39:06,519 - ERROR - Ollama API call failed: HTTPConnectionPool(host='localhost', port=11434): Read timed out. (read timeout=60)
2026-08-05 23:39:06,519 - ERROR - Error processing chunk_id 2337: Ollama returned empty or failed
2026-08-05 23:39:06,535 - ERROR - Ollama API call failed: HTTPConnectionPool(host='localhost', port=11434): Read timed out. (read timeout=60)
2026-08-05 23:39:06,535 - ERROR - Ollama API call failed: HTTPConnectionPool(host='localhost', port=11434): Read timed out. (read timeout=60)
2026-08-05 23:39:06,535 - ERROR - Ollama API call failed: HTTPConnectionPool(host='localhost', port=11434): Read timed out. (read timeout=60)
2026-08-05 23:39:06,535 - ERROR - Error processing chunk_id 3791: Ollama returned empty or failed
2026-08-05 23:39:06,546 - ERROR - Error processing chunk_id 2873: Ollama returned empty or failed
2026-08-05 23:39:06,546 - ERROR - Error processing chunk_id 6197: Ollama returned empty or failed
2026-08-05 23:39:14,108 - INFO - Rejected chunk_id 98: Too similar to original (35.3% overlap)
2026-08-05 23:39:17,206 - INFO - Rejected chunk_id 2353: Too similar to original (45.9% overlap)
2026-08-05 23:39:24,545 - INFO - Rejected chunk_id 2863: Too similar to original (36.4% overlap)
2026-08-05 23:39:28,404 - INFO - Rejected chunk_id 307: Too similar to original (51.1% overlap)
2026-08-05 23:39:33,153 - INFO - Rejected chunk_id 18: Too similar to original (39.3% overlap)
2026-08-05 23:39:34,656 - INFO - Rejected chunk_id 122: Too similar to original (46.9% overlap)
2026-08-05 23:39:36,415 - INFO - Rejected chunk_id 2727: Contains 'Figure'
2026-08-05 23:39:38,929 - INFO - Rejected chunk_id 1661: Too similar to original (43.6% overlap)
2026-08-05 23:39:42,092 - INFO - Rejected chunk_id 364: Too similar to original (51.6% overlap)
2026-08-05 23:39:43,561 - INFO - Rejected chunk_id 553: Too similar to original (53.2% overlap)
2026-08-05 23:39:45,603 - INFO - Rejected chunk_id 418: Contains 'Table'
2026-08-05 23:39:48,007 - INFO - Rejected chunk_id 167: Contains 'Figure'
2026-08-05 23:39:49,819 - INFO - Rejected chunk_id 5894: Contains 'Table'
2026-08-05 23:39:51,105 - INFO - Rejected chunk_id 896: Too similar to original (58.1% overlap)
2026-08-05 23:39:52,798 - INFO - Rejected chunk_id 2138: Too similar to original (36.2% overlap)
2026-08-05 23:39:57,106 - INFO - Rejected chunk_id 959: Too similar to original (44.9% overlap)
2026-08-05 23:39:59,649 - INFO - Rejected chunk_id 2018: Contains 'Table'
2026-08-05 23:40:02,896 - INFO - Rejected chunk_id 612: Too similar to original (57.6% overlap)
2026-08-05 23:40:04,412 - INFO - Rejected chunk_id 2797: Too similar to original (36.1% overlap)
2026-08-05 23:40:06,018 - INFO - Rejected chunk_id 361: Too similar to original (50.9% overlap)
2026-08-05 23:40:09,040 - INFO - Rejected chunk_id 2930: Too similar to original (38.0% overlap)
2026-08-05 23:40:10,628 - INFO - Rejected chunk_id 2250: Too similar to original (50.0% overlap)
2026-08-05 23:40:16,933 - INFO - Rejected chunk_id 6806: Too similar to original (34.2% overlap)
2026-08-05 23:40:18,381 - INFO - Rejected chunk_id 341: Too similar to original (38.5% overlap)
2026-08-05 23:40:20,117 - INFO - Rejected chunk_id 232: Too similar to original (34.4% overlap)
2026-08-05 23:40:21,312 - INFO - Rejected chunk_id 1201: Too similar to original (37.5% overlap)
2026-08-05 23:40:23,295 - INFO - Rejected chunk_id 3168: Too similar to original (52.8% overlap)
2026-08-05 23:40:26,404 - INFO - Rejected chunk_id 42: Too similar to original (32.0% overlap)
2026-08-05 23:40:28,275 - INFO - Rejected chunk_id 110: Too similar to original (35.1% overlap)
2026-08-05 23:40:30,007 - INFO - Rejected chunk_id 22: Too similar to original (47.8% overlap)
2026-08-05 23:40:32,886 - INFO - Rejected chunk_id 376: Too similar to original (53.3% overlap)
2026-08-05 23:40:35,667 - INFO - Rejected chunk_id 3119: Too similar to original (31.2% overlap)
2026-08-05 23:40:38,154 - INFO - Rejected chunk_id 505: Too similar to original (50.8% overlap)
2026-08-05 23:40:40,101 - INFO - Rejected chunk_id 1726: Too similar to original (36.9% overlap)
2026-08-05 23:40:42,437 - INFO - Rejected chunk_id 856: Too similar to original (36.4% overlap)
2026-08-05 23:40:45,239 - INFO - Rejected chunk_id 847: Too similar to original (42.9% overlap)
2026-08-05 23:40:48,222 - INFO - Rejected chunk_id 2415: Too similar to original (45.6% overlap)
2026-08-05 23:40:49,356 - INFO - Rejected chunk_id 654: Too similar to original (31.0% overlap)
2026-08-05 23:40:52,888 - INFO - Rejected chunk_id 687: Too similar to original (33.8% overlap)
2026-08-05 23:40:54,279 - INFO - Rejected chunk_id 1470: Too similar to original (34.5% overlap)
2026-08-05 23:40:59,904 - INFO - Rejected chunk_id 2050: Too similar to original (49.3% overlap)
2026-08-05 23:41:01,770 - INFO - Rejected chunk_id 1215: Too similar to original (34.3% overlap)
2026-08-05 23:41:03,943 - INFO - Rejected chunk_id 686: Too similar to original (49.3% overlap)
2026-08-05 23:41:06,770 - INFO - Rejected chunk_id 2704: Too similar to original (46.9% overlap)
2026-08-05 23:41:07,924 - INFO - Rejected chunk_id 2132: Too similar to original (45.5% overlap)
2026-08-05 23:41:12,118 - INFO - Rejected chunk_id 2313: Too similar to original (50.9% overlap)
2026-08-05 23:41:15,652 - INFO - Rejected chunk_id 1524: Contains 'Table'
2026-08-05 23:41:16,914 - INFO - Rejected chunk_id 115: Too similar to original (43.3% overlap)
2026-08-05 23:41:20,591 - INFO - Rejected chunk_id 1643: Too similar to original (42.6% overlap)
2026-08-05 23:41:24,805 - INFO - Rejected chunk_id 1270: Contains 'Table'
2026-08-05 23:41:26,220 - INFO - Rejected chunk_id 980: Too similar to original (36.5% overlap)
2026-08-05 23:41:28,858 - INFO - Rejected chunk_id 805: Too similar to original (32.4% overlap)
2026-08-05 23:41:30,035 - INFO - Rejected chunk_id 409: Too similar to original (55.1% overlap)
2026-08-05 23:41:31,182 - INFO - Rejected chunk_id 3897: Too similar to original (34.7% overlap)
2026-08-05 23:41:35,561 - INFO - Rejected chunk_id 110: Too similar to original (52.4% overlap)
2026-08-05 23:41:37,622 - INFO - Rejected chunk_id 5939: Contains 'Table'
2026-08-05 23:41:41,477 - INFO - Rejected chunk_id 949: Too similar to original (50.0% overlap)
2026-08-05 23:41:43,365 - INFO - Rejected chunk_id 15: Too similar to original (43.1% overlap)
2026-08-05 23:41:44,661 - INFO - Rejected chunk_id 2332: Too similar to original (36.5% overlap)
2026-08-05 23:41:46,419 - INFO - Rejected chunk_id 7298: Too similar to original (38.9% overlap)
2026-08-05 23:41:47,770 - INFO - Rejected chunk_id 95: Too similar to original (33.3% overlap)
2026-08-05 23:41:51,580 - INFO - Rejected chunk_id 945: Too similar to original (63.3% overlap)
2026-08-05 23:41:54,818 - INFO - Rejected chunk_id 1630: Too similar to original (52.3% overlap)
2026-08-05 23:41:57,474 - INFO - Rejected chunk_id 376: Too similar to original (31.6% overlap)
2026-08-05 23:41:59,398 - INFO - Rejected chunk_id 473: Too similar to original (61.9% overlap)
2026-08-05 23:42:03,260 - INFO - Rejected chunk_id 903: Too similar to original (54.2% overlap)
2026-08-05 23:42:04,963 - INFO - Rejected chunk_id 4525: Contains 'Figure'
2026-08-05 23:42:07,045 - INFO - Rejected chunk_id 2600: Too similar to original (46.4% overlap)
2026-08-05 23:42:08,832 - INFO - Rejected chunk_id 737: Too similar to original (51.9% overlap)
2026-08-05 23:42:12,123 - INFO - Rejected chunk_id 3217: Too similar to original (44.3% overlap)
2026-08-05 23:42:15,688 - INFO - Rejected chunk_id 2883: Too similar to original (48.4% overlap)
2026-08-05 23:42:19,428 - INFO - Rejected chunk_id 970: Too similar to original (44.1% overlap)
2026-08-05 23:42:20,800 - INFO - Rejected chunk_id 1394: Too similar to original (48.1% overlap)
2026-08-05 23:42:22,478 - INFO - Rejected chunk_id 1897: Too similar to original (59.4% overlap)
2026-08-05 23:42:23,930 - INFO - Rejected chunk_id 157: Too similar to original (47.5% overlap)
2026-08-05 23:42:29,079 - INFO - Rejected chunk_id 4507: Contains 'Figure'
2026-08-05 23:42:31,068 - INFO - Rejected chunk_id 5969: Too similar to original (34.7% overlap)
2026-08-05 23:42:32,941 - INFO - Rejected chunk_id 5912: Too similar to original (41.4% overlap)
2026-08-05 23:42:35,754 - INFO - Rejected chunk_id 226: Too similar to original (50.0% overlap)
2026-08-05 23:42:37,774 - INFO - Rejected chunk_id 637: Too similar to original (58.2% overlap)
2026-08-05 23:42:43,720 - INFO - Rejected chunk_id 1458: Too similar to original (38.6% overlap)
2026-08-05 23:42:45,921 - INFO - Rejected chunk_id 2187: Too similar to original (45.1% overlap)
2026-08-05 23:42:47,212 - INFO - Rejected chunk_id 422: Too similar to original (58.2% overlap)
2026-08-05 23:42:48,653 - INFO - Rejected chunk_id 1674: Too similar to original (53.7% overlap)
2026-08-05 23:42:52,042 - INFO - Rejected chunk_id 1910: Too similar to original (35.7% overlap)
2026-08-05 23:42:56,238 - INFO - Rejected chunk_id 4506: Too similar to original (31.0% overlap)
2026-08-05 23:43:06,271 - INFO - Rejected chunk_id 37: Too similar to original (53.8% overlap)
2026-08-05 23:43:08,724 - INFO - Rejected chunk_id 1120: Too similar to original (38.0% overlap)
2026-08-05 23:43:10,537 - INFO - Rejected chunk_id 860: Too similar to original (48.5% overlap)
2026-08-05 23:43:12,164 - INFO - Rejected chunk_id 44: Too similar to original (31.7% overlap)
2026-08-05 23:43:13,593 - INFO - Rejected chunk_id 1678: Too similar to original (39.7% overlap)
2026-08-05 23:43:15,219 - INFO - Rejected chunk_id 2968: Too similar to original (58.5% overlap)
2026-08-05 23:43:21,482 - INFO - Rejected chunk_id 6295: Contains 'Table'
2026-08-05 23:43:23,259 - INFO - Rejected chunk_id 369: Too similar to original (33.9% overlap)
2026-08-05 23:43:28,211 - INFO - Rejected chunk_id 1158: Too similar to original (33.9% overlap)
2026-08-05 23:43:29,962 - INFO - Rejected chunk_id 2108: Too similar to original (33.3% overlap)
2026-08-05 23:43:32,538 - INFO - Rejected chunk_id 2670: Too similar to original (50.7% overlap)
2026-08-05 23:43:34,614 - INFO - Rejected chunk_id 3305: Too similar to original (32.3% overlap)
2026-08-05 23:43:36,478 - INFO - Rejected chunk_id 2117: Too similar to original (46.8% overlap)
2026-08-05 23:43:45,023 - INFO - Rejected chunk_id 194: Contains 'Table'
2026-08-05 23:43:48,409 - INFO - Rejected chunk_id 818: Too similar to original (46.4% overlap)
2026-08-05 23:43:52,098 - INFO - Rejected chunk_id 388: Too similar to original (36.4% overlap)
2026-08-05 23:43:53,676 - INFO - Rejected chunk_id 2465: Too similar to original (37.0% overlap)
2026-08-05 23:43:59,366 - INFO - Rejected chunk_id 293: Too similar to original (34.5% overlap)
2026-08-05 23:44:03,615 - INFO - Rejected chunk_id 228: Too similar to original (39.7% overlap)
2026-08-05 23:44:04,992 - INFO - Rejected chunk_id 1274: Too similar to original (31.9% overlap)
2026-08-05 23:44:07,956 - INFO - Rejected chunk_id 1200: Too similar to original (47.2% overlap)
2026-08-05 23:44:10,146 - INFO - Rejected chunk_id 2630: Too similar to original (47.3% overlap)
2026-08-05 23:44:12,028 - INFO - Rejected chunk_id 828: Too similar to original (45.5% overlap)
2026-08-05 23:44:14,354 - INFO - Rejected chunk_id 440: Too similar to original (39.2% overlap)
2026-08-05 23:44:17,741 - INFO - Rejected chunk_id 1625: Too similar to original (41.7% overlap)
2026-08-05 23:44:19,290 - INFO - Rejected chunk_id 564: Too similar to original (49.1% overlap)
2026-08-05 23:44:20,861 - INFO - Rejected chunk_id 2244: Too similar to original (30.4% overlap)
2026-08-05 23:44:22,259 - INFO - Rejected chunk_id 176: Too similar to original (44.2% overlap)
2026-08-05 23:44:23,978 - INFO - Rejected chunk_id 2542: Too similar to original (57.4% overlap)
2026-08-05 23:44:27,870 - INFO - Rejected chunk_id 60: Too similar to original (45.7% overlap)
2026-08-05 23:44:31,234 - INFO - Rejected chunk_id 2643: Too similar to original (31.7% overlap)
2026-08-05 23:44:32,933 - INFO - Rejected chunk_id 253: Too similar to original (42.2% overlap)
2026-08-05 23:44:35,674 - INFO - Rejected chunk_id 60: Too similar to original (40.7% overlap)
2026-08-05 23:44:38,091 - INFO - Rejected chunk_id 906: Too similar to original (34.0% overlap)
2026-08-05 23:44:39,703 - INFO - Rejected chunk_id 506: Too similar to original (48.2% overlap)
2026-08-05 23:44:41,971 - INFO - Rejected chunk_id 41: Too similar to original (67.2% overlap)
2026-08-05 23:44:43,582 - INFO - Rejected chunk_id 2607: Too similar to original (48.4% overlap)
2026-08-05 23:44:47,426 - INFO - Rejected chunk_id 723: Too similar to original (46.8% overlap)
2026-08-05 23:44:49,265 - INFO - Rejected chunk_id 2480: Too similar to original (37.8% overlap)
2026-08-05 23:44:51,348 - INFO - Rejected chunk_id 926: Too similar to original (39.7% overlap)
2026-08-05 23:44:55,461 - INFO - Rejected chunk_id 741: Too similar to original (62.1% overlap)
2026-08-05 23:45:00,177 - INFO - Rejected chunk_id 984: Too similar to original (45.6% overlap)
2026-08-05 23:45:01,980 - INFO - Rejected chunk_id 386: Too similar to original (37.7% overlap)
2026-08-05 23:45:04,756 - INFO - Rejected chunk_id 528: Too similar to original (42.6% overlap)
2026-08-05 23:45:08,061 - INFO - Rejected chunk_id 82: Too similar to original (34.0% overlap)
2026-08-05 23:45:15,391 - INFO - Rejected chunk_id 74: Too similar to original (36.7% overlap)
2026-08-05 23:45:18,375 - INFO - Rejected chunk_id 221: Too similar to original (33.9% overlap)
2026-08-05 23:45:28,127 - INFO - Rejected chunk_id 1686: Too similar to original (47.1% overlap)
2026-08-05 23:45:32,755 - INFO - Rejected chunk_id 2656: Too similar to original (36.2% overlap)
2026-08-05 23:45:36,555 - INFO - Rejected chunk_id 588: Too similar to original (50.9% overlap)
2026-08-05 23:45:38,139 - INFO - Rejected chunk_id 1041: Too similar to original (41.8% overlap)
2026-08-05 23:45:43,946 - INFO - Rejected chunk_id 2786: Too similar to original (49.2% overlap)
2026-08-05 23:45:45,603 - INFO - Rejected chunk_id 120: Too similar to original (38.8% overlap)
2026-08-05 23:45:47,020 - INFO - Rejected chunk_id 2169: Too similar to original (38.1% overlap)
2026-08-05 23:45:49,760 - INFO - Rejected chunk_id 1761: Too similar to original (30.8% overlap)
2026-08-05 23:45:51,566 - INFO - Rejected chunk_id 2637: Too similar to original (41.5% overlap)
2026-08-05 23:45:57,325 - INFO - Rejected chunk_id 64: Too similar to original (42.1% overlap)
2026-08-05 23:46:01,120 - INFO - Rejected chunk_id 243: Too similar to original (30.4% overlap)
2026-08-05 23:46:02,693 - INFO - Rejected chunk_id 3258: Too similar to original (30.9% overlap)
2026-08-05 23:46:04,365 - INFO - Rejected chunk_id 2629: Too similar to original (42.4% overlap)
2026-08-05 23:46:06,731 - INFO - Rejected chunk_id 926: Too similar to original (41.5% overlap)
2026-08-05 23:46:08,303 - INFO - Rejected chunk_id 215: Too similar to original (35.1% overlap)
2026-08-05 23:46:10,052 - INFO - Rejected chunk_id 2302: Too similar to original (38.9% overlap)
2026-08-05 23:46:12,736 - INFO - Rejected chunk_id 510: Too similar to original (51.6% overlap)
2026-08-05 23:46:16,780 - INFO - Rejected chunk_id 303: Too similar to original (58.6% overlap)
2026-08-05 23:46:21,907 - INFO - Rejected chunk_id 2476: Too similar to original (51.9% overlap)
2026-08-05 23:46:23,863 - INFO - Rejected chunk_id 926: Too similar to original (36.9% overlap)
2026-08-05 23:46:31,388 - INFO - Rejected chunk_id 1054: Too similar to original (39.5% overlap)
2026-08-05 23:46:36,132 - INFO - Rejected chunk_id 3207: Too similar to original (37.9% overlap)
2026-08-05 23:46:37,654 - INFO - Rejected chunk_id 1079: Too similar to original (40.7% overlap)
2026-08-05 23:46:40,718 - INFO - Rejected chunk_id 654: Too similar to original (49.2% overlap)
2026-08-05 23:46:44,720 - INFO - Rejected chunk_id 2363: Too similar to original (43.5% overlap)
2026-08-05 23:46:46,961 - INFO - Rejected chunk_id 21: Too similar to original (30.6% overlap)
2026-08-05 23:46:48,440 - INFO - Rejected chunk_id 382: Too similar to original (34.5% overlap)
2026-08-05 23:46:50,246 - INFO - Rejected chunk_id 7067: Contains 'Table'
2026-08-05 23:46:52,893 - INFO - Rejected chunk_id 797: Too similar to original (30.9% overlap)
2026-08-05 23:46:54,668 - INFO - Rejected chunk_id 1853: Too similar to original (36.4% overlap)
2026-08-05 23:46:56,044 - INFO - Rejected chunk_id 2259: Too similar to original (44.2% overlap)
2026-08-05 23:46:57,824 - INFO - Rejected chunk_id 25: Too similar to original (40.7% overlap)
2026-08-05 23:47:01,570 - INFO - Rejected chunk_id 6874: Contains 'Table'
2026-08-05 23:47:05,190 - INFO - Rejected chunk_id 268: Too similar to original (45.2% overlap)
2026-08-05 23:47:08,354 - INFO - Rejected chunk_id 3893: Too similar to original (39.2% overlap)
2026-08-05 23:47:14,191 - INFO - Rejected chunk_id 1629: Too similar to original (52.9% overlap)
2026-08-05 23:47:16,478 - INFO - Rejected chunk_id 929: Too similar to original (39.7% overlap)
2026-08-05 23:47:17,893 - INFO - Rejected chunk_id 1301: Too similar to original (45.8% overlap)
2026-08-05 23:47:19,541 - INFO - Rejected chunk_id 165: Too similar to original (38.7% overlap)
2026-08-05 23:47:22,486 - INFO - Rejected chunk_id 2553: Too similar to original (44.1% overlap)
2026-08-05 23:47:25,833 - INFO - Rejected chunk_id 907: Too similar to original (48.1% overlap)
2026-08-05 23:47:31,514 - INFO - Rejected chunk_id 4442: Too similar to original (39.2% overlap)
2026-08-05 23:47:33,888 - INFO - Rejected chunk_id 3081: Too similar to original (37.3% overlap)
2026-08-05 23:47:35,702 - INFO - Rejected chunk_id 2951: Too similar to original (41.9% overlap)
2026-08-05 23:47:36,902 - INFO - Rejected chunk_id 1089: Contains 'Figure'
2026-08-05 23:47:41,505 - INFO - Rejected chunk_id 1602: Too similar to original (34.9% overlap)
2026-08-05 23:47:49,027 - INFO - Rejected chunk_id 238: Too similar to original (37.9% overlap)
2026-08-05 23:47:52,800 - INFO - Rejected chunk_id 814: Too similar to original (35.5% overlap)
2026-08-05 23:47:54,821 - INFO - Rejected chunk_id 7448: Too similar to original (54.8% overlap)
2026-08-05 23:47:56,494 - INFO - Rejected chunk_id 4445: Too similar to original (39.4% overlap)
2026-08-05 23:47:59,226 - INFO - Rejected chunk_id 2422: Too similar to original (40.0% overlap)
2026-08-05 23:48:01,092 - INFO - Rejected chunk_id 197: Too similar to original (38.3% overlap)
2026-08-05 23:48:09,659 - INFO - Rejected chunk_id 3289: Too similar to original (39.0% overlap)
2026-08-05 23:48:16,728 - INFO - Rejected chunk_id 158: Too similar to original (36.1% overlap)
2026-08-05 23:48:19,179 - INFO - Rejected chunk_id 1160: Contains 'Table'
2026-08-05 23:48:22,071 - INFO - Rejected chunk_id 1529: Too similar to original (57.1% overlap)
2026-08-05 23:48:30,190 - INFO - Rejected chunk_id 142: Too similar to original (41.0% overlap)
2026-08-05 23:48:34,656 - INFO - Rejected chunk_id 6615: Contains 'Table'
2026-08-05 23:48:36,352 - INFO - Rejected chunk_id 83: Too similar to original (39.1% overlap)
2026-08-05 23:48:38,361 - INFO - Rejected chunk_id 819: Too similar to original (40.0% overlap)
2026-08-05 23:48:40,360 - INFO - Rejected chunk_id 571: Too similar to original (40.6% overlap)
2026-08-05 23:48:43,488 - INFO - Rejected chunk_id 37: Too similar to original (46.9% overlap)
2026-08-05 23:48:46,410 - INFO - Rejected chunk_id 406: Too similar to original (47.4% overlap)
2026-08-05 23:48:49,844 - INFO - Rejected chunk_id 1362: Contains 'Table'
2026-08-05 23:48:52,314 - INFO - Rejected chunk_id 2691: Too similar to original (44.3% overlap)
2026-08-05 23:48:57,691 - INFO - Rejected chunk_id 1171: Too similar to original (33.3% overlap)
2026-08-05 23:49:02,232 - INFO - Rejected chunk_id 1680: Too similar to original (30.4% overlap)
2026-08-05 23:49:03,795 - INFO - Rejected chunk_id 978: Too similar to original (45.9% overlap)
2026-08-05 23:49:05,565 - INFO - Rejected chunk_id 78: Too similar to original (42.1% overlap)
2026-08-05 23:49:08,602 - INFO - Rejected chunk_id 323: Contains 'Figure'
2026-08-05 23:49:10,411 - INFO - Rejected chunk_id 432: Too similar to original (40.3% overlap)
2026-08-05 23:49:11,885 - INFO - Rejected chunk_id 1905: Too similar to original (44.6% overlap)
2026-08-05 23:49:14,006 - INFO - Rejected chunk_id 45: Too similar to original (32.3% overlap)
2026-08-05 23:49:15,348 - INFO - Rejected chunk_id 130: Too similar to original (30.5% overlap)
2026-08-05 23:49:17,344 - INFO - Rejected chunk_id 648: Too similar to original (39.4% overlap)
2026-08-05 23:49:19,082 - INFO - Rejected chunk_id 948: Contains 'Table'
2026-08-05 23:49:21,322 - INFO - Rejected chunk_id 2571: Contains 'Table'
2026-08-05 23:49:26,603 - INFO - Rejected chunk_id 18: Too similar to original (41.4% overlap)
2026-08-05 23:49:28,477 - INFO - Rejected chunk_id 3221: Too similar to original (55.8% overlap)
2026-08-05 23:49:30,106 - INFO - Rejected chunk_id 2304: Too similar to original (32.3% overlap)
2026-08-05 23:49:35,180 - INFO - Rejected chunk_id 146: Too similar to original (38.1% overlap)
2026-08-05 23:49:43,169 - INFO - Rejected chunk_id 459: Contains 'Table'
2026-08-05 23:49:46,733 - INFO - Rejected chunk_id 2031: Too similar to original (31.8% overlap)
2026-08-05 23:49:48,369 - INFO - Rejected chunk_id 2972: Too similar to original (33.3% overlap)
2026-08-05 23:49:50,961 - INFO - Rejected chunk_id 1001: Too similar to original (46.8% overlap)
2026-08-05 23:49:56,151 - INFO - Rejected chunk_id 2852: Too similar to original (38.8% overlap)
2026-08-05 23:49:59,536 - INFO - Rejected chunk_id 3929: Contains 'Table'
2026-08-05 23:50:01,107 - INFO - Rejected chunk_id 2166: Too similar to original (44.4% overlap)
2026-08-05 23:50:02,742 - INFO - Rejected chunk_id 68: Too similar to original (36.4% overlap)
2026-08-05 23:50:04,132 - INFO - Rejected chunk_id 2208: Too similar to original (37.3% overlap)
2026-08-05 23:50:05,997 - INFO - Rejected chunk_id 2377: Too similar to original (50.0% overlap)
2026-08-05 23:50:07,515 - INFO - Rejected chunk_id 1160: Too similar to original (35.2% overlap)
2026-08-05 23:50:09,260 - INFO - Rejected chunk_id 61: Too similar to original (41.4% overlap)
2026-08-05 23:50:11,182 - INFO - Rejected chunk_id 6035: Contains 'Table'
2026-08-05 23:50:14,554 - INFO - Rejected chunk_id 2714: Too similar to original (44.8% overlap)
2026-08-05 23:50:18,408 - INFO - Rejected chunk_id 1696: Contains 'Table'
2026-08-05 23:50:25,615 - INFO - Rejected chunk_id 7662: Contains 'Figure'
2026-08-05 23:50:28,687 - INFO - Rejected chunk_id 385: Too similar to original (50.0% overlap)
2026-08-05 23:50:31,380 - INFO - Rejected chunk_id 1895: Too similar to original (34.8% overlap)
2026-08-05 23:50:37,861 - INFO - Rejected chunk_id 327: Too similar to original (52.5% overlap)
2026-08-05 23:50:39,910 - INFO - Rejected chunk_id 181: Too similar to original (38.1% overlap)
2026-08-05 23:50:43,105 - INFO - Rejected chunk_id 6728: Contains 'Table'
2026-08-05 23:50:45,326 - INFO - Rejected chunk_id 3953: Contains 'Table'
2026-08-05 23:50:47,265 - INFO - Rejected chunk_id 875: Too similar to original (41.7% overlap)
2026-08-05 23:50:49,334 - INFO - Rejected chunk_id 1039: Too similar to original (32.1% overlap)
2026-08-05 23:50:54,762 - INFO - Rejected chunk_id 58: Too similar to original (31.2% overlap)
2026-08-05 23:50:59,834 - INFO - Rejected chunk_id 403: Too similar to original (40.0% overlap)
2026-08-05 23:51:01,682 - INFO - Rejected chunk_id 151: Too similar to original (37.9% overlap)
2026-08-05 23:51:03,647 - INFO - Rejected chunk_id 916: Too similar to original (34.6% overlap)
2026-08-05 23:51:05,607 - INFO - Rejected chunk_id 934: Too similar to original (30.1% overlap)
2026-08-05 23:51:07,465 - INFO - Rejected chunk_id 1533: Too similar to original (32.9% overlap)
2026-08-05 23:51:10,265 - INFO - Rejected chunk_id 1293: Too similar to original (46.2% overlap)
2026-08-05 23:51:12,796 - INFO - Rejected chunk_id 4613: Contains 'Table'
2026-08-05 23:51:14,734 - INFO - Rejected chunk_id 1393: Too similar to original (44.6% overlap)
2026-08-05 23:51:17,906 - INFO - Rejected chunk_id 298: Too similar to original (45.6% overlap)
2026-08-05 23:51:19,734 - INFO - Rejected chunk_id 5610: Too similar to original (47.5% overlap)
2026-08-05 23:51:22,460 - INFO - Rejected chunk_id 944: Too similar to original (35.0% overlap)
2026-08-05 23:51:27,243 - INFO - Rejected chunk_id 57: Too similar to original (39.1% overlap)
2026-08-05 23:51:32,050 - INFO - Rejected chunk_id 459: Too similar to original (30.9% overlap)
2026-08-05 23:51:34,723 - INFO - Rejected chunk_id 393: Too similar to original (38.5% overlap)
2026-08-05 23:51:38,858 - INFO - Rejected chunk_id 212: Too similar to original (32.8% overlap)
2026-08-05 23:51:40,755 - INFO - Rejected chunk_id 2670: Too similar to original (42.4% overlap)
2026-08-05 23:51:42,426 - INFO - Rejected chunk_id 6717: Too similar to original (45.2% overlap)
2026-08-05 23:51:47,005 - INFO - Rejected chunk_id 70: Too similar to original (40.4% overlap)
2026-08-05 23:51:48,398 - INFO - Rejected chunk_id 315: Too similar to original (41.9% overlap)
2026-08-05 23:51:51,086 - INFO - Rejected chunk_id 16: Too similar to original (35.1% overlap)
2026-08-05 23:51:52,973 - INFO - Rejected chunk_id 133: Too similar to original (33.3% overlap)
2026-08-05 23:51:54,995 - INFO - Rejected chunk_id 57: Too similar to original (42.0% overlap)
2026-08-05 23:52:03,415 - INFO - Rejected chunk_id 5050: Too similar to original (30.2% overlap)
2026-08-05 23:52:09,162 - INFO - Rejected chunk_id 1251: Too similar to original (42.4% overlap)
2026-08-05 23:52:11,502 - INFO - Rejected chunk_id 200: Too similar to original (34.8% overlap)
2026-08-05 23:52:18,211 - INFO - Rejected chunk_id 325: Too similar to original (37.5% overlap)
2026-08-05 23:52:22,894 - INFO - Rejected chunk_id 1786: Too similar to original (35.3% overlap)
2026-08-05 23:52:28,456 - INFO - Rejected chunk_id 2534: Too similar to original (42.1% overlap)
2026-08-05 23:52:30,430 - INFO - Rejected chunk_id 1191: Too similar to original (46.6% overlap)
2026-08-05 23:52:37,688 - INFO - Rejected chunk_id 1441: Too similar to original (34.4% overlap)
2026-08-05 23:52:40,145 - INFO - Rejected chunk_id 533: Too similar to original (39.6% overlap)
2026-08-05 23:52:42,034 - INFO - Rejected chunk_id 2727: Contains 'Table'
2026-08-05 23:52:46,907 - INFO - Rejected chunk_id 1065: Too similar to original (40.7% overlap)
2026-08-05 23:52:48,393 - INFO - Rejected chunk_id 6794: Contains 'Table'
2026-08-05 23:52:50,053 - INFO - Rejected chunk_id 2359: Too similar to original (43.4% overlap)
2026-08-05 23:52:51,247 - INFO - Rejected chunk_id 1956: Too similar to original (40.8% overlap)
2026-08-05 23:52:52,978 - INFO - Rejected chunk_id 2060: Too similar to original (40.0% overlap)
2026-08-05 23:52:56,590 - INFO - Rejected chunk_id 2348: Too similar to original (48.5% overlap)
2026-08-05 23:52:59,087 - INFO - Rejected chunk_id 6667: Too similar to original (52.9% overlap)
2026-08-05 23:53:08,398 - INFO - Rejected chunk_id 2557: Too similar to original (43.8% overlap)
2026-08-05 23:53:09,992 - INFO - Rejected chunk_id 190: Too similar to original (41.7% overlap)
2026-08-05 23:53:14,965 - INFO - Rejected chunk_id 319: Too similar to original (35.2% overlap)
2026-08-05 23:53:19,755 - INFO - Rejected chunk_id 1266: Too similar to original (48.3% overlap)
2026-08-05 23:53:21,385 - INFO - Rejected chunk_id 319: Too similar to original (35.5% overlap)
2026-08-05 23:53:25,127 - INFO - Rejected chunk_id 779: Too similar to original (40.0% overlap)
2026-08-05 23:53:27,705 - INFO - Rejected chunk_id 2943: Contains repeated words
2026-08-05 23:53:31,501 - INFO - Rejected chunk_id 565: Too similar to original (44.1% overlap)
2026-08-05 23:53:33,404 - INFO - Rejected chunk_id 4450: Too similar to original (38.7% overlap)
2026-08-05 23:53:35,707 - INFO - Rejected chunk_id 268: Too similar to original (33.9% overlap)
2026-08-05 23:53:41,449 - INFO - Rejected chunk_id 883: Too similar to original (45.3% overlap)
2026-08-05 23:53:43,823 - INFO - Rejected chunk_id 4519: Contains 'Figure'
2026-08-05 23:53:47,032 - INFO - Rejected chunk_id 1879: Too similar to original (38.6% overlap)
2026-08-05 23:53:48,653 - INFO - Rejected chunk_id 64: Too similar to original (37.3% overlap)
2026-08-05 23:53:50,383 - INFO - Rejected chunk_id 2225: Too similar to original (36.7% overlap)
2026-08-05 23:53:52,099 - INFO - Rejected chunk_id 937: Contains 'Table'
2026-08-05 23:53:53,933 - INFO - Rejected chunk_id 2857: Too similar to original (50.7% overlap)
2026-08-05 23:53:57,242 - INFO - Rejected chunk_id 1521: Contains 'Figure'
2026-08-05 23:53:59,014 - INFO - Rejected chunk_id 1189: Too similar to original (52.9% overlap)
2026-08-05 23:54:02,487 - INFO - Rejected chunk_id 1471: Too similar to original (50.0% overlap)
2026-08-05 23:54:04,085 - INFO - Rejected chunk_id 564: Too similar to original (43.6% overlap)
2026-08-05 23:54:08,970 - INFO - Rejected chunk_id 1053: Too similar to original (35.2% overlap)
2026-08-05 23:54:11,610 - INFO - Rejected chunk_id 1766: Contains 'Figure'
2026-08-05 23:54:14,692 - INFO - Rejected chunk_id 199: Too similar to original (35.6% overlap)
2026-08-05 23:54:16,936 - INFO - Rejected chunk_id 827: Too similar to original (35.4% overlap)
2026-08-05 23:54:18,271 - INFO - Rejected chunk_id 1609: Too similar to original (39.1% overlap)
2026-08-05 23:54:20,435 - INFO - Rejected chunk_id 2838: Too similar to original (50.0% overlap)
2026-08-05 23:54:22,221 - INFO - Rejected chunk_id 651: Too similar to original (39.3% overlap)
2026-08-05 23:54:23,530 - INFO - Rejected chunk_id 198: Too similar to original (31.2% overlap)
2026-08-05 23:54:24,798 - INFO - Rejected chunk_id 1785: Too similar to original (48.9% overlap)
2026-08-05 23:54:26,653 - INFO - Rejected chunk_id 186: Too similar to original (31.2% overlap)
2026-08-05 23:54:28,626 - INFO - Rejected chunk_id 1986: Too similar to original (46.8% overlap)
2026-08-05 23:54:31,749 - INFO - Rejected chunk_id 362: Too similar to original (43.9% overlap)
2026-08-05 23:54:34,031 - INFO - Rejected chunk_id 2635: Contains 'Table'
2026-08-05 23:54:35,727 - INFO - Rejected chunk_id 1748: Too similar to original (57.6% overlap)
2026-08-05 23:54:39,675 - INFO - Rejected chunk_id 2739: Contains 'Table'
2026-08-05 23:54:41,997 - INFO - Rejected chunk_id 1872: Contains 'Table'
2026-08-05 23:54:43,891 - INFO - Rejected chunk_id 2007: Too similar to original (52.3% overlap)
2026-08-05 23:54:45,543 - INFO - Rejected chunk_id 43: Too similar to original (50.9% overlap)
2026-08-05 23:54:47,158 - INFO - Rejected chunk_id 1495: Too similar to original (43.9% overlap)
2026-08-05 23:54:51,818 - INFO - Rejected chunk_id 147: Contains 'Figure'
2026-08-05 23:54:56,856 - INFO - Rejected chunk_id 84: Too similar to original (43.4% overlap)
2026-08-05 23:55:02,937 - INFO - Rejected chunk_id 1170: Too similar to original (50.7% overlap)
2026-08-05 23:55:04,642 - INFO - Rejected chunk_id 161: Too similar to original (34.4% overlap)
2026-08-05 23:55:06,668 - INFO - Rejected chunk_id 1948: Too similar to original (31.6% overlap)
2026-08-05 23:55:08,857 - INFO - Rejected chunk_id 2261: Too similar to original (43.9% overlap)
2026-08-05 23:55:10,745 - INFO - Rejected chunk_id 4742: Too similar to original (63.0% overlap)
2026-08-05 23:55:12,906 - INFO - Rejected chunk_id 260: Too similar to original (57.6% overlap)
2026-08-05 23:55:14,813 - INFO - Rejected chunk_id 315: Too similar to original (38.8% overlap)
2026-08-05 23:55:16,046 - INFO - Rejected chunk_id 72: Too similar to original (34.0% overlap)
2026-08-05 23:55:20,870 - INFO - Rejected chunk_id 1734: Too similar to original (41.0% overlap)
2026-08-05 23:55:22,921 - INFO - Rejected chunk_id 3931: Too similar to original (35.5% overlap)
2026-08-05 23:55:27,202 - INFO - Rejected chunk_id 1487: Too similar to original (30.4% overlap)
2026-08-05 23:55:29,269 - INFO - Rejected chunk_id 1159: Too similar to original (56.9% overlap)
2026-08-05 23:55:36,307 - INFO - Rejected chunk_id 15: Too similar to original (38.2% overlap)
2026-08-05 23:55:49,284 - INFO - Rejected chunk_id 2182: Contains 'Figure'
2026-08-05 23:55:51,435 - INFO - Rejected chunk_id 767: Too similar to original (62.3% overlap)
2026-08-05 23:55:52,982 - INFO - Rejected chunk_id 193: Too similar to original (33.3% overlap)
2026-08-05 23:55:54,294 - INFO - Rejected chunk_id 41: Too similar to original (50.0% overlap)
2026-08-05 23:55:57,097 - INFO - Rejected chunk_id 1592: Too similar to original (48.3% overlap)
2026-08-05 23:55:59,277 - INFO - Rejected chunk_id 1076: Too similar to original (54.2% overlap)
2026-08-05 23:56:01,071 - INFO - Rejected chunk_id 24: Too similar to original (50.0% overlap)
2026-08-05 23:56:02,600 - INFO - Rejected chunk_id 3073: Contains 'Table'
2026-08-05 23:56:06,368 - INFO - Rejected chunk_id 1978: Too similar to original (45.2% overlap)
2026-08-05 23:56:10,413 - INFO - Rejected chunk_id 2804: Contains 'Table'
2026-08-05 23:56:13,802 - INFO - Rejected chunk_id 488: Too similar to original (48.3% overlap)
2026-08-05 23:56:15,604 - INFO - Rejected chunk_id 2496: Too similar to original (32.3% overlap)
2026-08-05 23:56:16,991 - INFO - Rejected chunk_id 578: Too similar to original (36.8% overlap)
2026-08-05 23:56:20,041 - INFO - Rejected chunk_id 849: Too similar to original (33.3% overlap)
2026-08-05 23:56:21,519 - INFO - Rejected chunk_id 484: Too similar to original (38.2% overlap)
2026-08-05 23:56:23,696 - INFO - Rejected chunk_id 1524: Too similar to original (42.4% overlap)
2026-08-05 23:56:25,135 - INFO - Rejected chunk_id 562: Too similar to original (45.3% overlap)
2026-08-05 23:56:27,145 - INFO - Rejected chunk_id 595: Too similar to original (42.9% overlap)
2026-08-05 23:56:28,661 - INFO - Rejected chunk_id 2412: Too similar to original (33.3% overlap)
2026-08-05 23:56:32,558 - INFO - Rejected chunk_id 6726: Too similar to original (49.2% overlap)
2026-08-05 23:56:38,447 - INFO - Rejected chunk_id 1373: Too similar to original (53.4% overlap)
2026-08-05 23:56:40,165 - INFO - Rejected chunk_id 1980: Too similar to original (45.1% overlap)
2026-08-05 23:56:41,527 - INFO - Rejected chunk_id 93: Too similar to original (38.9% overlap)
2026-08-05 23:56:43,695 - INFO - Rejected chunk_id 6198: Contains 'Table'
2026-08-05 23:56:45,285 - INFO - Rejected chunk_id 1760: Too similar to original (49.2% overlap)
2026-08-05 23:56:51,097 - INFO - Rejected chunk_id 344: Too similar to original (37.9% overlap)
2026-08-05 23:56:53,552 - INFO - Rejected chunk_id 907: Too similar to original (55.6% overlap)
2026-08-05 23:56:55,690 - INFO - Rejected chunk_id 42: Too similar to original (40.5% overlap)
2026-08-05 23:57:01,972 - INFO - Rejected chunk_id 269: Too similar to original (38.5% overlap)
2026-08-05 23:57:04,833 - INFO - Rejected chunk_id 320: Too similar to original (32.3% overlap)
2026-08-05 23:57:14,572 - INFO - Rejected chunk_id 2575: Too similar to original (41.4% overlap)
2026-08-05 23:57:16,909 - INFO - Rejected chunk_id 1428: Too similar to original (32.7% overlap)
2026-08-05 23:57:18,334 - INFO - Rejected chunk_id 1587: Too similar to original (34.1% overlap)
2026-08-05 23:57:19,727 - INFO - Rejected chunk_id 321: Too similar to original (42.5% overlap)
2026-08-05 23:57:27,188 - INFO - Rejected chunk_id 966: Too similar to original (42.7% overlap)
2026-08-05 23:57:28,939 - INFO - Rejected chunk_id 5202: Contains 'Table'
2026-08-05 23:57:31,355 - INFO - Rejected chunk_id 262: Too similar to original (38.1% overlap)
2026-08-05 23:57:33,910 - INFO - Rejected chunk_id 1278: Too similar to original (32.3% overlap)
2026-08-05 23:57:35,464 - INFO - Rejected chunk_id 15: Too similar to original (50.9% overlap)
2026-08-05 23:57:39,622 - INFO - Rejected chunk_id 5920: Contains 'Figure'
2026-08-05 23:57:43,127 - INFO - Rejected chunk_id 1013: Too similar to original (36.0% overlap)
2026-08-05 23:57:46,820 - INFO - Rejected chunk_id 575: Too similar to original (37.7% overlap)
2026-08-05 23:57:48,537 - INFO - Rejected chunk_id 752: Too similar to original (36.4% overlap)
2026-08-05 23:57:50,936 - INFO - Rejected chunk_id 5157: Too similar to original (43.1% overlap)
2026-08-05 23:57:53,377 - INFO - Rejected chunk_id 1612: Too similar to original (51.6% overlap)
2026-08-05 23:57:58,953 - INFO - Rejected chunk_id 2888: Too similar to original (43.4% overlap)
2026-08-05 23:58:00,609 - INFO - Rejected chunk_id 2334: Too similar to original (44.4% overlap)
2026-08-05 23:58:05,949 - INFO - Rejected chunk_id 1789: Too similar to original (32.9% overlap)
2026-08-05 23:58:10,542 - INFO - Rejected chunk_id 2889: Too similar to original (50.8% overlap)
2026-08-05 23:58:12,417 - INFO - Rejected chunk_id 4441: Too similar to original (56.2% overlap)
2026-08-05 23:58:14,587 - INFO - Rejected chunk_id 2635: Too similar to original (50.0% overlap)
2026-08-05 23:58:16,577 - INFO - Rejected chunk_id 631: Too similar to original (42.9% overlap)
2026-08-05 23:58:18,277 - INFO - Rejected chunk_id 260: Too similar to original (42.6% overlap)
2026-08-05 23:58:20,267 - INFO - Rejected chunk_id 922: Contains 'Table'
2026-08-05 23:58:21,799 - INFO - Rejected chunk_id 139: Too similar to original (46.0% overlap)
2026-08-05 23:58:25,536 - INFO - Rejected chunk_id 2259: Too similar to original (47.8% overlap)
2026-08-05 23:58:30,219 - INFO - Rejected chunk_id 855: Too similar to original (45.0% overlap)
2026-08-05 23:58:32,626 - INFO - Rejected chunk_id 938: Too similar to original (39.1% overlap)
2026-08-05 23:58:34,919 - INFO - Rejected chunk_id 31: Too similar to original (41.0% overlap)
2026-08-05 23:58:36,703 - INFO - Rejected chunk_id 1058: Too similar to original (64.1% overlap)
2026-08-05 23:58:39,022 - INFO - Rejected chunk_id 262: Too similar to original (35.6% overlap)
2026-08-05 23:58:40,961 - INFO - Rejected chunk_id 46: Too similar to original (30.1% overlap)
2026-08-05 23:58:47,927 - INFO - Rejected chunk_id 4791: Contains 'Figure'
2026-08-05 23:58:49,435 - INFO - Rejected chunk_id 947: Too similar to original (38.6% overlap)
2026-08-05 23:58:52,783 - INFO - Rejected chunk_id 1339: Contains 'Table'
2026-08-05 23:58:55,469 - INFO - Rejected chunk_id 583: Too similar to original (52.2% overlap)
2026-08-05 23:58:57,013 - INFO - Rejected chunk_id 103: Too similar to original (34.0% overlap)
2026-08-05 23:59:03,191 - INFO - Rejected chunk_id 902: Too similar to original (50.0% overlap)
2026-08-05 23:59:05,667 - INFO - Rejected chunk_id 972: Too similar to original (55.1% overlap)
2026-08-05 23:59:11,831 - INFO - Rejected chunk_id 5898: Contains 'Table'
2026-08-05 23:59:15,141 - INFO - Rejected chunk_id 249: Too similar to original (39.7% overlap)
2026-08-05 23:59:20,519 - INFO - Rejected chunk_id 3258: Contains 'Figure'
2026-08-05 23:59:22,877 - INFO - Rejected chunk_id 5942: Contains 'Table'
2026-08-05 23:59:27,359 - INFO - Rejected chunk_id 3814: Too similar to original (32.9% overlap)
2026-08-05 23:59:31,176 - INFO - Rejected chunk_id 1068: Too similar to original (50.0% overlap)
2026-08-05 23:59:38,305 - INFO - Rejected chunk_id 362: Too similar to original (45.5% overlap)
2026-08-05 23:59:40,404 - INFO - Rejected chunk_id 5465: Too similar to original (39.7% overlap)
2026-08-05 23:59:44,143 - INFO - Rejected chunk_id 21: Too similar to original (40.3% overlap)
2026-08-05 23:59:48,064 - INFO - Rejected chunk_id 751: Too similar to original (43.8% overlap)
2026-08-05 23:59:52,368 - INFO - Rejected chunk_id 7295: Too similar to original (31.1% overlap)
2026-08-05 23:59:55,783 - INFO - Rejected chunk_id 472: Too similar to original (40.9% overlap)
2026-08-05 23:59:57,339 - INFO - Rejected chunk_id 2153: Too similar to original (51.1% overlap)
2026-08-06 00:00:02,238 - INFO - Rejected chunk_id 1757: Too similar to original (48.5% overlap)
2026-08-06 00:00:06,357 - INFO - Rejected chunk_id 2687: Too similar to original (49.3% overlap)
2026-08-06 00:00:08,209 - INFO - Rejected chunk_id 189: Too similar to original (30.4% overlap)
2026-08-06 00:00:10,446 - INFO - Rejected chunk_id 615: Too similar to original (43.5% overlap)
2026-08-06 00:00:13,541 - INFO - Rejected chunk_id 1071: Too similar to original (33.8% overlap)
2026-08-06 00:00:14,992 - INFO - Rejected chunk_id 49: Too similar to original (30.9% overlap)
2026-08-06 00:00:21,293 - INFO - Rejected chunk_id 245: Too similar to original (53.3% overlap)
2026-08-06 00:00:23,776 - INFO - Rejected chunk_id 1505: Too similar to original (49.1% overlap)
2026-08-06 00:00:25,464 - INFO - Rejected chunk_id 2187: Too similar to original (48.3% overlap)
2026-08-06 00:00:27,035 - INFO - Rejected chunk_id 392: Too similar to original (46.3% overlap)
2026-08-06 00:00:29,277 - INFO - Rejected chunk_id 5205: Too similar to original (43.5% overlap)
2026-08-06 00:00:32,005 - INFO - Rejected chunk_id 35: Too similar to original (42.4% overlap)
2026-08-06 00:00:39,418 - INFO - Rejected chunk_id 457: Too similar to original (35.3% overlap)
2026-08-06 00:00:45,152 - INFO - Rejected chunk_id 2868: Too similar to original (48.5% overlap)
2026-08-06 00:00:50,484 - INFO - Rejected chunk_id 1277: Contains 'Table'
2026-08-06 00:00:52,570 - INFO - Rejected chunk_id 516: Too similar to original (48.3% overlap)
2026-08-06 00:00:54,262 - INFO - Rejected chunk_id 787: Too similar to original (38.3% overlap)
2026-08-06 00:00:56,153 - INFO - Rejected chunk_id 2833: Too similar to original (61.7% overlap)
2026-08-06 00:00:57,823 - INFO - Rejected chunk_id 2493: Too similar to original (50.0% overlap)
2026-08-06 00:01:00,624 - INFO - Rejected chunk_id 165: Too similar to original (32.1% overlap)
2026-08-06 00:01:02,913 - INFO - Rejected chunk_id 368: Too similar to original (44.3% overlap)
2026-08-06 00:01:05,197 - INFO - Rejected chunk_id 1181: Too similar to original (37.1% overlap)
2026-08-06 00:01:06,713 - INFO - Rejected chunk_id 220: Too similar to original (44.4% overlap)
2026-08-06 00:01:10,477 - INFO - Rejected chunk_id 5996: Contains 'Figure'
2026-08-06 00:01:12,809 - INFO - Rejected chunk_id 1158: Too similar to original (56.4% overlap)
2026-08-06 00:01:14,977 - INFO - Rejected chunk_id 1901: Too similar to original (38.0% overlap)
2026-08-06 00:01:16,594 - INFO - Rejected chunk_id 2035: Too similar to original (47.8% overlap)
2026-08-06 00:01:18,547 - INFO - Rejected chunk_id 134: Too similar to original (50.9% overlap)
2026-08-06 00:01:20,569 - INFO - Rejected chunk_id 173: Too similar to original (33.9% overlap)
2026-08-06 00:01:25,797 - INFO - Rejected chunk_id 205: Too similar to original (43.5% overlap)
2026-08-06 00:01:28,308 - INFO - Rejected chunk_id 3614: Contains 'Table'
2026-08-06 00:01:37,495 - INFO - Rejected chunk_id 1028: Too similar to original (38.6% overlap)
2026-08-06 00:01:41,305 - INFO - Rejected chunk_id 2671: Too similar to original (37.0% overlap)
2026-08-06 00:01:43,138 - INFO - Rejected chunk_id 100: Too similar to original (31.0% overlap)
2026-08-06 00:01:44,984 - INFO - Rejected chunk_id 1568: Too similar to original (41.7% overlap)
2026-08-06 00:01:47,167 - INFO - Rejected chunk_id 384: Too similar to original (38.8% overlap)
2026-08-06 00:01:49,017 - INFO - Rejected chunk_id 1364: Too similar to original (35.2% overlap)
2026-08-06 00:01:50,876 - INFO - Rejected chunk_id 176: Too similar to original (42.6% overlap)
2026-08-06 00:01:57,136 - INFO - Rejected chunk_id 84: Too similar to original (38.2% overlap)
2026-08-06 00:02:00,584 - INFO - Rejected chunk_id 971: Too similar to original (44.9% overlap)
2026-08-06 00:02:03,479 - INFO - Rejected chunk_id 6047: Contains 'Table'
2026-08-06 00:02:09,694 - INFO - Rejected chunk_id 2330: Too similar to original (48.4% overlap)
2026-08-06 00:02:12,222 - INFO - Rejected chunk_id 4500: Too similar to original (40.3% overlap)
2026-08-06 00:02:13,920 - INFO - Rejected chunk_id 2936: Too similar to original (40.0% overlap)
2026-08-06 00:02:15,790 - INFO - Rejected chunk_id 305: Too similar to original (60.0% overlap)
2026-08-06 00:02:19,358 - INFO - Rejected chunk_id 2438: Too similar to original (44.0% overlap)
2026-08-06 00:02:22,427 - INFO - Rejected chunk_id 1099: Too similar to original (47.3% overlap)
2026-08-06 00:02:29,950 - INFO - Rejected chunk_id 83: Too similar to original (50.0% overlap)
2026-08-06 00:02:34,332 - INFO - Rejected chunk_id 4556: Contains 'Table'
2026-08-06 00:02:36,122 - INFO - Rejected chunk_id 1658: Too similar to original (49.2% overlap)
2026-08-06 00:02:40,326 - INFO - Rejected chunk_id 578: Too similar to original (60.7% overlap)
2026-08-06 00:02:41,757 - INFO - Rejected chunk_id 49: Too similar to original (48.3% overlap)
2026-08-06 00:02:43,352 - INFO - Rejected chunk_id 1864: Too similar to original (57.1% overlap)
2026-08-06 00:02:46,128 - INFO - Rejected chunk_id 1675: Too similar to original (30.9% overlap)
2026-08-06 00:02:48,754 - INFO - Rejected chunk_id 1212: Too similar to original (63.3% overlap)
2026-08-06 00:02:52,995 - INFO - Rejected chunk_id 3089: Contains 'Figure'
2026-08-06 00:02:54,632 - INFO - Rejected chunk_id 305: Too similar to original (33.9% overlap)
2026-08-06 00:02:56,822 - INFO - Rejected chunk_id 1520: Too similar to original (37.5% overlap)
2026-08-06 00:02:58,620 - INFO - Rejected chunk_id 1060: Contains 'Figure'
2026-08-06 00:03:01,344 - INFO - Rejected chunk_id 350: Contains 'Figure'
2026-08-06 00:03:03,007 - INFO - Rejected chunk_id 2659: Too similar to original (48.2% overlap)
2026-08-06 00:03:06,544 - INFO - Rejected chunk_id 1904: Too similar to original (40.7% overlap)
2026-08-06 00:03:08,439 - INFO - Rejected chunk_id 136: Too similar to original (36.4% overlap)
2026-08-06 00:03:09,813 - INFO - Rejected chunk_id 36: Too similar to original (34.0% overlap)
2026-08-06 00:03:12,834 - INFO - Rejected chunk_id 4397: Too similar to original (32.8% overlap)
2026-08-06 00:03:16,510 - INFO - Rejected chunk_id 2840: Too similar to original (52.4% overlap)
2026-08-06 00:03:19,307 - INFO - Rejected chunk_id 2658: Too similar to original (55.6% overlap)
2026-08-06 00:03:21,297 - INFO - Rejected chunk_id 4271: Contains 'Table'
2026-08-06 00:03:23,247 - INFO - Rejected chunk_id 2180: Too similar to original (46.6% overlap)
2026-08-06 00:03:25,851 - INFO - Rejected chunk_id 2035: Contains 'Table'
2026-08-06 00:03:32,530 - INFO - Rejected chunk_id 2470: Too similar to original (50.8% overlap)
2026-08-06 00:03:34,252 - INFO - Rejected chunk_id 52: Too similar to original (32.8% overlap)
2026-08-06 00:03:37,926 - INFO - Rejected chunk_id 359: Too similar to original (48.3% overlap)
2026-08-06 00:03:45,352 - INFO - Rejected chunk_id 149: Too similar to original (44.3% overlap)
2026-08-06 00:03:47,222 - INFO - Rejected chunk_id 460: Too similar to original (41.0% overlap)
2026-08-06 00:03:49,232 - INFO - Rejected chunk_id 63: Too similar to original (32.4% overlap)
2026-08-06 00:03:53,718 - INFO - Rejected chunk_id 5224: Too similar to original (36.2% overlap)
2026-08-06 00:03:57,303 - INFO - Rejected chunk_id 2538: Too similar to original (50.0% overlap)
2026-08-06 00:03:58,755 - INFO - Rejected chunk_id 1774: Too similar to original (42.6% overlap)
2026-08-06 00:04:01,222 - INFO - Rejected chunk_id 5036: Too similar to original (32.7% overlap)
2026-08-06 00:04:07,120 - INFO - Rejected chunk_id 1043: Too similar to original (31.0% overlap)
2026-08-06 00:04:09,032 - INFO - Rejected chunk_id 592: Too similar to original (41.2% overlap)
2026-08-06 00:04:10,891 - INFO - Rejected chunk_id 1253: Too similar to original (40.0% overlap)
2026-08-06 00:04:13,616 - INFO - Rejected chunk_id 2745: Too similar to original (51.4% overlap)
2026-08-06 00:04:15,181 - INFO - Rejected chunk_id 234: Too similar to original (37.7% overlap)
2026-08-06 00:04:17,337 - INFO - Rejected chunk_id 4705: Contains 'Table'
2026-08-06 00:04:19,515 - INFO - Rejected chunk_id 768: Too similar to original (39.0% overlap)
2026-08-06 00:04:33,523 - INFO - Rejected chunk_id 2161: Too similar to original (34.3% overlap)
2026-08-06 00:04:40,569 - INFO - Rejected chunk_id 636: Too similar to original (50.0% overlap)
2026-08-06 00:04:42,195 - INFO - Rejected chunk_id 428: Too similar to original (44.4% overlap)
2026-08-06 00:04:44,451 - INFO - Rejected chunk_id 982: Too similar to original (33.8% overlap)
2026-08-06 00:04:47,754 - INFO - Rejected chunk_id 1302: Too similar to original (39.0% overlap)
2026-08-06 00:04:49,365 - INFO - Rejected chunk_id 1154: Too similar to original (34.0% overlap)
2026-08-06 00:04:53,089 - INFO - Rejected chunk_id 5803: Contains 'Table'
2026-08-06 00:04:54,532 - INFO - Rejected chunk_id 124: Too similar to original (33.3% overlap)
2026-08-06 00:04:57,616 - INFO - Rejected chunk_id 2171: Too similar to original (32.8% overlap)
2026-08-06 00:05:00,556 - INFO - Rejected chunk_id 876: Contains 'Figure'
2026-08-06 00:05:02,050 - INFO - Rejected chunk_id 609: Too similar to original (41.7% overlap)
2026-08-06 00:05:04,496 - INFO - Rejected chunk_id 471: Too similar to original (49.0% overlap)
2026-08-06 00:05:10,589 - INFO - Rejected chunk_id 668: Too similar to original (37.0% overlap)
2026-08-06 00:05:13,425 - INFO - Rejected chunk_id 2688: Too similar to original (44.2% overlap)
2026-08-06 00:05:15,484 - INFO - Rejected chunk_id 876: Too similar to original (36.0% overlap)
2026-08-06 00:05:17,551 - INFO - Rejected chunk_id 999: Too similar to original (45.3% overlap)
2026-08-06 00:05:20,436 - INFO - Rejected chunk_id 1587: Too similar to original (40.7% overlap)
2026-08-06 00:05:24,389 - INFO - Rejected chunk_id 1019: Too similar to original (52.1% overlap)
2026-08-06 00:05:31,691 - INFO - Rejected chunk_id 516: Too similar to original (52.7% overlap)
2026-08-06 00:05:33,633 - INFO - Rejected chunk_id 2560: Too similar to original (48.4% overlap)
2026-08-06 00:05:38,353 - INFO - Rejected chunk_id 5829: Contains 'Table'
2026-08-06 00:05:40,418 - INFO - Rejected chunk_id 230: Too similar to original (37.5% overlap)
2026-08-06 00:05:44,899 - INFO - Rejected chunk_id 176: Contains 'Table'
2026-08-06 00:05:50,159 - INFO - Rejected chunk_id 41: Contains 'Figure'
2026-08-06 00:05:56,574 - INFO - Rejected chunk_id 216: Too similar to original (33.8% overlap)
2026-08-06 00:05:58,616 - INFO - Rejected chunk_id 2907: Too similar to original (49.3% overlap)
2026-08-06 00:06:01,328 - INFO - Rejected chunk_id 518: Too similar to original (52.5% overlap)
2026-08-06 00:06:03,150 - INFO - Rejected chunk_id 4184: Contains 'Table'
2026-08-06 00:06:05,069 - INFO - Rejected chunk_id 389: Too similar to original (36.5% overlap)
2026-08-06 00:06:06,460 - INFO - Rejected chunk_id 1498: Too similar to original (60.0% overlap)
2026-08-06 00:06:11,707 - INFO - Rejected chunk_id 2476: Too similar to original (40.3% overlap)
2026-08-06 00:06:13,346 - INFO - Rejected chunk_id 133: Too similar to original (38.8% overlap)
2026-08-06 00:06:15,138 - INFO - Rejected chunk_id 1386: Too similar to original (46.8% overlap)
2026-08-06 00:06:18,645 - INFO - Rejected chunk_id 85: Too similar to original (52.0% overlap)
2026-08-06 00:06:20,107 - INFO - Rejected chunk_id 426: Too similar to original (39.6% overlap)
2026-08-06 00:06:27,910 - INFO - Rejected chunk_id 335: Contains 'Figure'
2026-08-06 00:06:29,695 - INFO - Rejected chunk_id 71: Too similar to original (42.1% overlap)
2026-08-06 00:06:31,257 - INFO - Rejected chunk_id 2679: Too similar to original (38.9% overlap)
2026-08-06 00:06:33,433 - INFO - Rejected chunk_id 196: Too similar to original (40.9% overlap)
2026-08-06 00:06:35,412 - INFO - Rejected chunk_id 704: Too similar to original (72.6% overlap)
2026-08-06 00:06:42,737 - INFO - Rejected chunk_id 1700: Contains 'Figure'
2026-08-06 00:06:47,854 - INFO - Rejected chunk_id 402: Contains 'Figure'
2026-08-06 00:06:52,760 - INFO - Rejected chunk_id 234: Too similar to original (45.9% overlap)
2026-08-06 00:06:59,031 - INFO - Rejected chunk_id 30: Too similar to original (45.6% overlap)
2026-08-06 00:07:00,775 - INFO - Rejected chunk_id 2560: Contains 'Table'
2026-08-06 00:07:04,146 - INFO - Rejected chunk_id 2456: Too similar to original (56.9% overlap)
2026-08-06 00:07:10,198 - INFO - Rejected chunk_id 1644: Too similar to original (48.4% overlap)
2026-08-06 00:07:14,559 - INFO - Rejected chunk_id 1051: Too similar to original (46.2% overlap)
2026-08-06 00:07:17,533 - INFO - Rejected chunk_id 285: Contains 'Figure'
2026-08-06 00:07:19,998 - INFO - Rejected chunk_id 1281: Too similar to original (48.3% overlap)
2026-08-06 00:07:25,437 - INFO - Rejected chunk_id 1165: Contains 'Figure'
2026-08-06 00:07:31,113 - INFO - Rejected chunk_id 240: Too similar to original (38.6% overlap)
2026-08-06 00:07:32,650 - INFO - Rejected chunk_id 2886: Too similar to original (41.8% overlap)
2026-08-06 00:07:34,513 - INFO - Rejected chunk_id 1750: Too similar to original (41.7% overlap)
2026-08-06 00:07:38,222 - INFO - Rejected chunk_id 1437: Too similar to original (53.4% overlap)
2026-08-06 00:07:42,244 - INFO - Rejected chunk_id 698: Contains 'Table'
2026-08-06 00:07:45,708 - INFO - Rejected chunk_id 5458: Contains 'Table'
2026-08-06 00:07:50,164 - INFO - Rejected chunk_id 2917: Too similar to original (49.2% overlap)
2026-08-06 00:08:00,320 - INFO - Rejected chunk_id 493: Too similar to original (37.7% overlap)
2026-08-06 00:08:02,485 - INFO - Rejected chunk_id 1578: Too similar to original (46.4% overlap)
2026-08-06 00:08:04,775 - INFO - Rejected chunk_id 252: Too similar to original (39.1% overlap)
2026-08-06 00:08:11,047 - INFO - Rejected chunk_id 1671: Too similar to original (50.0% overlap)
2026-08-06 00:08:12,853 - INFO - Rejected chunk_id 1416: Too similar to original (30.5% overlap)
2026-08-06 00:08:14,676 - INFO - Rejected chunk_id 595: Too similar to original (42.9% overlap)
2026-08-06 00:08:19,326 - INFO - Rejected chunk_id 1159: Too similar to original (48.6% overlap)
2026-08-06 00:08:21,384 - INFO - Rejected chunk_id 1682: Too similar to original (40.3% overlap)
2026-08-06 00:08:23,352 - INFO - Rejected chunk_id 1494: Too similar to original (44.1% overlap)
2026-08-06 00:08:29,849 - INFO - Rejected chunk_id 818: Too similar to original (37.3% overlap)
2026-08-06 00:08:32,288 - INFO - Rejected chunk_id 4503: Too similar to original (34.7% overlap)
2026-08-06 00:08:34,701 - INFO - Rejected chunk_id 1986: Too similar to original (36.1% overlap)
2026-08-06 00:08:38,450 - INFO - Rejected chunk_id 4756: Contains 'Table'
2026-08-06 00:08:40,290 - INFO - Rejected chunk_id 7372: Contains 'Table'
2026-08-06 00:08:42,072 - INFO - Rejected chunk_id 974: Too similar to original (31.3% overlap)
2026-08-06 00:08:49,127 - INFO - Rejected chunk_id 5655: Too similar to original (32.8% overlap)
2026-08-06 00:08:53,658 - INFO - Rejected chunk_id 381: Too similar to original (49.2% overlap)
2026-08-06 00:08:55,323 - INFO - Rejected chunk_id 1337: Too similar to original (57.1% overlap)
2026-08-06 00:08:57,287 - INFO - Rejected chunk_id 2770: Too similar to original (31.0% overlap)
2026-08-06 00:09:00,507 - INFO - Rejected chunk_id 5954: Too similar to original (48.4% overlap)
2026-08-06 00:09:02,626 - INFO - Rejected chunk_id 57: Too similar to original (34.7% overlap)
2026-08-06 00:09:04,453 - INFO - Rejected chunk_id 377: Too similar to original (45.5% overlap)
2026-08-06 00:09:11,808 - INFO - Rejected chunk_id 1485: Too similar to original (42.4% overlap)
2026-08-06 00:09:14,292 - INFO - Rejected chunk_id 986: Too similar to original (44.1% overlap)
2026-08-06 00:09:17,646 - INFO - Rejected chunk_id 85: Too similar to original (45.6% overlap)
2026-08-06 00:09:19,416 - INFO - Rejected chunk_id 53: Too similar to original (31.1% overlap)
2026-08-06 00:09:25,022 - INFO - Rejected chunk_id 563: Too similar to original (49.0% overlap)
2026-08-06 00:09:26,943 - INFO - Rejected chunk_id 877: Too similar to original (42.9% overlap)
2026-08-06 00:09:38,549 - INFO - Rejected chunk_id 7563: Contains 'Figure'
2026-08-06 00:09:41,463 - INFO - Rejected chunk_id 1035: Too similar to original (54.5% overlap)
2026-08-06 00:09:43,387 - INFO - Rejected chunk_id 2789: Too similar to original (37.5% overlap)
2026-08-06 00:09:45,599 - INFO - Rejected chunk_id 2622: Too similar to original (35.5% overlap)
2026-08-06 00:09:47,944 - INFO - Rejected chunk_id 384: Too similar to original (34.3% overlap)
2026-08-06 00:09:50,314 - INFO - Rejected chunk_id 3063: Contains 'Figure'
2026-08-06 00:09:52,897 - INFO - Rejected chunk_id 72: Too similar to original (34.6% overlap)
2026-08-06 00:09:54,652 - INFO - Rejected chunk_id 6739: Too similar to original (32.1% overlap)
2026-08-06 00:09:58,101 - INFO - Rejected chunk_id 2758: Too similar to original (39.7% overlap)
2026-08-06 00:10:02,797 - INFO - Rejected chunk_id 93: Too similar to original (56.9% overlap)
2026-08-06 00:10:04,543 - INFO - Rejected chunk_id 329: Too similar to original (38.5% overlap)
2026-08-06 00:10:07,252 - INFO - Rejected chunk_id 1096: Too similar to original (41.8% overlap)
2026-08-06 00:10:09,066 - INFO - Rejected chunk_id 6327: Contains 'Table'
2026-08-06 00:10:10,986 - INFO - Rejected chunk_id 39: Too similar to original (31.7% overlap)
2026-08-06 00:10:12,672 - INFO - Rejected chunk_id 390: Too similar to original (43.3% overlap)
2026-08-06 00:10:14,666 - INFO - Rejected chunk_id 2143: Too similar to original (71.2% overlap)
2026-08-06 00:10:16,259 - INFO - Rejected chunk_id 165: Contains 'Figure'
2026-08-06 00:10:18,469 - INFO - Rejected chunk_id 186: Too similar to original (38.4% overlap)
2026-08-06 00:10:19,953 - INFO - Rejected chunk_id 1040: Too similar to original (40.7% overlap)
2026-08-06 00:10:21,732 - INFO - Rejected chunk_id 23: Too similar to original (30.2% overlap)
2026-08-06 00:10:23,721 - INFO - Rejected chunk_id 5891: Too similar to original (36.0% overlap)
2026-08-06 00:10:26,121 - INFO - Rejected chunk_id 614: Too similar to original (38.0% overlap)
2026-08-06 00:10:28,470 - INFO - Rejected chunk_id 375: Too similar to original (43.1% overlap)
2026-08-06 00:10:33,946 - INFO - Rejected chunk_id 2854: Too similar to original (35.2% overlap)
2026-08-06 00:10:38,393 - INFO - Rejected chunk_id 1898: Too similar to original (49.2% overlap)
2026-08-06 00:10:40,028 - INFO - Rejected chunk_id 132: Too similar to original (31.2% overlap)
2026-08-06 00:10:41,216 - INFO - Rejected chunk_id 1528: Too similar to original (34.9% overlap)
2026-08-06 00:10:42,658 - INFO - Rejected chunk_id 2186: Contains 'Figure'
2026-08-06 00:10:44,460 - INFO - Rejected chunk_id 101: Too similar to original (58.5% overlap)
2026-08-06 00:10:49,074 - INFO - Rejected chunk_id 2026: Too similar to original (45.0% overlap)
2026-08-06 00:10:50,629 - INFO - Rejected chunk_id 812: Too similar to original (38.7% overlap)
2026-08-06 00:10:52,338 - INFO - Rejected chunk_id 1536: Too similar to original (34.8% overlap)
2026-08-06 00:10:56,043 - INFO - Rejected chunk_id 2029: Too similar to original (41.7% overlap)
2026-08-06 00:11:00,832 - INFO - Rejected chunk_id 2355: Too similar to original (50.9% overlap)
2026-08-06 00:11:02,404 - INFO - Rejected chunk_id 62: Too similar to original (58.9% overlap)
2026-08-06 00:11:04,073 - INFO - Rejected chunk_id 31: Too similar to original (33.3% overlap)
2026-08-06 00:11:05,429 - INFO - Rejected chunk_id 885: Too similar to original (43.6% overlap)
2026-08-06 00:11:07,004 - INFO - Rejected chunk_id 1213: Too similar to original (32.2% overlap)
2026-08-06 00:11:09,991 - INFO - Rejected chunk_id 9: Too similar to original (38.2% overlap)
2026-08-06 00:11:11,451 - INFO - Rejected chunk_id 2185: Too similar to original (32.1% overlap)
2026-08-06 00:11:14,646 - INFO - Rejected chunk_id 655: Too similar to original (45.5% overlap)
2026-08-06 00:11:16,112 - INFO - Rejected chunk_id 1027: Too similar to original (39.6% overlap)
2026-08-06 00:11:19,536 - INFO - Rejected chunk_id 970: Contains 'Table'
2026-08-06 00:11:25,988 - INFO - Rejected chunk_id 4459: Too similar to original (32.3% overlap)
2026-08-06 00:11:31,358 - INFO - Rejected chunk_id 2722: Too similar to original (33.8% overlap)
2026-08-06 00:11:33,349 - INFO - Rejected chunk_id 1036: Too similar to original (54.1% overlap)
2026-08-06 00:11:37,371 - INFO - Rejected chunk_id 790: Too similar to original (41.9% overlap)
2026-08-06 00:11:44,765 - INFO - Rejected chunk_id 16: Too similar to original (30.9% overlap)
2026-08-06 00:11:50,119 - INFO - Rejected chunk_id 814: Too similar to original (35.3% overlap)
2026-08-06 00:11:57,401 - INFO - Rejected chunk_id 2232: Too similar to original (39.4% overlap)
2026-08-06 00:11:59,284 - INFO - Rejected chunk_id 2473: Too similar to original (37.0% overlap)
2026-08-06 00:12:02,073 - INFO - Rejected chunk_id 1085: Too similar to original (45.3% overlap)
2026-08-06 00:12:05,990 - INFO - Rejected chunk_id 3865: Contains 'Table'
2026-08-06 00:12:07,753 - INFO - Rejected chunk_id 382: Too similar to original (36.9% overlap)
2026-08-06 00:12:13,970 - INFO - Rejected chunk_id 966: Too similar to original (33.3% overlap)
2026-08-06 00:12:16,503 - INFO - Rejected chunk_id 7213: Contains 'Table'
2026-08-06 00:12:19,084 - INFO - Rejected chunk_id 27: Too similar to original (50.7% overlap)
2026-08-06 00:12:20,925 - INFO - Rejected chunk_id 91: Too similar to original (48.0% overlap)
2026-08-06 00:12:25,655 - INFO - Rejected chunk_id 47: Too similar to original (30.5% overlap)
2026-08-06 00:12:27,474 - INFO - Rejected chunk_id 1330: Too similar to original (33.8% overlap)
2026-08-06 00:12:35,719 - INFO - Rejected chunk_id 1223: Too similar to original (39.3% overlap)
2026-08-06 00:12:41,043 - INFO - Rejected chunk_id 398: Too similar to original (38.6% overlap)
2026-08-06 00:12:42,464 - INFO - Rejected chunk_id 119: Too similar to original (53.7% overlap)
2026-08-06 00:12:46,976 - INFO - Rejected chunk_id 2519: Too similar to original (40.6% overlap)
2026-08-06 00:12:53,141 - INFO - Rejected chunk_id 6027: Too similar to original (30.4% overlap)
2026-08-06 00:12:57,180 - INFO - Rejected chunk_id 1064: Too similar to original (47.2% overlap)
2026-08-06 00:12:59,510 - INFO - Rejected chunk_id 2654: Contains 'Table'
2026-08-06 00:13:03,931 - INFO - Rejected chunk_id 715: Contains 'Figure'
2026-08-06 00:13:05,507 - INFO - Rejected chunk_id 1094: Too similar to original (31.7% overlap)
2026-08-06 00:13:10,309 - INFO - Rejected chunk_id 2849: Contains 'Table'
2026-08-06 00:13:14,755 - INFO - Rejected chunk_id 7658: Contains 'Figure'
2026-08-06 00:13:17,283 - INFO - Rejected chunk_id 495: Too similar to original (44.3% overlap)
2026-08-06 00:13:19,328 - INFO - Rejected chunk_id 197: Too similar to original (34.8% overlap)
2026-08-06 00:13:23,077 - INFO - Rejected chunk_id 1863: Too similar to original (66.7% overlap)
2026-08-06 00:13:27,770 - INFO - Rejected chunk_id 1813: Too similar to original (33.3% overlap)
2026-08-06 00:13:31,492 - INFO - Rejected chunk_id 410: Too similar to original (49.2% overlap)
2026-08-06 00:13:33,877 - INFO - Rejected chunk_id 649: Too similar to original (33.8% overlap)
2026-08-06 00:13:36,703 - INFO - Rejected chunk_id 404: Too similar to original (35.2% overlap)
2026-08-06 00:13:41,986 - INFO - Rejected chunk_id 1263: Too similar to original (44.6% overlap)
2026-08-06 00:13:43,615 - INFO - Rejected chunk_id 2084: Too similar to original (40.0% overlap)
2026-08-06 00:13:47,249 - INFO - Rejected chunk_id 1657: Too similar to original (44.1% overlap)
2026-08-06 00:13:48,995 - INFO - Rejected chunk_id 5638: Contains 'Table'
2026-08-06 00:13:50,683 - INFO - Rejected chunk_id 2754: Too similar to original (45.5% overlap)
2026-08-06 00:13:55,013 - INFO - Rejected chunk_id 315: Too similar to original (30.8% overlap)
2026-08-06 00:14:08,653 - INFO - Rejected chunk_id 2874: Too similar to original (32.4% overlap)
2026-08-06 00:14:10,770 - INFO - Rejected chunk_id 1034: Too similar to original (47.9% overlap)
2026-08-06 00:14:12,498 - INFO - Rejected chunk_id 60: Too similar to original (33.3% overlap)
2026-08-06 00:14:14,653 - INFO - Rejected chunk_id 6821: Too similar to original (37.5% overlap)
2026-08-06 00:14:22,813 - INFO - Rejected chunk_id 2241: Contains 'Table'
2026-08-06 00:14:26,360 - INFO - Rejected chunk_id 2763: Too similar to original (31.7% overlap)
2026-08-06 00:14:27,853 - INFO - Rejected chunk_id 1857: Too similar to original (39.3% overlap)
2026-08-06 00:14:29,198 - INFO - Rejected chunk_id 345: Too similar to original (38.8% overlap)
2026-08-06 00:14:31,456 - INFO - Rejected chunk_id 158: Too similar to original (35.8% overlap)
2026-08-06 00:14:32,988 - INFO - Rejected chunk_id 826: Too similar to original (42.1% overlap)
2026-08-06 00:14:35,049 - INFO - Rejected chunk_id 1246: Too similar to original (41.7% overlap)
2026-08-06 00:14:37,395 - INFO - Rejected chunk_id 4367: Too similar to original (31.8% overlap)
2026-08-06 00:14:40,309 - INFO - Rejected chunk_id 544: Too similar to original (46.6% overlap)
2026-08-06 00:14:41,671 - INFO - Rejected chunk_id 653: Too similar to original (32.1% overlap)
2026-08-06 00:14:44,045 - INFO - Rejected chunk_id 758: Too similar to original (34.4% overlap)
2026-08-06 00:14:45,762 - INFO - Rejected chunk_id 1844: Too similar to original (57.4% overlap)
2026-08-06 00:14:48,861 - INFO - Rejected chunk_id 2452: Contains 'Table'
2026-08-06 00:14:52,315 - INFO - Rejected chunk_id 697: Too similar to original (66.0% overlap)
2026-08-06 00:14:54,810 - INFO - Rejected chunk_id 897: Too similar to original (39.7% overlap)
2026-08-06 00:14:56,399 - INFO - Rejected chunk_id 2465: Too similar to original (49.1% overlap)
2026-08-06 00:14:58,081 - INFO - Rejected chunk_id 1434: Too similar to original (37.5% overlap)
2026-08-06 00:14:59,428 - INFO - Rejected chunk_id 1010: Too similar to original (41.1% overlap)
2026-08-06 00:15:00,940 - INFO - Rejected chunk_id 63: Too similar to original (33.9% overlap)
2026-08-06 00:15:02,562 - INFO - Rejected chunk_id 739: Too similar to original (42.1% overlap)
2026-08-06 00:15:04,155 - INFO - Rejected chunk_id 919: Contains 'Figure'
2026-08-06 00:15:06,385 - INFO - Rejected chunk_id 5685: Contains 'Table'
2026-08-06 00:15:08,791 - INFO - Rejected chunk_id 2678: Too similar to original (30.9% overlap)
2026-08-06 00:15:10,888 - INFO - Rejected chunk_id 268: Too similar to original (34.8% overlap)
2026-08-06 00:15:12,613 - INFO - Rejected chunk_id 2530: Too similar to original (50.0% overlap)
2026-08-06 00:15:14,794 - INFO - Rejected chunk_id 94: Too similar to original (41.2% overlap)
2026-08-06 00:15:16,843 - INFO - Rejected chunk_id 3314: Too similar to original (43.1% overlap)
2026-08-06 00:15:18,804 - INFO - Rejected chunk_id 978: Too similar to original (40.4% overlap)
2026-08-06 00:15:20,903 - INFO - Rejected chunk_id 374: Too similar to original (30.7% overlap)
2026-08-06 00:15:23,086 - INFO - Rejected chunk_id 1767: Contains 'Table'
2026-08-06 00:15:25,251 - INFO - Rejected chunk_id 2741: Contains 'Table'
2026-08-06 00:15:27,071 - INFO - Rejected chunk_id 2785: Contains 'Table'
2026-08-06 00:15:28,345 - INFO - Rejected chunk_id 6679: Contains 'Figure'
2026-08-06 00:15:30,086 - INFO - Rejected chunk_id 1292: Too similar to original (36.8% overlap)
2026-08-06 00:15:32,235 - INFO - Rejected chunk_id 703: Too similar to original (44.1% overlap)
2026-08-06 00:15:36,515 - INFO - Rejected chunk_id 386: Too similar to original (54.5% overlap)
2026-08-06 00:15:44,006 - INFO - Rejected chunk_id 4629: Too similar to original (35.3% overlap)
2026-08-06 00:15:46,595 - INFO - Rejected chunk_id 659: Too similar to original (41.9% overlap)
2026-08-06 00:15:49,786 - INFO - Rejected chunk_id 451: Too similar to original (58.1% overlap)
2026-08-06 00:15:52,956 - INFO - Rejected chunk_id 2816: Too similar to original (41.0% overlap)
2026-08-06 00:15:54,911 - INFO - Rejected chunk_id 1293: Too similar to original (44.8% overlap)
2026-08-06 00:15:58,626 - INFO - Rejected chunk_id 888: Contains 'Table'
2026-08-06 00:16:01,587 - INFO - Rejected chunk_id 1841: Too similar to original (40.3% overlap)
2026-08-06 00:16:04,075 - INFO - Rejected chunk_id 6747: Contains 'Table'
2026-08-06 00:16:05,786 - INFO - Rejected chunk_id 2616: Too similar to original (40.7% overlap)
2026-08-06 00:16:07,791 - INFO - Rejected chunk_id 4502: Contains 'Table'
2026-08-06 00:16:10,851 - INFO - Rejected chunk_id 2140: Too similar to original (40.4% overlap)
2026-08-06 00:16:12,973 - INFO - Rejected chunk_id 1700: Too similar to original (45.5% overlap)
2026-08-06 00:16:14,792 - INFO - Rejected chunk_id 322: Too similar to original (54.0% overlap)
2026-08-06 00:16:22,672 - INFO - Rejected chunk_id 6801: Too similar to original (45.7% overlap)
2026-08-06 00:16:25,084 - INFO - Rejected chunk_id 263: Too similar to original (33.3% overlap)
2026-08-06 00:16:26,795 - INFO - Rejected chunk_id 7401: Too similar to original (38.5% overlap)
2026-08-06 00:16:30,125 - INFO - Rejected chunk_id 413: Too similar to original (33.8% overlap)
2026-08-06 00:16:31,592 - INFO - Rejected chunk_id 1329: Too similar to original (43.9% overlap)
2026-08-06 00:16:35,416 - INFO - Rejected chunk_id 63: Too similar to original (45.2% overlap)
2026-08-06 00:16:37,512 - INFO - Rejected chunk_id 6717: Too similar to original (48.6% overlap)
2026-08-06 00:16:46,649 - INFO - Rejected chunk_id 94: Too similar to original (35.2% overlap)
2026-08-06 00:16:50,058 - INFO - Rejected chunk_id 354: Too similar to original (36.7% overlap)
2026-08-06 00:16:51,408 - INFO - Rejected chunk_id 349: Too similar to original (46.2% overlap)
2026-08-06 00:16:56,314 - INFO - Rejected chunk_id 333: Contains 'Table'
2026-08-06 00:16:59,913 - INFO - Rejected chunk_id 883: Too similar to original (35.1% overlap)
2026-08-06 00:17:04,542 - INFO - Rejected chunk_id 721: Contains 'Table'
2026-08-06 00:17:07,958 - INFO - Rejected chunk_id 1085: Too similar to original (44.4% overlap)
2026-08-06 00:17:10,284 - INFO - Rejected chunk_id 544: Too similar to original (45.5% overlap)
2026-08-06 00:17:12,540 - INFO - Rejected chunk_id 6828: Contains 'Table'
2026-08-06 00:17:15,590 - INFO - Rejected chunk_id 505: Too similar to original (30.1% overlap)
2026-08-06 00:17:17,567 - INFO - Rejected chunk_id 1811: Too similar to original (50.0% overlap)
2026-08-06 00:17:20,287 - INFO - Rejected chunk_id 282: Too similar to original (50.8% overlap)
2026-08-06 00:17:22,041 - INFO - Rejected chunk_id 297: Too similar to original (39.6% overlap)
2026-08-06 00:17:27,521 - INFO - Rejected chunk_id 160: Too similar to original (40.0% overlap)
2026-08-06 00:17:29,748 - INFO - Rejected chunk_id 7099: Contains 'Table'
2026-08-06 00:17:31,498 - INFO - Rejected chunk_id 701: Too similar to original (39.7% overlap)
2026-08-06 00:17:33,826 - INFO - Rejected chunk_id 507: Too similar to original (42.5% overlap)
2026-08-06 00:17:35,617 - INFO - Rejected chunk_id 2346: Too similar to original (44.4% overlap)
2026-08-06 00:17:37,501 - INFO - Rejected chunk_id 126: Too similar to original (57.1% overlap)
2026-08-06 00:17:39,772 - INFO - Rejected chunk_id 1264: Too similar to original (32.3% overlap)
2026-08-06 00:17:47,515 - INFO - Rejected chunk_id 416: Too similar to original (48.0% overlap)
2026-08-06 00:17:49,535 - INFO - Rejected chunk_id 2780: Too similar to original (30.2% overlap)
2026-08-06 00:17:51,565 - INFO - Rejected chunk_id 231: Too similar to original (32.8% overlap)
2026-08-06 00:17:53,062 - INFO - Rejected chunk_id 255: Too similar to original (61.7% overlap)
2026-08-06 00:17:59,730 - INFO - Rejected chunk_id 4437: Contains 'Figure'
2026-08-06 00:18:01,262 - INFO - Rejected chunk_id 1880: Too similar to original (38.6% overlap)
2026-08-06 00:18:05,583 - INFO - Rejected chunk_id 688: Too similar to original (41.7% overlap)
2026-08-06 00:18:08,069 - INFO - Rejected chunk_id 4535: Too similar to original (32.3% overlap)
2026-08-06 00:18:09,955 - INFO - Rejected chunk_id 376: Contains 'Figure'
2026-08-06 00:18:11,724 - INFO - Rejected chunk_id 2146: Too similar to original (42.9% overlap)
2026-08-06 00:18:17,365 - INFO - Rejected chunk_id 2159: Too similar to original (42.6% overlap)
2026-08-06 00:18:21,940 - INFO - Rejected chunk_id 5917: Contains 'Table'
2026-08-06 00:18:23,460 - INFO - Rejected chunk_id 181: Too similar to original (41.4% overlap)
2026-08-06 00:18:25,634 - INFO - Rejected chunk_id 964: Too similar to original (33.9% overlap)
2026-08-06 00:18:27,328 - INFO - Rejected chunk_id 736: Too similar to original (32.4% overlap)
2026-08-06 00:18:30,897 - INFO - Rejected chunk_id 2718: Too similar to original (37.7% overlap)
2026-08-06 00:18:32,887 - INFO - Rejected chunk_id 2217: Contains 'Table'
2026-08-06 00:18:34,962 - INFO - Rejected chunk_id 1005: Too similar to original (35.6% overlap)
2026-08-06 00:18:39,986 - INFO - Rejected chunk_id 577: Too similar to original (37.1% overlap)
2026-08-06 00:18:42,025 - INFO - Rejected chunk_id 1191: Contains 'Figure'
2026-08-06 00:18:43,966 - INFO - Rejected chunk_id 245: Too similar to original (31.9% overlap)
2026-08-06 00:18:49,083 - INFO - Rejected chunk_id 430: Too similar to original (38.6% overlap)
2026-08-06 00:18:53,599 - INFO - Rejected chunk_id 1644: Too similar to original (50.8% overlap)
2026-08-06 00:18:57,217 - INFO - Rejected chunk_id 173: Too similar to original (35.9% overlap)
2026-08-06 00:19:03,200 - INFO - Rejected chunk_id 559: Too similar to original (34.4% overlap)
2026-08-06 00:19:07,057 - INFO - Rejected chunk_id 842: Too similar to original (41.3% overlap)
2026-08-06 00:19:10,627 - INFO - Rejected chunk_id 4942: Contains 'Table'
2026-08-06 00:19:12,089 - INFO - Rejected chunk_id 820: Contains 'Table'
2026-08-06 00:19:13,475 - INFO - Rejected chunk_id 1039: Contains 'Table'
2026-08-06 00:19:20,313 - INFO - Rejected chunk_id 1621: Too similar to original (37.9% overlap)
2026-08-06 00:19:25,361 - INFO - Rejected chunk_id 503: Too similar to original (48.2% overlap)
2026-08-06 00:19:26,860 - INFO - Rejected chunk_id 2540: Too similar to original (44.4% overlap)
2026-08-06 00:19:28,158 - INFO - Rejected chunk_id 1856: Too similar to original (55.6% overlap)
2026-08-06 00:19:30,162 - INFO - Rejected chunk_id 494: Contains 'Figure'
2026-08-06 00:19:32,438 - INFO - Rejected chunk_id 4031: Contains 'Table'
2026-08-06 00:19:38,178 - INFO - Rejected chunk_id 345: Too similar to original (44.6% overlap)
2026-08-06 00:19:40,460 - INFO - Rejected chunk_id 220: Too similar to original (36.2% overlap)
2026-08-06 00:19:42,367 - INFO - Rejected chunk_id 122: Too similar to original (35.1% overlap)
2026-08-06 00:19:45,505 - INFO - Rejected chunk_id 816: Too similar to original (34.5% overlap)
2026-08-06 00:19:47,066 - INFO - Rejected chunk_id 2785: Too similar to original (58.9% overlap)
2026-08-06 00:19:48,760 - INFO - Rejected chunk_id 439: Too similar to original (42.6% overlap)
2026-08-06 00:19:56,339 - INFO - Rejected chunk_id 6794: Contains 'Table'
2026-08-06 00:19:57,793 - INFO - Rejected chunk_id 401: Too similar to original (36.2% overlap)
2026-08-06 00:20:01,345 - INFO - Rejected chunk_id 1429: Too similar to original (36.1% overlap)
2026-08-06 00:20:02,904 - INFO - Rejected chunk_id 210: Too similar to original (40.0% overlap)
2026-08-06 00:20:06,712 - INFO - Rejected chunk_id 543: Too similar to original (59.0% overlap)
2026-08-06 00:20:08,918 - INFO - Rejected chunk_id 1759: Too similar to original (52.1% overlap)
2026-08-06 00:20:15,948 - INFO - Rejected chunk_id 1312: Too similar to original (49.0% overlap)
2026-08-06 00:20:24,889 - INFO - Rejected chunk_id 2855: Too similar to original (38.9% overlap)
2026-08-06 00:20:26,748 - INFO - Rejected chunk_id 65: Too similar to original (39.3% overlap)
2026-08-06 00:20:28,620 - INFO - Rejected chunk_id 1083: Too similar to original (41.9% overlap)
2026-08-06 00:20:35,506 - INFO - Rejected chunk_id 470: Contains 'Table'
2026-08-06 00:20:37,228 - INFO - Rejected chunk_id 2181: Too similar to original (39.1% overlap)
2026-08-06 00:20:43,522 - INFO - Rejected chunk_id 2836: Too similar to original (30.4% overlap)
2026-08-06 00:20:45,857 - INFO - Rejected chunk_id 5181: Too similar to original (44.1% overlap)
2026-08-06 00:20:47,709 - INFO - Rejected chunk_id 676: Too similar to original (39.0% overlap)
2026-08-06 00:20:52,915 - INFO - Rejected chunk_id 27: Too similar to original (41.9% overlap)
2026-08-06 00:20:55,201 - INFO - Rejected chunk_id 402: Too similar to original (50.0% overlap)
2026-08-06 00:20:56,708 - INFO - Rejected chunk_id 252: Too similar to original (37.1% overlap)
2026-08-06 00:20:58,813 - INFO - Rejected chunk_id 4480: Too similar to original (36.2% overlap)
2026-08-06 00:21:04,275 - INFO - Rejected chunk_id 574: Too similar to original (45.6% overlap)
2026-08-06 00:21:06,448 - INFO - Rejected chunk_id 1764: Too similar to original (32.8% overlap)
2026-08-06 00:21:09,347 - INFO - Rejected chunk_id 1619: Too similar to original (34.0% overlap)
2026-08-06 00:21:14,584 - INFO - Rejected chunk_id 5017: Too similar to original (30.3% overlap)
2026-08-06 00:21:17,463 - INFO - Rejected chunk_id 2518: Too similar to original (41.4% overlap)
2026-08-06 00:21:19,176 - INFO - Rejected chunk_id 11: Too similar to original (40.8% overlap)
2026-08-06 00:21:24,761 - INFO - Rejected chunk_id 1106: Too similar to original (33.8% overlap)
2026-08-06 00:21:26,910 - INFO - Rejected chunk_id 1113: Too similar to original (48.5% overlap)
2026-08-06 00:21:32,818 - INFO - Rejected chunk_id 1958: Contains 'Table'
2026-08-06 00:21:35,898 - INFO - Rejected chunk_id 243: Too similar to original (47.8% overlap)
2026-08-06 00:21:37,863 - INFO - Rejected chunk_id 2478: Too similar to original (50.0% overlap)
2026-08-06 00:21:39,902 - INFO - Rejected chunk_id 84: Too similar to original (49.2% overlap)
2026-08-06 00:21:42,339 - INFO - Rejected chunk_id 3664: Contains 'Table'
2026-08-06 00:21:46,896 - INFO - Rejected chunk_id 1315: Too similar to original (63.5% overlap)
2026-08-06 00:21:49,681 - INFO - Rejected chunk_id 2997: Contains 'Table'
2026-08-06 00:21:54,776 - INFO - Rejected chunk_id 1769: Too similar to original (49.2% overlap)
2026-08-06 00:21:58,079 - INFO - Rejected chunk_id 3346: Too similar to original (42.9% overlap)
2026-08-06 00:22:01,048 - INFO - Rejected chunk_id 1796: Contains 'Table'
2026-08-06 00:22:02,794 - INFO - Rejected chunk_id 183: Too similar to original (39.7% overlap)
2026-08-06 00:22:04,316 - INFO - Rejected chunk_id 1058: Too similar to original (32.8% overlap)
2026-08-06 00:22:05,630 - INFO - Rejected chunk_id 576: Contains 'Table'
2026-08-06 00:22:09,684 - INFO - Rejected chunk_id 61: Too similar to original (32.4% overlap)
2026-08-06 00:22:11,743 - INFO - Rejected chunk_id 879: Too similar to original (55.6% overlap)
2026-08-06 00:22:15,098 - INFO - Rejected chunk_id 28: Too similar to original (36.8% overlap)
2026-08-06 00:22:18,715 - INFO - Rejected chunk_id 7545: Too similar to original (43.5% overlap)
2026-08-06 00:22:20,352 - INFO - Rejected chunk_id 2646: Too similar to original (35.6% overlap)
2026-08-06 00:22:21,685 - INFO - Rejected chunk_id 2957: Too similar to original (45.1% overlap)
2026-08-06 00:22:23,746 - INFO - Rejected chunk_id 924: Too similar to original (44.3% overlap)
2026-08-06 00:22:25,375 - INFO - Rejected chunk_id 1405: Too similar to original (48.4% overlap)
2026-08-06 00:22:28,556 - INFO - Rejected chunk_id 519: Contains 'Table'
2026-08-06 00:22:32,905 - INFO - Rejected chunk_id 206: Too similar to original (32.8% overlap)
2026-08-06 00:22:34,423 - INFO - Rejected chunk_id 182: Too similar to original (35.3% overlap)
2026-08-06 00:22:35,864 - INFO - Rejected chunk_id 1814: Too similar to original (53.3% overlap)
2026-08-06 00:22:38,979 - INFO - Rejected chunk_id 2: Too similar to original (43.4% overlap)
2026-08-06 00:22:42,753 - INFO - Rejected chunk_id 6010: Contains 'Table'
2026-08-06 00:22:44,987 - INFO - Rejected chunk_id 1074: Too similar to original (31.9% overlap)
2026-08-06 00:22:46,359 - INFO - Rejected chunk_id 940: Too similar to original (32.0% overlap)
2026-08-06 00:22:48,517 - INFO - Rejected chunk_id 1543: Contains 'Table'
2026-08-06 00:22:50,631 - INFO - Rejected chunk_id 4687: Too similar to original (34.4% overlap)
2026-08-06 00:22:52,631 - INFO - Rejected chunk_id 2061: Too similar to original (33.3% overlap)
2026-08-06 00:23:01,732 - INFO - Rejected chunk_id 535: Too similar to original (33.8% overlap)
2026-08-06 00:23:09,289 - INFO - Rejected chunk_id 1241: Too similar to original (47.4% overlap)
2026-08-06 00:23:11,087 - INFO - Rejected chunk_id 836: Too similar to original (30.4% overlap)
2026-08-06 00:23:13,325 - INFO - Rejected chunk_id 2239: Too similar to original (57.6% overlap)
2026-08-06 00:23:14,937 - INFO - Rejected chunk_id 191: Too similar to original (33.9% overlap)
2026-08-06 00:23:16,541 - INFO - Rejected chunk_id 5406: Too similar to original (45.6% overlap)
2026-08-06 00:23:18,351 - INFO - Rejected chunk_id 4391: Too similar to original (46.0% overlap)
2026-08-06 00:23:20,174 - INFO - Rejected chunk_id 2541: Too similar to original (43.6% overlap)
2026-08-06 00:23:21,851 - INFO - Rejected chunk_id 4546: Contains 'Table'
2026-08-06 00:23:23,619 - INFO - Rejected chunk_id 3064: Contains 'Table'
2026-08-06 00:23:25,420 - INFO - Rejected chunk_id 831: Too similar to original (63.3% overlap)
2026-08-06 00:23:28,976 - INFO - Rejected chunk_id 50: Too similar to original (62.7% overlap)
2026-08-06 00:23:30,880 - INFO - Rejected chunk_id 2122: Too similar to original (36.5% overlap)
2026-08-06 00:23:32,973 - INFO - Rejected chunk_id 1166: Too similar to original (68.9% overlap)
2026-08-06 00:23:36,028 - INFO - Rejected chunk_id 1804: Too similar to original (64.4% overlap)
2026-08-06 00:23:37,844 - INFO - Rejected chunk_id 1683: Too similar to original (53.1% overlap)
2026-08-06 00:23:39,628 - INFO - Rejected chunk_id 2725: Too similar to original (36.4% overlap)
2026-08-06 00:23:48,161 - INFO - Rejected chunk_id 375: Too similar to original (55.7% overlap)
2026-08-06 00:23:50,876 - INFO - Rejected chunk_id 280: Too similar to original (55.6% overlap)
2026-08-06 00:23:52,816 - INFO - Rejected chunk_id 421: Too similar to original (53.6% overlap)
2026-08-06 00:23:55,218 - INFO - Rejected chunk_id 403: Too similar to original (53.5% overlap)
2026-08-06 00:23:58,249 - INFO - Rejected chunk_id 1487: Too similar to original (42.9% overlap)
2026-08-06 00:23:59,848 - INFO - Rejected chunk_id 1086: Too similar to original (45.3% overlap)
2026-08-06 00:24:05,217 - INFO - Rejected chunk_id 402: Too similar to original (51.6% overlap)
2026-08-06 00:24:07,128 - INFO - Rejected chunk_id 170: Too similar to original (33.3% overlap)
2026-08-06 00:24:10,350 - INFO - Rejected chunk_id 123: Too similar to original (38.3% overlap)
2026-08-06 00:24:13,025 - INFO - Rejected chunk_id 1940: Too similar to original (32.8% overlap)
2026-08-06 00:24:15,615 - INFO - Rejected chunk_id 247: Too similar to original (43.3% overlap)
2026-08-06 00:24:17,154 - INFO - Rejected chunk_id 752: Too similar to original (34.4% overlap)
2026-08-06 00:24:18,844 - INFO - Rejected chunk_id 358: Too similar to original (30.5% overlap)
2026-08-06 00:24:20,485 - INFO - Rejected chunk_id 79: Too similar to original (44.9% overlap)
2026-08-06 00:24:22,814 - INFO - Rejected chunk_id 290: Too similar to original (54.5% overlap)
2026-08-06 00:24:24,785 - INFO - Rejected chunk_id 2183: Too similar to original (38.4% overlap)
2026-08-06 00:24:26,191 - INFO - Rejected chunk_id 1060: Too similar to original (38.3% overlap)
2026-08-06 00:24:27,731 - INFO - Rejected chunk_id 3050: Too similar to original (52.1% overlap)
2026-08-06 00:24:29,452 - INFO - Rejected chunk_id 2094: Too similar to original (34.4% overlap)
2026-08-06 00:24:32,094 - INFO - Rejected chunk_id 3392: Contains 'Table'
2026-08-06 00:24:34,331 - INFO - Rejected chunk_id 1777: Contains 'Table'
2026-08-06 00:24:35,699 - INFO - Rejected chunk_id 2860: Too similar to original (50.0% overlap)
2026-08-06 00:24:37,349 - INFO - Rejected chunk_id 5176: Contains 'Table'
2026-08-06 00:24:39,570 - INFO - Rejected chunk_id 3770: Too similar to original (30.2% overlap)
2026-08-06 00:24:42,017 - INFO - Rejected chunk_id 316: Too similar to original (35.9% overlap)
2026-08-06 00:24:44,495 - INFO - Rejected chunk_id 7502: Contains 'Table'
2026-08-06 00:24:46,131 - INFO - Rejected chunk_id 443: Too similar to original (35.5% overlap)
2026-08-06 00:24:47,856 - INFO - Rejected chunk_id 606: Contains 'Figure'
2026-08-06 00:24:49,928 - INFO - Rejected chunk_id 2659: Too similar to original (47.8% overlap)
2026-08-06 00:24:51,303 - INFO - Rejected chunk_id 435: Too similar to original (38.9% overlap)
2026-08-06 00:24:53,271 - INFO - Rejected chunk_id 1033: Too similar to original (50.7% overlap)
2026-08-06 00:24:55,346 - INFO - Rejected chunk_id 868: Too similar to original (41.1% overlap)
2026-08-06 00:24:57,071 - INFO - Rejected chunk_id 2398: Too similar to original (30.4% overlap)
2026-08-06 00:25:00,999 - INFO - Rejected chunk_id 841: Contains 'Table'
2026-08-06 00:25:07,228 - INFO - Rejected chunk_id 755: Too similar to original (45.3% overlap)
2026-08-06 00:25:11,156 - INFO - Rejected chunk_id 2057: Too similar to original (36.4% overlap)
2026-08-06 00:25:13,307 - INFO - Rejected chunk_id 206: Too similar to original (40.3% overlap)
2026-08-06 00:25:17,567 - INFO - Rejected chunk_id 711: Too similar to original (40.0% overlap)
2026-08-06 00:25:19,340 - INFO - Rejected chunk_id 376: Too similar to original (30.4% overlap)
2026-08-06 00:25:20,932 - INFO - Rejected chunk_id 75: Too similar to original (36.1% overlap)
2026-08-06 00:25:22,946 - INFO - Rejected chunk_id 2714: Too similar to original (40.6% overlap)
2026-08-06 00:25:24,398 - INFO - Rejected chunk_id 53: Too similar to original (30.4% overlap)
2026-08-06 00:25:26,508 - INFO - Rejected chunk_id 531: Too similar to original (49.2% overlap)
2026-08-06 00:25:28,831 - INFO - Rejected chunk_id 616: Too similar to original (37.5% overlap)
2026-08-06 00:25:42,879 - INFO - Rejected chunk_id 2753: Too similar to original (37.7% overlap)
2026-08-06 00:25:47,101 - INFO - Rejected chunk_id 1250: Too similar to original (37.1% overlap)
2026-08-06 00:25:49,174 - INFO - Rejected chunk_id 943: Too similar to original (36.2% overlap)
2026-08-06 00:25:53,476 - INFO - Rejected chunk_id 2534: Too similar to original (43.3% overlap)
2026-08-06 00:25:58,910 - INFO - Rejected chunk_id 8: Too similar to original (44.4% overlap)
2026-08-06 00:26:00,351 - INFO - Rejected chunk_id 265: Too similar to original (35.5% overlap)
2026-08-06 00:26:02,011 - INFO - Rejected chunk_id 3637: Too similar to original (34.0% overlap)
2026-08-06 00:26:06,836 - INFO - Rejected chunk_id 890: Contains 'Table'
2026-08-06 00:26:09,204 - INFO - Rejected chunk_id 863: Too similar to original (38.2% overlap)
2026-08-06 00:26:10,767 - INFO - Rejected chunk_id 2009: Too similar to original (42.4% overlap)
2026-08-06 00:26:13,813 - INFO - Rejected chunk_id 1208: Too similar to original (37.3% overlap)
2026-08-06 00:26:15,137 - INFO - Rejected chunk_id 2180: Too similar to original (34.6% overlap)
2026-08-06 00:26:16,558 - INFO - Rejected chunk_id 824: Too similar to original (33.3% overlap)
2026-08-06 00:26:18,541 - INFO - Rejected chunk_id 535: Too similar to original (32.3% overlap)
2026-08-06 00:26:22,397 - INFO - Rejected chunk_id 1970: Too similar to original (32.3% overlap)
2026-08-06 00:26:24,521 - INFO - Rejected chunk_id 3626: Contains 'Table'
2026-08-06 00:26:26,009 - INFO - Rejected chunk_id 653: Too similar to original (38.9% overlap)
2026-08-06 00:26:27,887 - INFO - Rejected chunk_id 1860: Too similar to original (41.0% overlap)
2026-08-06 00:26:30,937 - INFO - Rejected chunk_id 1820: Too similar to original (57.1% overlap)
2026-08-06 00:26:33,013 - INFO - Rejected chunk_id 2107: Too similar to original (45.9% overlap)
2026-08-06 00:26:35,170 - INFO - Rejected chunk_id 188: Too similar to original (43.1% overlap)
2026-08-06 00:26:36,942 - INFO - Rejected chunk_id 1895: Too similar to original (35.7% overlap)
2026-08-06 00:26:40,199 - INFO - Rejected chunk_id 6681: Contains 'Table'
2026-08-06 00:26:42,686 - INFO - Rejected chunk_id 532: Too similar to original (48.4% overlap)
2026-08-06 00:26:44,315 - INFO - Rejected chunk_id 1891: Too similar to original (31.6% overlap)
2026-08-06 00:26:48,508 - INFO - Rejected chunk_id 604: Too similar to original (32.9% overlap)
2026-08-06 00:26:54,074 - INFO - Rejected chunk_id 1758: Contains 'Table'
2026-08-06 00:27:00,310 - INFO - Rejected chunk_id 100: Too similar to original (51.5% overlap)
2026-08-06 00:27:03,602 - INFO - Rejected chunk_id 75: Too similar to original (31.1% overlap)
2026-08-06 00:27:05,624 - INFO - Rejected chunk_id 6343: Contains 'Figure'
2026-08-06 00:27:08,597 - INFO - Rejected chunk_id 2121: Too similar to original (48.1% overlap)
2026-08-06 00:27:11,029 - INFO - Rejected chunk_id 3879: Contains 'Figure'
2026-08-06 00:27:16,739 - INFO - Rejected chunk_id 1823: Too similar to original (44.1% overlap)
2026-08-06 00:27:19,314 - INFO - Rejected chunk_id 771: Too similar to original (43.5% overlap)
2026-08-06 00:27:21,975 - INFO - Rejected chunk_id 76: Too similar to original (40.5% overlap)
2026-08-06 00:27:27,033 - INFO - Rejected chunk_id 199: Too similar to original (42.4% overlap)
2026-08-06 00:27:30,022 - INFO - Rejected chunk_id 420: Too similar to original (34.3% overlap)
2026-08-06 00:27:36,407 - INFO - Rejected chunk_id 196: Too similar to original (32.5% overlap)
2026-08-06 00:27:40,502 - INFO - Rejected chunk_id 488: Too similar to original (33.8% overlap)
2026-08-06 00:27:42,236 - INFO - Rejected chunk_id 3903: Contains 'Figure'
2026-08-06 00:27:44,367 - INFO - Rejected chunk_id 1336: Too similar to original (38.7% overlap)
2026-08-06 00:27:47,701 - INFO - Rejected chunk_id 2355: Too similar to original (40.0% overlap)
2026-08-06 00:27:49,435 - INFO - Rejected chunk_id 435: Too similar to original (42.6% overlap)
2026-08-06 00:27:53,566 - INFO - Rejected chunk_id 4125: Contains 'Table'
2026-08-06 00:27:55,371 - INFO - Rejected chunk_id 332: Too similar to original (31.3% overlap)
2026-08-06 00:27:56,816 - INFO - Rejected chunk_id 713: Too similar to original (32.7% overlap)
2026-08-06 00:27:58,298 - INFO - Rejected chunk_id 1607: Too similar to original (33.3% overlap)
2026-08-06 00:28:02,339 - INFO - Rejected chunk_id 2154: Contains 'Table'
2026-08-06 00:28:04,368 - INFO - Rejected chunk_id 2111: Too similar to original (38.7% overlap)
2026-08-06 00:28:05,873 - INFO - Rejected chunk_id 97: Too similar to original (38.7% overlap)
2026-08-06 00:28:08,585 - INFO - Rejected chunk_id 704: Too similar to original (32.9% overlap)
2026-08-06 00:28:12,320 - INFO - Rejected chunk_id 6804: Contains 'Table'
2026-08-06 00:28:14,165 - INFO - Rejected chunk_id 520: Too similar to original (34.4% overlap)
2026-08-06 00:28:15,622 - INFO - Rejected chunk_id 2482: Too similar to original (39.2% overlap)
2026-08-06 00:28:17,495 - INFO - Rejected chunk_id 1339: Too similar to original (34.9% overlap)
2026-08-06 00:28:21,488 - INFO - Rejected chunk_id 2085: Too similar to original (42.5% overlap)
2026-08-06 00:28:24,922 - INFO - Rejected chunk_id 1933: Too similar to original (49.2% overlap)
2026-08-06 00:28:26,481 - INFO - Rejected chunk_id 838: Too similar to original (31.3% overlap)
2026-08-06 00:28:28,638 - INFO - Rejected chunk_id 2610: Too similar to original (54.2% overlap)
2026-08-06 00:28:30,587 - INFO - Rejected chunk_id 2191: Contains 'Table'
2026-08-06 00:28:34,966 - INFO - Rejected chunk_id 109: Too similar to original (36.6% overlap)
2026-08-06 00:28:36,631 - INFO - Rejected chunk_id 732: Too similar to original (38.3% overlap)
2026-08-06 00:28:40,298 - INFO - Rejected chunk_id 1304: Too similar to original (39.7% overlap)
2026-08-06 00:28:42,103 - INFO - Rejected chunk_id 1954: Too similar to original (33.9% overlap)
2026-08-06 00:28:45,156 - INFO - Rejected chunk_id 226: Too similar to original (48.3% overlap)
2026-08-06 00:28:48,441 - INFO - Rejected chunk_id 2899: Too similar to original (50.0% overlap)
2026-08-06 00:28:50,228 - INFO - Rejected chunk_id 3228: Contains 'Table'
2026-08-06 00:28:52,447 - INFO - Rejected chunk_id 117: Too similar to original (30.5% overlap)
2026-08-06 00:28:54,577 - INFO - Rejected chunk_id 10: Too similar to original (31.6% overlap)
2026-08-06 00:28:56,269 - INFO - Rejected chunk_id 782: Too similar to original (36.8% overlap)
2026-08-06 00:28:57,928 - INFO - Rejected chunk_id 3845: Too similar to original (50.0% overlap)
2026-08-06 00:29:00,317 - INFO - Rejected chunk_id 433: Too similar to original (39.7% overlap)
2026-08-06 00:29:01,920 - INFO - Rejected chunk_id 352: Too similar to original (57.9% overlap)
2026-08-06 00:29:03,527 - INFO - Rejected chunk_id 152: Too similar to original (42.2% overlap)
2026-08-06 00:29:05,568 - INFO - Rejected chunk_id 2713: Too similar to original (35.4% overlap)
2026-08-06 00:29:07,851 - INFO - Rejected chunk_id 609: Too similar to original (46.3% overlap)
2026-08-06 00:29:12,088 - INFO - Rejected chunk_id 6838: Contains 'Table'
2026-08-06 00:29:14,244 - INFO - Rejected chunk_id 2072: Too similar to original (40.3% overlap)
2026-08-06 00:29:16,839 - INFO - Rejected chunk_id 2627: Contains 'Table'
2026-08-06 00:29:19,333 - INFO - Rejected chunk_id 2459: Too similar to original (43.1% overlap)
2026-08-06 00:29:21,282 - INFO - Rejected chunk_id 2592: Too similar to original (30.8% overlap)
2026-08-06 00:29:24,275 - INFO - Rejected chunk_id 2851: Too similar to original (41.5% overlap)
2026-08-06 00:29:27,522 - INFO - Rejected chunk_id 3065: Too similar to original (46.3% overlap)
2026-08-06 00:29:29,630 - INFO - Rejected chunk_id 57: Too similar to original (49.3% overlap)
2026-08-06 00:29:31,169 - INFO - Rejected chunk_id 5619: Too similar to original (45.6% overlap)
2026-08-06 00:29:32,900 - INFO - Rejected chunk_id 4438: Too similar to original (33.3% overlap)
2026-08-06 00:29:34,752 - INFO - Rejected chunk_id 253: Too similar to original (38.0% overlap)
2026-08-06 00:29:36,691 - INFO - Rejected chunk_id 334: Contains 'Table'
2026-08-06 00:29:38,026 - INFO - Rejected chunk_id 556: Too similar to original (30.8% overlap)
2026-08-06 00:29:43,763 - INFO - Rejected chunk_id 574: Too similar to original (32.4% overlap)
2026-08-06 00:29:49,567 - INFO - Rejected chunk_id 6825: Contains 'Figure'
2026-08-06 00:29:51,540 - INFO - Rejected chunk_id 3913: Too similar to original (34.4% overlap)
2026-08-06 00:29:53,758 - INFO - Rejected chunk_id 25: Too similar to original (41.8% overlap)
2026-08-06 00:29:55,190 - INFO - Rejected chunk_id 2547: Too similar to original (45.6% overlap)
2026-08-06 00:29:57,258 - INFO - Rejected chunk_id 154: Too similar to original (34.8% overlap)
2026-08-06 00:29:58,402 - INFO - Rejected chunk_id 3249: Contains 'Table'
2026-08-06 00:29:59,797 - INFO - Rejected chunk_id 59: Too similar to original (41.4% overlap)
2026-08-06 00:30:02,557 - INFO - Rejected chunk_id 2423: Too similar to original (52.1% overlap)
2026-08-06 00:30:06,361 - INFO - Rejected chunk_id 692: Too similar to original (50.8% overlap)
2026-08-06 00:30:11,625 - INFO - Rejected chunk_id 534: Too similar to original (60.0% overlap)
2026-08-06 00:30:14,401 - INFO - Rejected chunk_id 2775: Too similar to original (47.5% overlap)
2026-08-06 00:30:16,865 - INFO - Rejected chunk_id 6972: Contains 'Table'
2026-08-06 00:30:18,631 - INFO - Rejected chunk_id 2148: Too similar to original (50.0% overlap)
2026-08-06 00:30:23,829 - INFO - Rejected chunk_id 681: Too similar to original (46.9% overlap)
2026-08-06 00:30:25,946 - INFO - Rejected chunk_id 2120: Too similar to original (30.2% overlap)
2026-08-06 00:30:29,569 - INFO - Rejected chunk_id 2880: Too similar to original (39.7% overlap)
2026-08-06 00:30:31,583 - INFO - Rejected chunk_id 5164: Contains 'Table'
2026-08-06 00:30:33,610 - INFO - Rejected chunk_id 1755: Too similar to original (47.5% overlap)
2026-08-06 00:30:35,729 - INFO - Rejected chunk_id 3087: Too similar to original (39.0% overlap)
2026-08-06 00:30:39,954 - INFO - Rejected chunk_id 2594: Too similar to original (62.7% overlap)
2026-08-06 00:30:42,330 - INFO - Rejected chunk_id 292: Too similar to original (50.0% overlap)
2026-08-06 00:30:43,688 - INFO - Rejected chunk_id 2731: Too similar to original (40.8% overlap)
2026-08-06 00:30:48,204 - INFO - Rejected chunk_id 1997: Too similar to original (41.1% overlap)
2026-08-06 00:30:50,449 - INFO - Rejected chunk_id 1547: Too similar to original (35.2% overlap)
2026-08-06 00:30:52,677 - INFO - Rejected chunk_id 5549: Too similar to original (37.3% overlap)
2026-08-06 00:30:54,594 - INFO - Rejected chunk_id 2597: Too similar to original (38.7% overlap)
2026-08-06 00:30:56,939 - INFO - Rejected chunk_id 1047: Contains 'Figure'
2026-08-06 00:31:00,833 - INFO - Rejected chunk_id 1447: Too similar to original (47.6% overlap)
2026-08-06 00:31:03,269 - INFO - Rejected chunk_id 5130: Contains 'Table'
2026-08-06 00:31:06,255 - INFO - Rejected chunk_id 589: Too similar to original (44.8% overlap)
2026-08-06 00:31:09,728 - INFO - Rejected chunk_id 1260: Too similar to original (51.7% overlap)
2026-08-06 00:31:19,214 - INFO - Rejected chunk_id 1793: Contains 'Figure'
2026-08-06 00:31:20,921 - INFO - Rejected chunk_id 525: Too similar to original (33.3% overlap)
2026-08-06 00:31:22,544 - INFO - Rejected chunk_id 1480: Too similar to original (54.2% overlap)
2026-08-06 00:31:29,503 - INFO - Rejected chunk_id 3907: Contains 'Figure'
2026-08-06 00:31:32,983 - INFO - Rejected chunk_id 832: Too similar to original (41.2% overlap)
2026-08-06 00:31:36,928 - INFO - Rejected chunk_id 48: Too similar to original (42.6% overlap)
2026-08-06 00:31:38,421 - INFO - Rejected chunk_id 185: Too similar to original (44.1% overlap)
2026-08-06 00:31:41,596 - INFO - Rejected chunk_id 5497: Contains 'Table'
2026-08-06 00:31:43,008 - INFO - Rejected chunk_id 665: Too similar to original (51.1% overlap)
2026-08-06 00:31:45,792 - INFO - Rejected chunk_id 172: Too similar to original (35.5% overlap)
2026-08-06 00:31:51,646 - INFO - Rejected chunk_id 2803: Too similar to original (32.1% overlap)
2026-08-06 00:31:55,253 - INFO - Rejected chunk_id 5603: Contains 'Table'
2026-08-06 00:31:59,192 - INFO - Rejected chunk_id 110: Too similar to original (44.4% overlap)
2026-08-06 00:32:00,521 - INFO - Rejected chunk_id 2489: Too similar to original (38.6% overlap)
2026-08-06 00:32:02,183 - INFO - Rejected chunk_id 318: Too similar to original (32.3% overlap)
2026-08-06 00:32:04,132 - INFO - Rejected chunk_id 671: Too similar to original (33.3% overlap)
2026-08-06 00:32:08,020 - INFO - Rejected chunk_id 1948: Too similar to original (54.2% overlap)
2026-08-06 00:32:12,525 - INFO - Rejected chunk_id 99: Too similar to original (45.0% overlap)
2026-08-06 00:32:14,185 - INFO - Rejected chunk_id 2114: Too similar to original (45.5% overlap)
2026-08-06 00:32:17,000 - INFO - Rejected chunk_id 873: Too similar to original (42.2% overlap)
2026-08-06 00:32:22,068 - INFO - Rejected chunk_id 540: Too similar to original (38.2% overlap)
2026-08-06 00:32:25,658 - INFO - Rejected chunk_id 1755: Too similar to original (49.3% overlap)
2026-08-06 00:32:27,716 - INFO - Rejected chunk_id 458: Too similar to original (47.2% overlap)
2026-08-06 00:32:33,294 - INFO - Rejected chunk_id 4430: Too similar to original (51.7% overlap)
2026-08-06 00:32:35,127 - INFO - Rejected chunk_id 92: Too similar to original (33.3% overlap)
2026-08-06 00:32:40,550 - INFO - Rejected chunk_id 379: Too similar to original (33.9% overlap)
2026-08-06 00:32:43,036 - INFO - Rejected chunk_id 1728: Too similar to original (40.4% overlap)
2026-08-06 00:32:44,898 - INFO - Rejected chunk_id 112: Too similar to original (32.5% overlap)
2026-08-06 00:32:46,734 - INFO - Rejected chunk_id 147: Too similar to original (40.6% overlap)
2026-08-06 00:32:52,546 - INFO - Rejected chunk_id 240: Too similar to original (33.9% overlap)
2026-08-06 00:32:53,936 - INFO - Rejected chunk_id 2895: Too similar to original (40.7% overlap)
2026-08-06 00:32:55,972 - INFO - Rejected chunk_id 368: Contains 'Figure'
2026-08-06 00:32:57,671 - INFO - Rejected chunk_id 2394: Too similar to original (43.1% overlap)
2026-08-06 00:33:00,134 - INFO - Rejected chunk_id 50: Too similar to original (31.3% overlap)
2026-08-06 00:33:01,587 - INFO - Rejected chunk_id 984: Too similar to original (48.0% overlap)
2026-08-06 00:33:03,414 - INFO - Rejected chunk_id 986: Too similar to original (33.9% overlap)
2026-08-06 00:33:05,282 - INFO - Rejected chunk_id 1104: Too similar to original (46.3% overlap)
2026-08-06 00:33:08,425 - INFO - Rejected chunk_id 1052: Too similar to original (45.1% overlap)
2026-08-06 00:33:12,487 - INFO - Rejected chunk_id 2205: Too similar to original (39.3% overlap)
2026-08-06 00:33:17,976 - INFO - Rejected chunk_id 2317: Too similar to original (32.2% overlap)
2026-08-06 00:33:19,298 - INFO - Rejected chunk_id 76: Too similar to original (40.4% overlap)
2026-08-06 00:33:24,862 - INFO - Rejected chunk_id 180: Too similar to original (40.4% overlap)
2026-08-06 00:33:27,841 - INFO - Rejected chunk_id 7523: Contains 'Table'
2026-08-06 00:33:31,157 - INFO - Rejected chunk_id 522: Too similar to original (45.3% overlap)
2026-08-06 00:33:33,128 - INFO - Rejected chunk_id 1871: Too similar to original (63.9% overlap)
2026-08-06 00:33:35,187 - INFO - Rejected chunk_id 2167: Too similar to original (47.9% overlap)
2026-08-06 00:33:36,638 - INFO - Rejected chunk_id 1763: Too similar to original (45.6% overlap)
2026-08-06 00:33:40,633 - INFO - Rejected chunk_id 4514: Too similar to original (50.8% overlap)
2026-08-06 00:33:42,928 - INFO - Rejected chunk_id 7085: Contains 'Table'
2026-08-06 00:33:45,668 - INFO - Rejected chunk_id 340: Too similar to original (61.0% overlap)
2026-08-06 00:33:48,300 - INFO - Rejected chunk_id 779: Contains 'Figure'
2026-08-06 00:33:49,739 - INFO - Rejected chunk_id 1981: Too similar to original (39.3% overlap)
2026-08-06 00:33:51,631 - INFO - Rejected chunk_id 5133: Too similar to original (36.0% overlap)
2026-08-06 00:33:53,228 - INFO - Rejected chunk_id 120: Too similar to original (35.8% overlap)
2026-08-06 00:33:55,609 - INFO - Rejected chunk_id 7394: Contains 'Table'
2026-08-06 00:34:01,013 - INFO - Rejected chunk_id 272: Too similar to original (56.7% overlap)
2026-08-06 00:34:03,028 - INFO - Rejected chunk_id 2495: Too similar to original (30.9% overlap)
2026-08-06 00:34:05,076 - INFO - Rejected chunk_id 457: Too similar to original (56.9% overlap)
2026-08-06 00:34:07,127 - INFO - Rejected chunk_id 7363: Too similar to original (30.3% overlap)
2026-08-06 00:34:10,222 - INFO - Rejected chunk_id 717: Too similar to original (59.3% overlap)
2026-08-06 00:34:12,092 - INFO - Rejected chunk_id 1517: Too similar to original (44.9% overlap)
2026-08-06 00:34:13,933 - INFO - Rejected chunk_id 1187: Too similar to original (35.7% overlap)
2026-08-06 00:34:17,635 - INFO - Rejected chunk_id 154: Too similar to original (37.5% overlap)
2026-08-06 00:34:20,876 - INFO - Rejected chunk_id 11: Too similar to original (41.7% overlap)
2026-08-06 00:34:24,589 - INFO - Rejected chunk_id 2702: Too similar to original (50.0% overlap)
2026-08-06 00:34:27,033 - INFO - Rejected chunk_id 309: Too similar to original (52.5% overlap)
2026-08-06 00:34:30,717 - INFO - Rejected chunk_id 299: Too similar to original (48.4% overlap)
2026-08-06 00:34:34,620 - INFO - Rejected chunk_id 868: Too similar to original (37.7% overlap)
2026-08-06 00:34:36,820 - INFO - Rejected chunk_id 115: Too similar to original (39.1% overlap)
2026-08-06 00:34:39,006 - INFO - Rejected chunk_id 462: Too similar to original (46.5% overlap)
2026-08-06 00:34:40,716 - INFO - Rejected chunk_id 2502: Too similar to original (37.5% overlap)
2026-08-06 00:34:43,480 - INFO - Rejected chunk_id 2252: Too similar to original (31.5% overlap)
2026-08-06 00:34:46,788 - INFO - Rejected chunk_id 1049: Too similar to original (40.8% overlap)
2026-08-06 00:34:51,543 - INFO - Rejected chunk_id 2228: Too similar to original (41.2% overlap)
2026-08-06 00:34:54,172 - INFO - Rejected chunk_id 745: Too similar to original (30.7% overlap)
2026-08-06 00:34:56,852 - INFO - Rejected chunk_id 473: Too similar to original (64.7% overlap)
2026-08-06 00:34:58,550 - INFO - Rejected chunk_id 1931: Too similar to original (42.2% overlap)
2026-08-06 00:35:00,328 - INFO - Rejected chunk_id 2196: Too similar to original (33.3% overlap)
2026-08-06 00:35:02,025 - INFO - Rejected chunk_id 1961: Too similar to original (36.9% overlap)
2026-08-06 00:35:09,211 - INFO - Rejected chunk_id 4555: Contains 'Table'
2026-08-06 00:35:11,687 - INFO - Rejected chunk_id 1452: Too similar to original (44.4% overlap)
2026-08-06 00:35:17,644 - INFO - Rejected chunk_id 806: Too similar to original (37.9% overlap)
2026-08-06 00:35:19,933 - INFO - Rejected chunk_id 82: Too similar to original (42.0% overlap)
2026-08-06 00:35:25,709 - INFO - Rejected chunk_id 392: Too similar to original (31.1% overlap)
2026-08-06 00:35:33,007 - INFO - Rejected chunk_id 1474: Too similar to original (52.6% overlap)
2026-08-06 00:35:35,545 - INFO - Rejected chunk_id 412: Too similar to original (30.4% overlap)
2026-08-06 00:35:37,347 - INFO - Rejected chunk_id 2742: Too similar to original (50.8% overlap)
2026-08-06 00:35:40,256 - INFO - Rejected chunk_id 698: Too similar to original (35.4% overlap)
2026-08-06 00:35:43,378 - INFO - Rejected chunk_id 818: Contains 'Table'
2026-08-06 00:35:47,567 - INFO - Rejected chunk_id 337: Too similar to original (54.2% overlap)
2026-08-06 00:35:48,831 - INFO - Rejected chunk_id 1352: Too similar to original (34.5% overlap)
2026-08-06 00:35:50,618 - INFO - Rejected chunk_id 1949: Too similar to original (42.4% overlap)
2026-08-06 00:35:52,279 - INFO - Rejected chunk_id 2153: Too similar to original (57.1% overlap)
2026-08-06 00:35:57,279 - INFO - Rejected chunk_id 8: Too similar to original (38.6% overlap)
2026-08-06 00:35:59,159 - INFO - Rejected chunk_id 1067: Too similar to original (38.5% overlap)
2026-08-06 00:36:00,603 - INFO - Rejected chunk_id 54: Too similar to original (34.9% overlap)
2026-08-06 00:36:02,355 - INFO - Rejected chunk_id 726: Too similar to original (56.9% overlap)
2026-08-06 00:36:04,243 - INFO - Rejected chunk_id 1555: Too similar to original (30.3% overlap)
2026-08-06 00:36:06,770 - INFO - Rejected chunk_id 4621: Too similar to original (33.3% overlap)
2026-08-06 00:36:11,245 - INFO - Rejected chunk_id 2577: Too similar to original (47.3% overlap)
2026-08-06 00:36:13,871 - INFO - Rejected chunk_id 251: Too similar to original (31.2% overlap)
2026-08-06 00:36:17,357 - INFO - Rejected chunk_id 428: Too similar to original (49.3% overlap)
2026-08-06 00:36:21,415 - INFO - Rejected chunk_id 467: Too similar to original (31.9% overlap)
2026-08-06 00:36:23,089 - INFO - Rejected chunk_id 306: Too similar to original (42.2% overlap)
2026-08-06 00:36:24,755 - INFO - Rejected chunk_id 1619: Too similar to original (31.9% overlap)
2026-08-06 00:36:26,247 - INFO - Rejected chunk_id 610: Too similar to original (34.8% overlap)
2026-08-06 00:37:23,498 - ERROR - Ollama API call failed: HTTPConnectionPool(host='localhost', port=11434): Read timed out. (read timeout=60)
2026-08-06 00:37:23,502 - ERROR - Error processing chunk_id 1802: Ollama returned empty or failed
2026-08-06 00:37:25,123 - ERROR - Ollama API call failed: HTTPConnectionPool(host='localhost', port=11434): Read timed out. (read timeout=60)
2026-08-06 00:37:25,125 - ERROR - Error processing chunk_id 4402: Ollama returned empty or failed
2026-08-06 00:37:26,835 - ERROR - Ollama API call failed: HTTPConnectionPool(host='localhost', port=11434): Read timed out. (read timeout=60)
2026-08-06 00:37:26,836 - ERROR - Error processing chunk_id 1504: Ollama returned empty or failed
2026-08-06 00:37:28,310 - ERROR - Ollama API call failed: HTTPConnectionPool(host='localhost', port=11434): Read timed out. (read timeout=60)
2026-08-06 00:37:28,311 - ERROR - Error processing chunk_id 395: Ollama returned empty or failed
2026-08-06 00:37:30,350 - INFO - Rejected chunk_id 2338: Too similar to original (44.6% overlap)
2026-08-06 00:37:31,798 - INFO - Rejected chunk_id 42: Too similar to original (40.8% overlap)
2026-08-06 00:37:33,966 - INFO - Rejected chunk_id 2078: Too similar to original (50.0% overlap)
2026-08-06 00:37:36,290 - INFO - Rejected chunk_id 4436: Contains 'Table'
2026-08-06 00:37:38,516 - INFO - Rejected chunk_id 783: Too similar to original (39.1% overlap)
2026-08-06 00:37:39,851 - INFO - Rejected chunk_id 2134: Contains 'Figure'
2026-08-06 00:37:41,792 - INFO - Rejected chunk_id 447: Too similar to original (47.5% overlap)
2026-08-06 00:37:45,504 - INFO - Rejected chunk_id 1166: Too similar to original (33.3% overlap)
2026-08-06 00:37:47,620 - INFO - Rejected chunk_id 2420: Too similar to original (44.4% overlap)
2026-08-06 00:37:51,658 - INFO - Rejected chunk_id 40: Too similar to original (34.7% overlap)
2026-08-06 00:37:55,855 - INFO - Rejected chunk_id 17: Contains 'Table'
2026-08-06 00:37:59,578 - INFO - Rejected chunk_id 333: Too similar to original (39.7% overlap)
2026-08-06 00:38:01,243 - INFO - Rejected chunk_id 1741: Too similar to original (33.3% overlap)
2026-08-06 00:38:06,363 - INFO - Rejected chunk_id 2717: Too similar to original (36.4% overlap)
2026-08-06 00:38:08,210 - INFO - Rejected chunk_id 1480: Contains 'Table'
2026-08-06 00:38:09,247 - INFO - Rejected chunk_id 2077: Too similar to original (35.3% overlap)
2026-08-06 00:38:10,652 - INFO - Rejected chunk_id 44: Too similar to original (48.0% overlap)
2026-08-06 00:38:12,279 - INFO - Rejected chunk_id 33: Too similar to original (41.1% overlap)
2026-08-06 00:38:14,125 - INFO - Rejected chunk_id 84: Too similar to original (32.8% overlap)
2026-08-06 00:38:16,080 - INFO - Rejected chunk_id 1072: Too similar to original (42.6% overlap)
2026-08-06 00:38:21,375 - INFO - Rejected chunk_id 561: Too similar to original (32.6% overlap)
2026-08-06 00:38:43,624 - INFO - Rejected chunk_id 1625: Too similar to original (42.3% overlap)
2026-08-06 00:38:45,788 - INFO - Rejected chunk_id 2438: Too similar to original (44.6% overlap)
2026-08-06 00:38:48,986 - INFO - Rejected chunk_id 273: Too similar to original (40.0% overlap)
2026-08-06 00:38:51,122 - INFO - Rejected chunk_id 5464: Contains 'Table'
2026-08-06 00:38:55,665 - INFO - Rejected chunk_id 126: Too similar to original (49.1% overlap)
2026-08-06 00:38:57,993 - INFO - Rejected chunk_id 105: Too similar to original (49.1% overlap)
2026-08-06 00:39:01,854 - INFO - Rejected chunk_id 309: Too similar to original (51.0% overlap)
2026-08-06 00:39:04,673 - INFO - Rejected chunk_id 2791: Contains 'Table'
2026-08-06 00:39:07,749 - INFO - Rejected chunk_id 2004: Too similar to original (31.4% overlap)
2026-08-06 00:39:13,243 - INFO - Rejected chunk_id 5615: Too similar to original (43.1% overlap)
2026-08-06 00:39:15,951 - INFO - Rejected chunk_id 2: Too similar to original (36.2% overlap)
2026-08-06 00:39:17,708 - INFO - Rejected chunk_id 4420: Too similar to original (35.4% overlap)
2026-08-06 00:39:20,056 - INFO - Rejected chunk_id 1051: Too similar to original (41.5% overlap)
2026-08-06 00:39:22,360 - INFO - Rejected chunk_id 580: Too similar to original (31.8% overlap)
2026-08-06 00:39:25,451 - INFO - Rejected chunk_id 6515: Too similar to original (37.0% overlap)
2026-08-06 00:39:35,167 - INFO - Rejected chunk_id 1505: Too similar to original (34.6% overlap)
2026-08-06 00:39:39,047 - INFO - Rejected chunk_id 374: Too similar to original (46.2% overlap)
2026-08-06 00:39:45,813 - INFO - Rejected chunk_id 5963: Too similar to original (46.8% overlap)
2026-08-06 00:39:47,731 - INFO - Rejected chunk_id 1986: Too similar to original (35.0% overlap)
2026-08-06 00:39:49,623 - INFO - Rejected chunk_id 820: Too similar to original (40.3% overlap)
2026-08-06 00:39:53,953 - INFO - Rejected chunk_id 314: Too similar to original (43.4% overlap)
2026-08-06 00:39:58,581 - INFO - Rejected chunk_id 380: Too similar to original (37.9% overlap)
2026-08-06 00:40:00,488 - INFO - Rejected chunk_id 2306: Too similar to original (37.5% overlap)
2026-08-06 00:40:02,741 - INFO - Rejected chunk_id 81: Too similar to original (42.9% overlap)
2026-08-06 00:40:05,401 - INFO - Rejected chunk_id 948: Too similar to original (33.3% overlap)
2026-08-06 00:40:09,002 - INFO - Rejected chunk_id 192: Too similar to original (43.6% overlap)
2026-08-06 00:40:11,404 - INFO - Rejected chunk_id 558: Too similar to original (36.7% overlap)
2026-08-06 00:40:13,240 - INFO - Rejected chunk_id 895: Too similar to original (60.0% overlap)
2026-08-06 00:40:15,982 - INFO - Rejected chunk_id 99: Too similar to original (43.8% overlap)
2026-08-06 00:40:17,221 - INFO - Rejected chunk_id 1610: Too similar to original (35.6% overlap)
2026-08-06 00:40:22,924 - INFO - Rejected chunk_id 1476: Too similar to original (52.9% overlap)
2026-08-06 00:40:26,301 - INFO - Rejected chunk_id 257: Too similar to original (35.0% overlap)
2026-08-06 00:40:33,789 - INFO - Rejected chunk_id 505: Too similar to original (38.7% overlap)
2026-08-06 00:40:37,353 - INFO - Rejected chunk_id 107: Starts with punctuation
2026-08-06 00:40:40,647 - INFO - Rejected chunk_id 3070: Too similar to original (47.6% overlap)
2026-08-06 00:40:51,236 - INFO - Rejected chunk_id 495: Too similar to original (36.6% overlap)
2026-08-06 00:40:54,363 - INFO - Rejected chunk_id 805: Too similar to original (43.1% overlap)
2026-08-06 00:40:59,322 - INFO - Rejected chunk_id 1151: Too similar to original (42.7% overlap)
2026-08-06 00:41:07,281 - INFO - Rejected chunk_id 1290: Too similar to original (37.9% overlap)
2026-08-06 00:41:09,779 - INFO - Rejected chunk_id 988: Contains 'Table'
2026-08-06 00:41:12,194 - INFO - Rejected chunk_id 194: Too similar to original (44.3% overlap)
2026-08-06 00:41:14,771 - INFO - Rejected chunk_id 163: Too similar to original (31.5% overlap)
2026-08-06 00:41:17,018 - INFO - Rejected chunk_id 2231: Too similar to original (30.6% overlap)
2026-08-06 00:41:25,063 - INFO - Rejected chunk_id 882: Contains 'Table'
2026-08-06 00:41:26,765 - INFO - Rejected chunk_id 308: Too similar to original (51.6% overlap)
2026-08-06 00:41:28,477 - INFO - Rejected chunk_id 803: Too similar to original (34.3% overlap)
2026-08-06 00:41:31,585 - INFO - Rejected chunk_id 307: Too similar to original (63.9% overlap)
2026-08-06 00:41:35,279 - INFO - Rejected chunk_id 922: Too similar to original (43.4% overlap)
2026-08-06 00:41:37,277 - INFO - Rejected chunk_id 1165: Too similar to original (38.5% overlap)
2026-08-06 00:41:42,822 - INFO - Rejected chunk_id 748: Too similar to original (47.6% overlap)
2026-08-06 00:41:44,955 - INFO - Rejected chunk_id 68: Too similar to original (34.8% overlap)
2026-08-06 00:41:47,658 - INFO - Rejected chunk_id 715: Too similar to original (46.8% overlap)
2026-08-06 00:41:51,556 - INFO - Rejected chunk_id 92: Too similar to original (31.2% overlap)
2026-08-06 00:41:56,733 - INFO - Rejected chunk_id 6: Too similar to original (35.0% overlap)
2026-08-06 00:42:01,604 - INFO - Rejected chunk_id 325: Too similar to original (34.2% overlap)
2026-08-06 00:42:05,413 - INFO - Rejected chunk_id 2888: Contains 'Table'
2026-08-06 00:42:11,394 - INFO - Rejected chunk_id 1624: Too similar to original (32.1% overlap)
2026-08-06 00:42:15,035 - INFO - Rejected chunk_id 194: Too similar to original (37.5% overlap)
2026-08-06 00:42:16,740 - INFO - Rejected chunk_id 1355: Too similar to original (35.8% overlap)
2026-08-06 00:42:19,634 - INFO - Rejected chunk_id 271: Too similar to original (48.5% overlap)
2026-08-06 00:42:24,631 - INFO - Rejected chunk_id 2174: Too similar to original (38.9% overlap)
2026-08-06 00:42:26,581 - INFO - Rejected chunk_id 5601: Too similar to original (46.0% overlap)
2026-08-06 00:42:28,783 - INFO - Rejected chunk_id 5931: Contains 'Table'
2026-08-06 00:42:32,452 - INFO - Rejected chunk_id 510: Too similar to original (34.2% overlap)
2026-08-06 00:42:34,438 - INFO - Rejected chunk_id 1688: Too similar to original (38.6% overlap)
2026-08-06 00:42:36,173 - INFO - Rejected chunk_id 1133: Too similar to original (37.5% overlap)
2026-08-06 00:42:38,083 - INFO - Rejected chunk_id 2207: Too similar to original (33.3% overlap)
2026-08-06 00:42:42,398 - INFO - Rejected chunk_id 6432: Contains 'Table'
2026-08-06 00:42:44,936 - INFO - Rejected chunk_id 1303: Too similar to original (31.9% overlap)
2026-08-06 00:42:46,545 - INFO - Rejected chunk_id 1827: Too similar to original (34.0% overlap)
2026-08-06 00:42:48,454 - INFO - Rejected chunk_id 49: Too similar to original (38.1% overlap)
2026-08-06 00:42:49,985 - INFO - Rejected chunk_id 864: Too similar to original (30.2% overlap)
2026-08-06 00:42:52,481 - INFO - Rejected chunk_id 27: Too similar to original (31.0% overlap)
2026-08-06 00:42:54,422 - INFO - Rejected chunk_id 1196: Too similar to original (44.9% overlap)
2026-08-06 00:43:00,216 - INFO - Rejected chunk_id 376: Contains 'Figure'
2026-08-06 00:43:03,337 - INFO - Rejected chunk_id 434: Too similar to original (35.1% overlap)
2026-08-06 00:43:05,335 - INFO - Rejected chunk_id 5610: Contains 'Table'
2026-08-06 00:43:08,753 - INFO - Rejected chunk_id 1445: Too similar to original (33.9% overlap)
2026-08-06 00:43:11,961 - INFO - Rejected chunk_id 307: Too similar to original (48.4% overlap)
2026-08-06 00:43:13,736 - INFO - Rejected chunk_id 195: Too similar to original (30.2% overlap)
2026-08-06 00:43:15,570 - INFO - Rejected chunk_id 1903: Too similar to original (37.9% overlap)
2026-08-06 00:43:20,222 - INFO - Rejected chunk_id 2427: Too similar to original (34.7% overlap)
2026-08-06 00:43:22,518 - INFO - Rejected chunk_id 66: Too similar to original (40.0% overlap)
2026-08-06 00:43:24,417 - INFO - Rejected chunk_id 289: Too similar to original (38.3% overlap)
2026-08-06 00:43:26,312 - INFO - Rejected chunk_id 2611: Too similar to original (52.6% overlap)
2026-08-06 00:43:28,542 - INFO - Rejected chunk_id 6789: Too similar to original (58.0% overlap)
2026-08-06 00:43:31,343 - INFO - Rejected chunk_id 998: Too similar to original (49.4% overlap)
2026-08-06 00:43:35,949 - INFO - Rejected chunk_id 2932: Too similar to original (35.2% overlap)
2026-08-06 00:43:40,143 - INFO - Rejected chunk_id 845: Contains 'Table'
2026-08-06 00:43:42,016 - INFO - Rejected chunk_id 705: Too similar to original (37.7% overlap)
2026-08-06 00:43:44,311 - INFO - Rejected chunk_id 812: Too similar to original (36.2% overlap)
2026-08-06 00:43:46,319 - INFO - Rejected chunk_id 65: Too similar to original (50.9% overlap)
2026-08-06 00:43:48,004 - INFO - Rejected chunk_id 6754: Too similar to original (45.3% overlap)
2026-08-06 00:43:49,786 - INFO - Rejected chunk_id 279: Too similar to original (39.6% overlap)
2026-08-06 00:43:54,708 - INFO - Rejected chunk_id 936: Too similar to original (32.7% overlap)
2026-08-06 00:43:57,083 - INFO - Rejected chunk_id 423: Too similar to original (45.3% overlap)
2026-08-06 00:44:01,439 - INFO - Rejected chunk_id 532: Too similar to original (35.4% overlap)
2026-08-06 00:44:04,513 - INFO - Rejected chunk_id 504: Too similar to original (32.4% overlap)
2026-08-06 00:44:05,772 - INFO - Rejected chunk_id 1084: Too similar to original (43.1% overlap)
2026-08-06 00:44:07,349 - INFO - Rejected chunk_id 1176: Too similar to original (38.3% overlap)
2026-08-06 00:44:13,807 - INFO - Rejected chunk_id 4378: Too similar to original (36.6% overlap)
2026-08-06 00:44:15,802 - INFO - Rejected chunk_id 180: Too similar to original (45.6% overlap)
2026-08-06 00:44:18,819 - INFO - Rejected chunk_id 762: Too similar to original (41.0% overlap)
2026-08-06 00:44:21,103 - INFO - Rejected chunk_id 2143: Too similar to original (47.9% overlap)
2026-08-06 00:44:23,201 - INFO - Rejected chunk_id 2025: Too similar to original (50.7% overlap)
2026-08-06 00:44:26,382 - INFO - Rejected chunk_id 1740: Too similar to original (36.8% overlap)
2026-08-06 00:44:29,016 - INFO - Rejected chunk_id 812: Too similar to original (46.0% overlap)
2026-08-06 00:44:30,997 - INFO - Rejected chunk_id 191: Too similar to original (31.7% overlap)
2026-08-06 00:44:32,698 - INFO - Rejected chunk_id 311: Contains 'Figure'
2026-08-06 00:44:34,400 - INFO - Rejected chunk_id 511: Too similar to original (45.9% overlap)
2026-08-06 00:44:37,808 - INFO - Rejected chunk_id 555: Too similar to original (38.0% overlap)
2026-08-06 00:44:39,474 - INFO - Rejected chunk_id 106: Too similar to original (35.3% overlap)
2026-08-06 00:44:41,372 - INFO - Rejected chunk_id 450: Too similar to original (36.8% overlap)
2026-08-06 00:44:45,845 - INFO - Rejected chunk_id 2559: Too similar to original (51.7% overlap)
2026-08-06 00:44:47,470 - INFO - Rejected chunk_id 59: Too similar to original (49.1% overlap)
2026-08-06 00:44:50,249 - INFO - Rejected chunk_id 1390: Too similar to original (33.3% overlap)
2026-08-06 00:44:51,829 - INFO - Rejected chunk_id 1877: Too similar to original (33.3% overlap)
2026-08-06 00:44:53,965 - INFO - Rejected chunk_id 1055: Too similar to original (51.7% overlap)
2026-08-06 00:44:55,958 - INFO - Rejected chunk_id 1368: Too similar to original (46.5% overlap)
2026-08-06 00:44:59,397 - INFO - Rejected chunk_id 7273: Contains 'Table'
2026-08-06 00:45:03,392 - INFO - Rejected chunk_id 5446: Too similar to original (30.9% overlap)
2026-08-06 00:45:07,850 - INFO - Rejected chunk_id 1878: Too similar to original (35.7% overlap)
2026-08-06 00:45:11,124 - INFO - Rejected chunk_id 893: Too similar to original (33.3% overlap)
2026-08-06 00:45:12,724 - INFO - Rejected chunk_id 1039: Too similar to original (44.6% overlap)
2026-08-06 00:45:15,288 - INFO - Rejected chunk_id 1579: Too similar to original (33.3% overlap)
2026-08-06 00:45:17,162 - INFO - Rejected chunk_id 584: Too similar to original (41.5% overlap)
2026-08-06 00:45:19,019 - INFO - Rejected chunk_id 54: Too similar to original (32.9% overlap)
2026-08-06 00:45:22,269 - INFO - Rejected chunk_id 2470: Too similar to original (58.7% overlap)
2026-08-06 00:45:24,532 - INFO - Rejected chunk_id 528: Too similar to original (53.3% overlap)
2026-08-06 00:45:26,144 - INFO - Rejected chunk_id 2204: Too similar to original (32.1% overlap)
2026-08-06 00:45:28,773 - INFO - Rejected chunk_id 2281: Contains 'Table'
2026-08-06 00:45:31,140 - INFO - Rejected chunk_id 2897: Too similar to original (33.3% overlap)
2026-08-06 00:45:34,630 - INFO - Rejected chunk_id 330: Too similar to original (49.1% overlap)
2026-08-06 00:45:37,094 - INFO - Rejected chunk_id 4098: Too similar to original (32.1% overlap)
2026-08-06 00:45:39,452 - INFO - Rejected chunk_id 2461: Too similar to original (56.5% overlap)
2026-08-06 00:45:41,267 - INFO - Rejected chunk_id 433: Too similar to original (35.8% overlap)
2026-08-06 00:45:46,042 - INFO - Rejected chunk_id 380: Contains 'Table'
2026-08-06 00:45:50,366 - INFO - Rejected chunk_id 6336: Contains 'Table'
2026-08-06 00:45:51,965 - INFO - Rejected chunk_id 1919: Too similar to original (41.9% overlap)
2026-08-06 00:45:54,233 - INFO - Rejected chunk_id 982: Too similar to original (36.2% overlap)
2026-08-06 00:45:58,565 - INFO - Rejected chunk_id 136: Too similar to original (43.8% overlap)
2026-08-06 00:46:01,527 - INFO - Rejected chunk_id 24: Too similar to original (35.3% overlap)
2026-08-06 00:46:04,438 - INFO - Rejected chunk_id 189: Too similar to original (42.0% overlap)
2026-08-06 00:46:08,276 - INFO - Rejected chunk_id 5133: Too similar to original (42.0% overlap)
2026-08-06 00:46:14,336 - INFO - Rejected chunk_id 300: Too similar to original (33.8% overlap)
2026-08-06 00:46:16,128 - INFO - Rejected chunk_id 2323: Too similar to original (47.0% overlap)
2026-08-06 00:46:19,486 - INFO - Rejected chunk_id 2523: Contains 'Table'
2026-08-06 00:46:22,139 - INFO - Rejected chunk_id 319: Too similar to original (47.2% overlap)
2026-08-06 00:46:24,817 - INFO - Rejected chunk_id 1020: Contains 'Table'
2026-08-06 00:46:27,456 - INFO - Rejected chunk_id 324: Too similar to original (35.7% overlap)
2026-08-06 00:46:29,946 - INFO - Rejected chunk_id 4131: Contains 'Table'
2026-08-06 00:46:35,533 - INFO - Rejected chunk_id 2791: Too similar to original (41.4% overlap)
2026-08-06 00:46:37,789 - INFO - Rejected chunk_id 928: Too similar to original (36.4% overlap)
2026-08-06 00:46:39,983 - INFO - Rejected chunk_id 2917: Too similar to original (50.8% overlap)
2026-08-06 00:46:41,369 - INFO - Rejected chunk_id 2641: Contains 'Figure'
2026-08-06 00:46:44,819 - INFO - Rejected chunk_id 56: Too similar to original (41.5% overlap)
2026-08-06 00:46:48,334 - INFO - Rejected chunk_id 313: Too similar to original (33.3% overlap)
2026-08-06 00:46:50,128 - INFO - Rejected chunk_id 2078: Too similar to original (47.1% overlap)
2026-08-06 00:46:51,929 - INFO - Rejected chunk_id 128: Too similar to original (32.7% overlap)
2026-08-06 00:46:54,997 - INFO - Rejected chunk_id 31: Too similar to original (41.7% overlap)
2026-08-06 00:46:57,579 - INFO - Rejected chunk_id 2786: Too similar to original (50.7% overlap)
2026-08-06 00:47:01,766 - INFO - Rejected chunk_id 2227: Too similar to original (40.9% overlap)
2026-08-06 00:47:08,021 - INFO - Rejected chunk_id 547: Too similar to original (36.2% overlap)
2026-08-06 00:47:13,554 - INFO - Rejected chunk_id 431: Too similar to original (54.5% overlap)
2026-08-06 00:47:15,390 - INFO - Rejected chunk_id 305: Too similar to original (50.0% overlap)
2026-08-06 00:47:17,196 - INFO - Rejected chunk_id 2254: Too similar to original (40.3% overlap)
2026-08-06 00:47:19,786 - INFO - Rejected chunk_id 1870: Too similar to original (44.0% overlap)
2026-08-06 00:47:21,515 - INFO - Rejected chunk_id 48: Too similar to original (50.0% overlap)
2026-08-06 00:47:25,441 - INFO - Rejected chunk_id 1424: Contains 'Table'
2026-08-06 00:47:28,243 - INFO - Rejected chunk_id 1379: Too similar to original (30.4% overlap)
2026-08-06 00:47:31,295 - INFO - Rejected chunk_id 1070: Too similar to original (34.5% overlap)
2026-08-06 00:47:33,543 - INFO - Rejected chunk_id 4074: Too similar to original (30.7% overlap)
2026-08-06 00:47:35,502 - INFO - Rejected chunk_id 145: Too similar to original (31.2% overlap)
2026-08-06 00:47:37,991 - INFO - Rejected chunk_id 4719: Contains 'Table'
2026-08-06 00:47:41,755 - INFO - Rejected chunk_id 3652: Contains 'Table'
2026-08-06 00:47:43,819 - INFO - Rejected chunk_id 982: Too similar to original (43.4% overlap)
2026-08-06 00:47:45,659 - INFO - Rejected chunk_id 931: Too similar to original (42.4% overlap)
2026-08-06 00:47:50,626 - INFO - Rejected chunk_id 2258: Too similar to original (38.0% overlap)
2026-08-06 00:47:54,251 - INFO - Rejected chunk_id 2175: Too similar to original (42.2% overlap)
2026-08-06 00:47:56,720 - INFO - Rejected chunk_id 109: Too similar to original (47.1% overlap)
2026-08-06 00:47:59,140 - INFO - Rejected chunk_id 957: Too similar to original (55.6% overlap)
2026-08-06 00:48:01,622 - INFO - Rejected chunk_id 1340: Too similar to original (31.2% overlap)
2026-08-06 00:48:04,155 - INFO - Rejected chunk_id 2585: Too similar to original (52.2% overlap)
2026-08-06 00:48:06,431 - INFO - Rejected chunk_id 275: Too similar to original (33.9% overlap)
2026-08-06 00:48:11,403 - INFO - Rejected chunk_id 3085: Too similar to original (46.0% overlap)
2026-08-06 00:48:13,294 - INFO - Rejected chunk_id 1839: Too similar to original (45.3% overlap)
2026-08-06 00:48:19,220 - INFO - Rejected chunk_id 679: Too similar to original (37.1% overlap)
2026-08-06 00:48:20,779 - INFO - Rejected chunk_id 1190: Too similar to original (69.4% overlap)
2026-08-06 00:48:27,464 - INFO - Rejected chunk_id 650: Too similar to original (45.8% overlap)
2026-08-06 00:48:29,299 - INFO - Rejected chunk_id 223: Too similar to original (48.4% overlap)
2026-08-06 00:48:34,186 - INFO - Rejected chunk_id 1567: Too similar to original (42.5% overlap)
2026-08-06 00:48:36,591 - INFO - Rejected chunk_id 2116: Too similar to original (55.7% overlap)
2026-08-06 00:48:41,194 - INFO - Rejected chunk_id 633: Too similar to original (44.1% overlap)
2026-08-06 00:48:44,359 - INFO - Rejected chunk_id 899: Too similar to original (34.8% overlap)
2026-08-06 00:48:51,715 - INFO - Rejected chunk_id 254: Too similar to original (30.6% overlap)
2026-08-06 00:48:54,742 - INFO - Rejected chunk_id 440: Too similar to original (43.6% overlap)
2026-08-06 00:48:58,865 - INFO - Rejected chunk_id 66: Too similar to original (45.9% overlap)
2026-08-06 00:49:01,129 - INFO - Rejected chunk_id 7337: Contains 'Table'
2026-08-06 00:49:03,005 - INFO - Rejected chunk_id 2488: Too similar to original (49.2% overlap)
2026-08-06 00:49:07,254 - INFO - Rejected chunk_id 1810: Too similar to original (40.3% overlap)
2026-08-06 00:49:09,329 - INFO - Rejected chunk_id 2513: Too similar to original (32.7% overlap)
2026-08-06 00:49:11,400 - INFO - Rejected chunk_id 6453: Too similar to original (34.8% overlap)
2026-08-06 00:49:13,949 - INFO - Rejected chunk_id 1098: Too similar to original (37.0% overlap)
2026-08-06 00:49:16,608 - INFO - Rejected chunk_id 950: Too similar to original (39.5% overlap)
2026-08-06 00:49:18,340 - INFO - Rejected chunk_id 214: Too similar to original (39.3% overlap)
2026-08-06 00:49:20,483 - INFO - Rejected chunk_id 1406: Too similar to original (43.9% overlap)
2026-08-06 00:49:22,625 - INFO - Rejected chunk_id 212: Too similar to original (49.3% overlap)
2026-08-06 00:49:24,779 - INFO - Rejected chunk_id 7201: Contains 'Table'
2026-08-06 00:49:27,949 - INFO - Rejected chunk_id 2213: Contains 'Table'
2026-08-06 00:49:30,324 - INFO - Rejected chunk_id 2550: Too similar to original (40.3% overlap)
2026-08-06 00:49:32,145 - INFO - Rejected chunk_id 1779: Contains 'Table'
2026-08-06 00:49:36,922 - INFO - Rejected chunk_id 1958: Too similar to original (40.5% overlap)
2026-08-06 00:49:40,965 - INFO - Rejected chunk_id 1891: Too similar to original (32.3% overlap)
2026-08-06 00:49:47,254 - INFO - Rejected chunk_id 2111: Too similar to original (32.7% overlap)
2026-08-06 00:49:48,935 - INFO - Rejected chunk_id 2211: Too similar to original (37.7% overlap)
2026-08-06 00:49:51,503 - INFO - Rejected chunk_id 1799: Too similar to original (34.8% overlap)
2026-08-06 00:49:52,774 - INFO - Rejected chunk_id 111: Too similar to original (46.9% overlap)
2026-08-06 00:49:57,393 - INFO - Rejected chunk_id 2512: Too similar to original (50.9% overlap)
2026-08-06 00:50:02,608 - INFO - Rejected chunk_id 2166: Too similar to original (33.3% overlap)
2026-08-06 00:50:09,296 - INFO - Rejected chunk_id 4448: Too similar to original (36.5% overlap)
2026-08-06 00:50:13,311 - INFO - Rejected chunk_id 2619: Too similar to original (62.3% overlap)
2026-08-06 00:50:15,254 - INFO - Rejected chunk_id 2649: Contains 'Table'
2026-08-06 00:50:17,253 - INFO - Rejected chunk_id 120: Too similar to original (35.3% overlap)
2026-08-06 00:50:18,896 - INFO - Rejected chunk_id 4444: Too similar to original (44.3% overlap)
2026-08-06 00:50:20,909 - INFO - Rejected chunk_id 932: Contains 'Table'
2026-08-06 00:50:23,374 - INFO - Rejected chunk_id 565: Too similar to original (48.3% overlap)
2026-08-06 00:50:26,447 - INFO - Rejected chunk_id 2902: Contains 'Table'
2026-08-06 00:50:27,883 - INFO - Rejected chunk_id 1057: Too similar to original (40.4% overlap)
2026-08-06 00:50:29,116 - INFO - Rejected chunk_id 806: Too similar to original (31.0% overlap)
2026-08-06 00:50:32,491 - INFO - Rejected chunk_id 135: Too similar to original (43.1% overlap)
2026-08-06 00:50:36,528 - INFO - Rejected chunk_id 428: Too similar to original (37.3% overlap)
2026-08-06 00:50:39,042 - INFO - Rejected chunk_id 2830: Too similar to original (35.4% overlap)
2026-08-06 00:50:44,286 - INFO - Rejected chunk_id 3151: Contains 'Table'
2026-08-06 00:50:48,830 - INFO - Rejected chunk_id 707: Too similar to original (56.5% overlap)
2026-08-06 00:50:54,085 - INFO - Rejected chunk_id 679: Too similar to original (49.2% overlap)
2026-08-06 00:50:58,955 - INFO - Rejected chunk_id 203: Too similar to original (36.8% overlap)
2026-08-06 00:51:01,189 - INFO - Rejected chunk_id 1285: Too similar to original (52.6% overlap)
2026-08-06 00:51:04,660 - INFO - Rejected chunk_id 493: Too similar to original (40.6% overlap)
2026-08-06 00:51:09,652 - INFO - Rejected chunk_id 1959: Too similar to original (30.7% overlap)
2026-08-06 00:51:11,210 - INFO - Rejected chunk_id 2240: Too similar to original (44.7% overlap)
2026-08-06 00:51:13,845 - INFO - Rejected chunk_id 3297: Too similar to original (41.1% overlap)
2026-08-06 00:51:16,393 - INFO - Rejected chunk_id 1529: Contains 'Table'
2026-08-06 00:51:19,864 - INFO - Rejected chunk_id 2170: Contains 'Table'
2026-08-06 00:51:22,429 - INFO - Rejected chunk_id 133: Too similar to original (30.5% overlap)
2026-08-06 00:51:25,954 - INFO - Rejected chunk_id 1659: Too similar to original (31.2% overlap)
2026-08-06 00:51:30,182 - INFO - Rejected chunk_id 74: Too similar to original (40.0% overlap)
2026-08-06 00:51:33,255 - INFO - Rejected chunk_id 3993: Contains 'Table'
2026-08-06 00:51:34,954 - INFO - Rejected chunk_id 2957: Too similar to original (32.2% overlap)
2026-08-06 00:51:36,577 - INFO - Rejected chunk_id 2970: Too similar to original (43.3% overlap)
2026-08-06 00:51:38,790 - INFO - Rejected chunk_id 1021: Too similar to original (45.6% overlap)
2026-08-06 00:51:40,790 - INFO - Rejected chunk_id 1331: Too similar to original (38.0% overlap)
2026-08-06 00:51:42,655 - INFO - Rejected chunk_id 91: Too similar to original (36.2% overlap)
2026-08-06 00:51:45,274 - INFO - Rejected chunk_id 1080: Too similar to original (36.9% overlap)
2026-08-06 00:51:49,091 - INFO - Rejected chunk_id 4423: Contains 'Table'
2026-08-06 00:51:54,920 - INFO - Rejected chunk_id 2929: Too similar to original (47.4% overlap)
2026-08-06 00:51:57,367 - INFO - Rejected chunk_id 1944: Too similar to original (30.3% overlap)
2026-08-06 00:52:00,307 - INFO - Rejected chunk_id 720: Too similar to original (53.3% overlap)
2026-08-06 00:52:02,420 - INFO - Rejected chunk_id 472: Too similar to original (47.6% overlap)
2026-08-06 00:52:05,758 - INFO - Rejected chunk_id 2628: Too similar to original (47.8% overlap)
2026-08-06 00:52:10,549 - INFO - Rejected chunk_id 2840: Too similar to original (42.2% overlap)
2026-08-06 00:52:15,187 - INFO - Rejected chunk_id 3891: Contains 'Table'
2026-08-06 00:52:20,574 - INFO - Rejected chunk_id 1826: Too similar to original (37.7% overlap)
2026-08-06 00:52:22,601 - INFO - Rejected chunk_id 5734: Too similar to original (42.3% overlap)
2026-08-06 00:52:24,055 - INFO - Rejected chunk_id 2471: Too similar to original (36.4% overlap)
2026-08-06 00:52:29,031 - INFO - Rejected chunk_id 1400: Too similar to original (31.4% overlap)
2026-08-06 00:52:31,288 - INFO - Rejected chunk_id 197: Contains 'Figure'
2026-08-06 00:52:34,281 - INFO - Rejected chunk_id 55: Too similar to original (42.0% overlap)
2026-08-06 00:52:39,236 - INFO - Rejected chunk_id 2894: Too similar to original (46.0% overlap)
2026-08-06 00:52:53,097 - INFO - Rejected chunk_id 2603: Too similar to original (37.9% overlap)
2026-08-06 00:52:57,564 - INFO - Rejected chunk_id 323: Too similar to original (41.6% overlap)
2026-08-06 00:52:59,802 - INFO - Rejected chunk_id 1355: Too similar to original (44.1% overlap)
2026-08-06 00:53:04,714 - INFO - Rejected chunk_id 506: Too similar to original (40.9% overlap)
2026-08-06 00:53:07,682 - INFO - Rejected chunk_id 1583: Too similar to original (37.5% overlap)
2026-08-06 00:53:12,137 - INFO - Rejected chunk_id 2574: Too similar to original (42.1% overlap)
2026-08-06 00:53:14,743 - INFO - Rejected chunk_id 165: Too similar to original (38.0% overlap)
2026-08-06 00:53:18,747 - INFO - Rejected chunk_id 240: Too similar to original (36.0% overlap)
2026-08-06 00:53:20,799 - INFO - Rejected chunk_id 2042: Too similar to original (56.2% overlap)
2026-08-06 00:53:22,914 - INFO - Rejected chunk_id 4055: Contains 'Table'
2026-08-06 00:53:25,261 - INFO - Rejected chunk_id 296: Too similar to original (51.9% overlap)
2026-08-06 00:53:27,396 - INFO - Rejected chunk_id 764: Too similar to original (44.4% overlap)
2026-08-06 00:53:30,259 - INFO - Rejected chunk_id 70: Too similar to original (47.4% overlap)
2026-08-06 00:53:32,920 - INFO - Rejected chunk_id 573: Too similar to original (31.3% overlap)
2026-08-06 00:53:37,521 - INFO - Rejected chunk_id 5922: Contains 'Table'
2026-08-06 00:53:39,479 - INFO - Rejected chunk_id 153: Too similar to original (34.4% overlap)
2026-08-06 00:53:43,336 - INFO - Rejected chunk_id 839: Too similar to original (33.8% overlap)
2026-08-06 00:53:47,909 - INFO - Rejected chunk_id 3526: Contains 'Table'
2026-08-06 00:53:50,797 - INFO - Rejected chunk_id 367: Too similar to original (51.5% overlap)
2026-08-06 00:53:53,483 - INFO - Rejected chunk_id 7338: Contains 'Figure'
2026-08-06 00:53:57,642 - INFO - Rejected chunk_id 413: Too similar to original (31.9% overlap)
2026-08-06 00:54:02,569 - INFO - Rejected chunk_id 398: Too similar to original (52.2% overlap)
2026-08-06 00:54:05,068 - INFO - Rejected chunk_id 3932: Too similar to original (42.5% overlap)
2026-08-06 00:54:06,753 - INFO - Rejected chunk_id 3915: Contains 'Table'
2026-08-06 00:54:08,204 - INFO - Rejected chunk_id 5183: Too similar to original (45.7% overlap)
2026-08-06 00:54:11,398 - INFO - Rejected chunk_id 461: Too similar to original (38.5% overlap)
2026-08-06 00:54:15,357 - INFO - Rejected chunk_id 216: Too similar to original (35.9% overlap)
2026-08-06 00:54:16,891 - INFO - Rejected chunk_id 767: Too similar to original (39.3% overlap)
2026-08-06 00:54:18,033 - INFO - Rejected chunk_id 2695: Too similar to original (31.6% overlap)
2026-08-06 00:54:25,888 - INFO - Rejected chunk_id 211: Too similar to original (30.2% overlap)
2026-08-06 00:54:27,392 - INFO - Rejected chunk_id 1634: Too similar to original (42.3% overlap)
2026-08-06 00:54:29,503 - INFO - Rejected chunk_id 468: Too similar to original (41.4% overlap)
2026-08-06 00:54:31,901 - INFO - Rejected chunk_id 2592: Too similar to original (46.9% overlap)
2026-08-06 00:54:34,127 - INFO - Rejected chunk_id 18: Too similar to original (38.0% overlap)
2026-08-06 00:54:35,948 - INFO - Rejected chunk_id 619: Too similar to original (39.3% overlap)
2026-08-06 00:54:37,738 - INFO - Rejected chunk_id 135: Too similar to original (46.9% overlap)
2026-08-06 00:54:41,196 - INFO - Rejected chunk_id 2762: Too similar to original (37.7% overlap)
2026-08-06 00:54:43,446 - INFO - Rejected chunk_id 1488: Too similar to original (54.8% overlap)
2026-08-06 00:54:44,986 - INFO - Rejected chunk_id 1787: Too similar to original (56.4% overlap)
2026-08-06 00:54:51,228 - INFO - Rejected chunk_id 339: Too similar to original (44.8% overlap)
2026-08-06 00:54:54,745 - INFO - Rejected chunk_id 6842: Contains 'Table'
2026-08-06 00:54:58,904 - INFO - Rejected chunk_id 51: Too similar to original (46.8% overlap)
2026-08-06 00:55:00,884 - INFO - Rejected chunk_id 2524: Too similar to original (42.9% overlap)
2026-08-06 00:55:11,085 - INFO - Rejected chunk_id 93: Too similar to original (37.5% overlap)
2026-08-06 00:55:14,210 - INFO - Rejected chunk_id 2072: Too similar to original (37.7% overlap)
2026-08-06 00:55:24,510 - INFO - Rejected chunk_id 1856: Too similar to original (34.5% overlap)
2026-08-06 00:55:26,593 - INFO - Rejected chunk_id 2463: Too similar to original (38.6% overlap)
2026-08-06 00:55:30,423 - INFO - Rejected chunk_id 940: Too similar to original (44.9% overlap)
2026-08-06 00:55:35,122 - INFO - Rejected chunk_id 588: Too similar to original (34.3% overlap)
2026-08-06 00:55:37,556 - INFO - Rejected chunk_id 2165: Contains 'Table'
2026-08-06 00:55:39,302 - INFO - Rejected chunk_id 1495: Too similar to original (30.5% overlap)
2026-08-06 00:55:41,291 - INFO - Rejected chunk_id 301: Too similar to original (38.1% overlap)
2026-08-06 00:55:44,455 - INFO - Rejected chunk_id 725: Too similar to original (31.0% overlap)
2026-08-06 00:55:49,261 - INFO - Rejected chunk_id 7332: Too similar to original (45.6% overlap)
2026-08-06 00:55:51,743 - INFO - Rejected chunk_id 89: Too similar to original (53.8% overlap)
2026-08-06 00:55:57,995 - INFO - Rejected chunk_id 37: Too similar to original (33.3% overlap)
2026-08-06 00:56:02,543 - INFO - Rejected chunk_id 44: Too similar to original (50.0% overlap)
2026-08-06 00:56:04,834 - INFO - Rejected chunk_id 2833: Too similar to original (45.9% overlap)
2026-08-06 00:56:08,613 - INFO - Rejected chunk_id 4405: Too similar to original (32.4% overlap)
2026-08-06 00:56:16,178 - INFO - Rejected chunk_id 374: Too similar to original (43.7% overlap)
2026-08-06 00:56:24,493 - INFO - Rejected chunk_id 2150: Too similar to original (64.2% overlap)
2026-08-06 00:56:26,888 - INFO - Rejected chunk_id 360: Too similar to original (43.8% overlap)
2026-08-06 00:56:31,512 - INFO - Rejected chunk_id 920: Contains 'Table'
2026-08-06 00:56:38,046 - INFO - Rejected chunk_id 5514: Contains 'Table'
2026-08-06 00:56:40,238 - INFO - Rejected chunk_id 2664: Too similar to original (42.0% overlap)
2026-08-06 00:56:46,335 - INFO - Rejected chunk_id 522: Too similar to original (41.1% overlap)
2026-08-06 00:56:48,838 - INFO - Rejected chunk_id 907: Too similar to original (45.1% overlap)
2026-08-06 00:56:53,783 - INFO - Rejected chunk_id 1932: Too similar to original (40.4% overlap)
2026-08-06 00:56:56,078 - INFO - Rejected chunk_id 2324: Too similar to original (47.3% overlap)
2026-08-06 00:56:59,324 - INFO - Rejected chunk_id 1100: Too similar to original (40.3% overlap)
2026-08-06 00:57:01,382 - INFO - Rejected chunk_id 1628: Too similar to original (50.8% overlap)
2026-08-06 00:57:03,107 - INFO - Rejected chunk_id 2413: Too similar to original (35.1% overlap)
2026-08-06 00:57:05,376 - INFO - Rejected chunk_id 636: Too similar to original (40.7% overlap)
2026-08-06 00:57:11,866 - INFO - Rejected chunk_id 4383: Too similar to original (34.4% overlap)
2026-08-06 00:57:14,273 - INFO - Rejected chunk_id 3159: Too similar to original (52.8% overlap)
2026-08-06 00:57:21,381 - INFO - Rejected chunk_id 329: Too similar to original (30.8% overlap)
2026-08-06 00:57:24,233 - INFO - Rejected chunk_id 1809: Too similar to original (33.8% overlap)
2026-08-06 00:57:26,325 - INFO - Rejected chunk_id 2779: Too similar to original (51.1% overlap)
2026-08-06 00:57:28,814 - INFO - Rejected chunk_id 122: Too similar to original (43.8% overlap)
2026-08-06 00:57:33,335 - INFO - Rejected chunk_id 1048: Too similar to original (42.2% overlap)
2026-08-06 00:57:38,354 - INFO - Rejected chunk_id 533: Too similar to original (53.7% overlap)
2026-08-06 00:57:40,153 - INFO - Rejected chunk_id 138: Too similar to original (30.6% overlap)
2026-08-06 00:57:42,808 - INFO - Rejected chunk_id 111: Too similar to original (46.7% overlap)
2026-08-06 00:57:45,238 - INFO - Rejected chunk_id 212: Too similar to original (45.5% overlap)
2026-08-06 00:57:49,800 - INFO - Rejected chunk_id 529: Too similar to original (41.8% overlap)
2026-08-06 00:57:55,733 - INFO - Rejected chunk_id 174: Too similar to original (42.1% overlap)
2026-08-06 00:58:00,040 - INFO - Rejected chunk_id 210: Too similar to original (43.3% overlap)
2026-08-06 00:58:02,539 - INFO - Rejected chunk_id 4791: Too similar to original (38.9% overlap)
2026-08-06 00:58:05,004 - INFO - Rejected chunk_id 266: Too similar to original (44.9% overlap)
2026-08-06 00:58:07,106 - INFO - Rejected chunk_id 269: Too similar to original (61.3% overlap)
2026-08-06 00:58:09,822 - INFO - Rejected chunk_id 1264: Too similar to original (40.8% overlap)
2026-08-06 00:58:11,971 - INFO - Rejected chunk_id 1419: Too similar to original (40.7% overlap)
2026-08-06 00:58:13,663 - INFO - Rejected chunk_id 289: Too similar to original (42.9% overlap)
2026-08-06 00:58:19,711 - INFO - Rejected chunk_id 1050: Too similar to original (36.8% overlap)
2026-08-06 00:58:23,530 - INFO - Rejected chunk_id 862: Contains 'Table'
2026-08-06 00:58:26,367 - INFO - Rejected chunk_id 522: Contains 'Figure'
2026-08-06 00:58:28,098 - INFO - Rejected chunk_id 1341: Too similar to original (31.6% overlap)
2026-08-06 00:58:32,200 - INFO - Rejected chunk_id 3904: Too similar to original (37.9% overlap)
2026-08-06 00:58:34,097 - INFO - Rejected chunk_id 640: Too similar to original (49.1% overlap)
2026-08-06 00:58:37,134 - INFO - Rejected chunk_id 2314: Too similar to original (31.1% overlap)
2026-08-06 00:58:39,171 - INFO - Rejected chunk_id 780: Too similar to original (40.6% overlap)
2026-08-06 00:58:41,984 - INFO - Rejected chunk_id 972: Too similar to original (38.8% overlap)
2026-08-06 00:58:44,537 - INFO - Rejected chunk_id 1045: Too similar to original (33.3% overlap)
2026-08-06 00:58:49,006 - INFO - Rejected chunk_id 383: Too similar to original (30.7% overlap)
2026-08-06 00:58:51,194 - INFO - Rejected chunk_id 2184: Too similar to original (30.8% overlap)
2026-08-06 00:58:56,412 - INFO - Rejected chunk_id 2873: Too similar to original (42.2% overlap)
2026-08-06 00:59:04,795 - INFO - Rejected chunk_id 402: Too similar to original (38.2% overlap)
2026-08-06 00:59:12,222 - INFO - Rejected chunk_id 893: Too similar to original (57.1% overlap)
2026-08-06 00:59:15,518 - INFO - Rejected chunk_id 680: Too similar to original (40.6% overlap)
2026-08-06 00:59:20,951 - INFO - Rejected chunk_id 164: Too similar to original (32.4% overlap)
2026-08-06 00:59:26,981 - INFO - Rejected chunk_id 214: Too similar to original (49.2% overlap)
2026-08-06 00:59:30,261 - INFO - Rejected chunk_id 235: Too similar to original (39.1% overlap)
2026-08-06 00:59:33,183 - INFO - Rejected chunk_id 59: Too similar to original (42.0% overlap)
2026-08-06 00:59:35,005 - INFO - Rejected chunk_id 1433: Too similar to original (37.5% overlap)
2026-08-06 00:59:40,799 - INFO - Rejected chunk_id 509: Too similar to original (59.4% overlap)
2026-08-06 00:59:43,048 - INFO - Rejected chunk_id 1287: Too similar to original (44.8% overlap)
2026-08-06 00:59:44,866 - INFO - Rejected chunk_id 1032: Too similar to original (53.8% overlap)
2026-08-06 00:59:47,021 - INFO - Rejected chunk_id 1271: Too similar to original (31.4% overlap)
2026-08-06 00:59:49,380 - INFO - Rejected chunk_id 2007: Too similar to original (30.8% overlap)
2026-08-06 00:59:54,594 - INFO - Rejected chunk_id 1912: Too similar to original (30.4% overlap)
2026-08-06 00:59:58,169 - INFO - Rejected chunk_id 316: Too similar to original (36.5% overlap)
2026-08-06 01:00:07,710 - INFO - Rejected chunk_id 1273: Too similar to original (50.7% overlap)
2026-08-06 01:00:09,446 - INFO - Rejected chunk_id 5946: Too similar to original (33.3% overlap)
2026-08-06 01:00:13,839 - INFO - Rejected chunk_id 4598: Too similar to original (30.9% overlap)
2026-08-06 01:00:15,957 - INFO - Rejected chunk_id 1895: Too similar to original (45.3% overlap)
2026-08-06 01:00:37,725 - INFO - Rejected chunk_id 333: Too similar to original (38.8% overlap)
2026-08-06 01:00:39,243 - INFO - Rejected chunk_id 2951: Too similar to original (45.1% overlap)
2026-08-06 01:00:42,124 - INFO - Rejected chunk_id 380: Too similar to original (31.1% overlap)
2026-08-06 01:00:44,149 - INFO - Rejected chunk_id 2159: Too similar to original (47.4% overlap)
2026-08-06 01:00:48,820 - INFO - Rejected chunk_id 4494: Too similar to original (53.3% overlap)
2026-08-06 01:00:50,485 - INFO - Rejected chunk_id 64: Too similar to original (46.9% overlap)
2026-08-06 01:00:53,811 - INFO - Rejected chunk_id 1005: Contains 'Table'
2026-08-06 01:00:55,723 - INFO - Rejected chunk_id 2490: Too similar to original (46.5% overlap)
2026-08-06 01:00:57,984 - INFO - Rejected chunk_id 79: Too similar to original (45.9% overlap)
2026-08-06 01:01:01,772 - INFO - Rejected chunk_id 2687: Too similar to original (31.0% overlap)
2026-08-06 01:01:11,084 - INFO - Rejected chunk_id 1762: Too similar to original (38.3% overlap)
2026-08-06 01:01:13,844 - INFO - Rejected chunk_id 557: Too similar to original (35.7% overlap)
2026-08-06 01:01:16,335 - INFO - Rejected chunk_id 376: Too similar to original (35.8% overlap)
2026-08-06 01:01:23,266 - INFO - Rejected chunk_id 2207: Too similar to original (35.1% overlap)
2026-08-06 01:01:28,992 - INFO - Rejected chunk_id 13: Too similar to original (32.2% overlap)
2026-08-06 01:01:30,825 - INFO - Rejected chunk_id 2187: Too similar to original (32.8% overlap)
2026-08-06 01:01:33,051 - INFO - Rejected chunk_id 412: Too similar to original (46.8% overlap)
2026-08-06 01:01:36,897 - INFO - Rejected chunk_id 2256: Contains 'Table'
2026-08-06 01:01:45,189 - INFO - Rejected chunk_id 4685: Too similar to original (30.9% overlap)
2026-08-06 01:01:47,949 - INFO - Rejected chunk_id 120: Too similar to original (46.8% overlap)
2026-08-06 01:01:52,004 - INFO - Rejected chunk_id 2435: Too similar to original (36.8% overlap)
2026-08-06 01:01:54,910 - INFO - Rejected chunk_id 844: Too similar to original (31.2% overlap)
2026-08-06 01:01:57,246 - INFO - Rejected chunk_id 1843: Too similar to original (34.9% overlap)
2026-08-06 01:02:05,257 - INFO - Rejected chunk_id 142: Too similar to original (33.3% overlap)
2026-08-06 01:02:06,376 - INFO - Rejected chunk_id 4959: Too similar to original (31.1% overlap)
2026-08-06 01:02:14,804 - INFO - Rejected chunk_id 183: Too similar to original (36.8% overlap)
2026-08-06 01:02:19,610 - INFO - Rejected chunk_id 3188: Too similar to original (38.2% overlap)
2026-08-06 01:02:23,469 - INFO - Rejected chunk_id 39: Too similar to original (31.5% overlap)
2026-08-06 01:02:28,005 - INFO - Rejected chunk_id 751: Too similar to original (35.9% overlap)
2026-08-06 01:02:33,176 - INFO - Rejected chunk_id 1045: Too similar to original (48.5% overlap)
2026-08-06 01:02:35,063 - INFO - Rejected chunk_id 1781: Too similar to original (57.6% overlap)
2026-08-06 01:02:38,549 - INFO - Rejected chunk_id 4520: Too similar to original (32.3% overlap)
2026-08-06 01:02:40,394 - INFO - Rejected chunk_id 1227: Contains 'Table'
2026-08-06 01:02:42,376 - INFO - Rejected chunk_id 1191: Too similar to original (33.3% overlap)
2026-08-06 01:02:45,496 - INFO - Rejected chunk_id 2304: Too similar to original (44.6% overlap)
2026-08-06 01:02:47,061 - INFO - Rejected chunk_id 41: Too similar to original (43.9% overlap)
2026-08-06 01:02:50,491 - INFO - Rejected chunk_id 129: Too similar to original (36.1% overlap)
2026-08-06 01:02:52,219 - INFO - Rejected chunk_id 224: Too similar to original (38.7% overlap)
2026-08-06 01:02:53,936 - INFO - Rejected chunk_id 297: Contains 'Figure'
2026-08-06 01:02:56,009 - INFO - Rejected chunk_id 203: Too similar to original (46.8% overlap)
2026-08-06 01:02:58,374 - INFO - Rejected chunk_id 920: Contains 'Table'
2026-08-06 01:03:00,317 - INFO - Rejected chunk_id 1077: Too similar to original (32.8% overlap)
2026-08-06 01:03:03,362 - INFO - Rejected chunk_id 2005: Too similar to original (31.1% overlap)
2026-08-06 01:03:08,812 - INFO - Rejected chunk_id 1134: Contains 'Table'
2026-08-06 01:03:10,287 - INFO - Rejected chunk_id 2123: Too similar to original (35.7% overlap)
2026-08-06 01:03:11,851 - INFO - Rejected chunk_id 2596: Too similar to original (53.4% overlap)
2026-08-06 01:03:13,610 - INFO - Rejected chunk_id 436: Too similar to original (53.4% overlap)
2026-08-06 01:03:17,390 - INFO - Rejected chunk_id 2010: Contains 'Table'
2026-08-06 01:03:19,592 - INFO - Rejected chunk_id 1608: Too similar to original (44.4% overlap)
2026-08-06 01:03:27,867 - INFO - Rejected chunk_id 579: Contains 'Table'
2026-08-06 01:03:32,449 - INFO - Rejected chunk_id 359: Too similar to original (32.3% overlap)
2026-08-06 01:03:35,049 - INFO - Rejected chunk_id 399: Too similar to original (48.3% overlap)
2026-08-06 01:03:36,915 - INFO - Rejected chunk_id 2870: Too similar to original (39.1% overlap)
2026-08-06 01:03:40,146 - INFO - Rejected chunk_id 136: Too similar to original (34.4% overlap)
2026-08-06 01:03:41,660 - INFO - Rejected chunk_id 858: Too similar to original (42.4% overlap)
2026-08-06 01:03:47,720 - INFO - Rejected chunk_id 2098: Too similar to original (59.6% overlap)
2026-08-06 01:03:51,668 - INFO - Rejected chunk_id 296: Too similar to original (38.7% overlap)
2026-08-06 01:03:52,955 - INFO - Rejected chunk_id 2880: Too similar to original (34.9% overlap)
2026-08-06 01:03:54,815 - INFO - Rejected chunk_id 254: Too similar to original (39.3% overlap)
2026-08-06 01:04:00,650 - INFO - Rejected chunk_id 2920: Contains 'Table'
2026-08-06 01:04:02,504 - INFO - Rejected chunk_id 182: Too similar to original (41.5% overlap)
2026-08-06 01:04:05,036 - INFO - Rejected chunk_id 2907: Too similar to original (32.3% overlap)
2026-08-06 01:04:08,618 - INFO - Rejected chunk_id 176: Too similar to original (30.4% overlap)
2026-08-06 01:04:10,640 - INFO - Rejected chunk_id 104: Too similar to original (44.0% overlap)
2026-08-06 01:04:12,962 - INFO - Rejected chunk_id 1237: Too similar to original (33.3% overlap)
2026-08-06 01:04:14,605 - INFO - Rejected chunk_id 560: Too similar to original (60.3% overlap)
2026-08-06 01:04:17,867 - INFO - Rejected chunk_id 365: Too similar to original (32.1% overlap)
2026-08-06 01:04:21,334 - INFO - Rejected chunk_id 1089: Too similar to original (38.3% overlap)
2026-08-06 01:04:23,906 - INFO - Rejected chunk_id 250: Too similar to original (50.0% overlap)
2026-08-06 01:04:26,366 - INFO - Rejected chunk_id 922: Contains 'Table'
2026-08-06 01:04:32,031 - INFO - Rejected chunk_id 730: Contains 'Figure'
2026-08-06 01:04:33,740 - INFO - Rejected chunk_id 5171: Contains 'Table'
2026-08-06 01:04:36,241 - INFO - Rejected chunk_id 3724: Too similar to original (31.4% overlap)
2026-08-06 01:04:43,834 - INFO - Rejected chunk_id 5066: Contains 'Table'
2026-08-06 01:04:49,391 - INFO - Rejected chunk_id 779: Too similar to original (32.7% overlap)
2026-08-06 01:04:50,867 - INFO - Rejected chunk_id 2154: Too similar to original (33.3% overlap)
2026-08-06 01:04:55,958 - INFO - Rejected chunk_id 181: Too similar to original (32.2% overlap)
2026-08-06 01:04:57,451 - INFO - Rejected chunk_id 1242: Too similar to original (37.7% overlap)
2026-08-06 01:05:00,097 - INFO - Rejected chunk_id 1003: Too similar to original (53.6% overlap)
2026-08-06 01:05:02,667 - INFO - Rejected chunk_id 6718: Contains 'Table'
2026-08-06 01:05:05,792 - INFO - Rejected chunk_id 176: Too similar to original (53.6% overlap)
2026-08-06 01:05:09,183 - INFO - Rejected chunk_id 2455: Too similar to original (40.7% overlap)
2026-08-06 01:05:12,088 - INFO - Rejected chunk_id 1717: Too similar to original (43.8% overlap)
2026-08-06 01:05:15,657 - INFO - Rejected chunk_id 1356: Too similar to original (58.1% overlap)
2026-08-06 01:05:17,009 - INFO - Rejected chunk_id 1261: Too similar to original (46.6% overlap)
2026-08-06 01:05:19,412 - INFO - Rejected chunk_id 588: Contains 'Table'
2026-08-06 01:05:21,060 - INFO - Rejected chunk_id 314: Too similar to original (40.0% overlap)
2026-08-06 01:05:23,928 - INFO - Rejected chunk_id 194: Too similar to original (43.5% overlap)
2026-08-06 01:05:25,618 - INFO - Rejected chunk_id 82: Too similar to original (46.9% overlap)
2026-08-06 01:05:31,934 - INFO - Rejected chunk_id 1101: Contains 'Table'
2026-08-06 01:05:38,237 - INFO - Rejected chunk_id 3066: Contains 'Table'
2026-08-06 01:05:40,221 - INFO - Rejected chunk_id 7319: Too similar to original (30.4% overlap)
2026-08-06 01:05:42,126 - INFO - Rejected chunk_id 813: Too similar to original (41.7% overlap)
2026-08-06 01:05:43,366 - INFO - Rejected chunk_id 755: Too similar to original (55.8% overlap)
2026-08-06 01:05:44,697 - INFO - Rejected chunk_id 4626: Too similar to original (35.7% overlap)
2026-08-06 01:05:47,949 - INFO - Rejected chunk_id 1404: Too similar to original (62.9% overlap)
2026-08-06 01:05:50,220 - INFO - Rejected chunk_id 165: Too similar to original (36.8% overlap)
2026-08-06 01:05:52,415 - INFO - Rejected chunk_id 1289: Too similar to original (40.0% overlap)
2026-08-06 01:05:56,234 - INFO - Rejected chunk_id 879: Too similar to original (37.9% overlap)
2026-08-06 01:05:57,916 - INFO - Rejected chunk_id 466: Too similar to original (39.7% overlap)
2026-08-06 01:06:00,177 - INFO - Rejected chunk_id 109: Too similar to original (40.0% overlap)
2026-08-06 01:06:01,778 - INFO - Rejected chunk_id 1332: Too similar to original (38.6% overlap)
2026-08-06 01:06:04,236 - INFO - Rejected chunk_id 244: Too similar to original (30.2% overlap)
2026-08-06 01:06:08,950 - INFO - Rejected chunk_id 5147: Too similar to original (48.3% overlap)
2026-08-06 01:06:11,453 - INFO - Rejected chunk_id 553: Too similar to original (40.9% overlap)
2026-08-06 01:06:15,532 - INFO - Rejected chunk_id 2136: Too similar to original (36.2% overlap)
2026-08-06 01:06:17,077 - INFO - Rejected chunk_id 5901: Too similar to original (37.5% overlap)
2026-08-06 01:06:18,919 - INFO - Rejected chunk_id 6736: Too similar to original (40.0% overlap)
2026-08-06 01:06:20,865 - INFO - Rejected chunk_id 670: Too similar to original (31.1% overlap)
2026-08-06 01:06:23,015 - INFO - Rejected chunk_id 734: Too similar to original (35.2% overlap)
2026-08-06 01:06:24,635 - INFO - Rejected chunk_id 1925: Too similar to original (42.1% overlap)
2026-08-06 01:06:26,434 - INFO - Rejected chunk_id 2420: Too similar to original (54.2% overlap)
2026-08-06 01:06:29,511 - INFO - Rejected chunk_id 2886: Too similar to original (38.3% overlap)
2026-08-06 01:06:31,840 - INFO - Rejected chunk_id 2339: Too similar to original (43.1% overlap)
2026-08-06 01:06:36,584 - INFO - Rejected chunk_id 6692: Contains 'Figure'
2026-08-06 01:06:38,466 - INFO - Rejected chunk_id 6705: Contains 'Table'
2026-08-06 01:06:43,579 - INFO - Rejected chunk_id 1154: Too similar to original (37.1% overlap)
2026-08-06 01:06:50,130 - INFO - Rejected chunk_id 1916: Too similar to original (33.9% overlap)
2026-08-06 01:06:52,707 - INFO - Rejected chunk_id 4504: Too similar to original (40.6% overlap)
2026-08-06 01:06:54,988 - INFO - Rejected chunk_id 811: Too similar to original (33.3% overlap)
2026-08-06 01:06:56,292 - INFO - Rejected chunk_id 34: Too similar to original (32.1% overlap)
2026-08-06 01:06:57,709 - INFO - Rejected chunk_id 57: Too similar to original (40.0% overlap)
2026-08-06 01:07:01,310 - INFO - Rejected chunk_id 181: Too similar to original (37.7% overlap)
2026-08-06 01:07:02,916 - INFO - Rejected chunk_id 1751: Too similar to original (40.4% overlap)
2026-08-06 01:07:04,659 - INFO - Rejected chunk_id 2168: Too similar to original (54.7% overlap)
2026-08-06 01:07:06,388 - INFO - Rejected chunk_id 581: Too similar to original (50.0% overlap)
2026-08-06 01:07:08,410 - INFO - Rejected chunk_id 2419: Too similar to original (50.8% overlap)
2026-08-06 01:07:11,096 - INFO - Rejected chunk_id 448: Too similar to original (34.8% overlap)
2026-08-06 01:07:14,187 - INFO - Rejected chunk_id 1782: Too similar to original (52.5% overlap)
2026-08-06 01:07:17,327 - INFO - Rejected chunk_id 65: Too similar to original (37.0% overlap)
2026-08-06 01:07:29,668 - INFO - Rejected chunk_id 1022: Too similar to original (52.8% overlap)
2026-08-06 01:07:31,218 - INFO - Rejected chunk_id 2674: Too similar to original (34.0% overlap)
2026-08-06 01:07:32,543 - INFO - Rejected chunk_id 265: Too similar to original (37.5% overlap)
2026-08-06 01:07:37,653 - INFO - Rejected chunk_id 81: Too similar to original (34.3% overlap)
2026-08-06 01:07:42,158 - INFO - Rejected chunk_id 127: Contains 'Table'
2026-08-06 01:07:46,231 - INFO - Rejected chunk_id 4411: Too similar to original (30.9% overlap)
2026-08-06 01:07:49,138 - INFO - Rejected chunk_id 226: Too similar to original (30.8% overlap)
2026-08-06 01:07:52,768 - INFO - Rejected chunk_id 306: Too similar to original (39.7% overlap)
2026-08-06 01:07:57,944 - INFO - Rejected chunk_id 23: Too similar to original (45.2% overlap)
2026-08-06 01:07:59,408 - INFO - Rejected chunk_id 123: Too similar to original (33.3% overlap)
2026-08-06 01:08:05,821 - INFO - Rejected chunk_id 1522: Too similar to original (42.6% overlap)
2026-08-06 01:08:08,920 - INFO - Rejected chunk_id 4553: Contains 'Table'
2026-08-06 01:08:13,803 - INFO - Rejected chunk_id 564: Too similar to original (47.5% overlap)
2026-08-06 01:08:15,896 - INFO - Rejected chunk_id 53: Too similar to original (42.0% overlap)
2026-08-06 01:08:18,166 - INFO - Rejected chunk_id 656: Too similar to original (44.0% overlap)
2026-08-06 01:08:19,513 - INFO - Rejected chunk_id 98: Too similar to original (39.7% overlap)
2026-08-06 01:08:20,781 - INFO - Rejected chunk_id 1371: Too similar to original (32.7% overlap)
2026-08-06 01:08:22,195 - INFO - Rejected chunk_id 137: Too similar to original (42.6% overlap)
2026-08-06 01:08:24,240 - INFO - Rejected chunk_id 91: Too similar to original (33.8% overlap)
2026-08-06 01:08:25,902 - INFO - Rejected chunk_id 191: Too similar to original (37.7% overlap)
2026-08-06 01:08:32,767 - INFO - Rejected chunk_id 1852: Too similar to original (34.4% overlap)
2026-08-06 01:08:34,757 - INFO - Rejected chunk_id 951: Too similar to original (39.7% overlap)
2026-08-06 01:08:38,677 - INFO - Rejected chunk_id 30: Too similar to original (46.8% overlap)
2026-08-06 01:08:43,648 - INFO - Rejected chunk_id 2601: Contains 'Table'
2026-08-06 01:08:48,305 - INFO - Rejected chunk_id 330: Too similar to original (43.9% overlap)
2026-08-06 01:08:50,495 - INFO - Rejected chunk_id 97: Too similar to original (35.7% overlap)
2026-08-06 01:08:53,729 - INFO - Rejected chunk_id 154: Too similar to original (37.0% overlap)
2026-08-06 01:08:56,204 - INFO - Rejected chunk_id 1462: Contains 'Figure'
2026-08-06 01:08:57,659 - INFO - Rejected chunk_id 2724: Contains 'Table'
2026-08-06 01:09:00,990 - INFO - Rejected chunk_id 599: Too similar to original (36.5% overlap)
2026-08-06 01:09:02,786 - INFO - Rejected chunk_id 141: Too similar to original (43.9% overlap)
2026-08-06 01:09:06,462 - INFO - Rejected chunk_id 823: Too similar to original (35.4% overlap)
2026-08-06 01:09:08,103 - INFO - Rejected chunk_id 2129: Too similar to original (46.7% overlap)
2026-08-06 01:09:10,735 - INFO - Rejected chunk_id 1038: Too similar to original (39.7% overlap)
2026-08-06 01:09:12,532 - INFO - Rejected chunk_id 920: Contains 'Figure'
2026-08-06 01:09:15,195 - INFO - Rejected chunk_id 353: Too similar to original (41.0% overlap)
2026-08-06 01:09:16,952 - INFO - Rejected chunk_id 68: Too similar to original (39.7% overlap)
2026-08-06 01:09:19,069 - INFO - Rejected chunk_id 2193: Too similar to original (39.3% overlap)
2026-08-06 01:09:20,312 - INFO - Rejected chunk_id 468: Too similar to original (37.5% overlap)
2026-08-06 01:09:23,675 - INFO - Rejected chunk_id 1403: Too similar to original (37.5% overlap)
2026-08-06 01:09:25,561 - INFO - Rejected chunk_id 1235: Too similar to original (30.8% overlap)
2026-08-06 01:09:27,557 - INFO - Rejected chunk_id 797: Too similar to original (57.4% overlap)
2026-08-06 01:09:29,121 - INFO - Rejected chunk_id 540: Too similar to original (33.3% overlap)
2026-08-06 01:09:34,613 - INFO - Rejected chunk_id 649: Too similar to original (32.3% overlap)
2026-08-06 01:09:37,169 - INFO - Rejected chunk_id 321: Too similar to original (62.3% overlap)
2026-08-06 01:09:42,366 - INFO - Rejected chunk_id 1610: Too similar to original (41.8% overlap)
2026-08-06 01:09:45,992 - INFO - Rejected chunk_id 7637: Too similar to original (45.5% overlap)
2026-08-06 01:09:47,700 - INFO - Rejected chunk_id 56: Too similar to original (47.0% overlap)
2026-08-06 01:09:50,226 - INFO - Rejected chunk_id 816: Too similar to original (46.8% overlap)
2026-08-06 01:09:52,092 - INFO - Rejected chunk_id 304: Too similar to original (43.9% overlap)
2026-08-06 01:09:53,888 - INFO - Rejected chunk_id 74: Too similar to original (37.7% overlap)
2026-08-06 01:09:56,580 - INFO - Rejected chunk_id 2247: Contains 'Table'
2026-08-06 01:10:01,950 - INFO - Rejected chunk_id 192: Too similar to original (55.0% overlap)
2026-08-06 01:10:05,448 - INFO - Rejected chunk_id 356: Too similar to original (37.7% overlap)
2026-08-06 01:10:07,392 - INFO - Rejected chunk_id 76: Too similar to original (34.2% overlap)
2026-08-06 01:10:12,787 - INFO - Rejected chunk_id 6631: Contains 'Table'
2026-08-06 01:10:15,560 - INFO - Rejected chunk_id 41: Too similar to original (31.0% overlap)
2026-08-06 01:10:17,802 - INFO - Rejected chunk_id 1575: Too similar to original (43.5% overlap)
2026-08-06 01:10:20,194 - INFO - Rejected chunk_id 7407: Too similar to original (38.2% overlap)
2026-08-06 01:10:21,919 - INFO - Rejected chunk_id 2630: Too similar to original (40.0% overlap)
2026-08-06 01:10:25,897 - INFO - Rejected chunk_id 2831: Too similar to original (41.7% overlap)
2026-08-06 01:10:32,557 - INFO - Rejected chunk_id 397: Too similar to original (43.4% overlap)
2026-08-06 01:10:43,503 - INFO - Rejected chunk_id 7044: Contains 'Table'
2026-08-06 01:10:48,519 - INFO - Rejected chunk_id 664: Too similar to original (43.5% overlap)
2026-08-06 01:10:49,827 - INFO - Rejected chunk_id 20: Too similar to original (42.2% overlap)
2026-08-06 01:10:51,772 - INFO - Rejected chunk_id 603: Too similar to original (47.8% overlap)
2026-08-06 01:10:55,311 - INFO - Rejected chunk_id 5073: Contains 'Table'
2026-08-06 01:10:56,648 - INFO - Rejected chunk_id 1509: Too similar to original (36.0% overlap)
2026-08-06 01:11:00,292 - INFO - Rejected chunk_id 2445: Too similar to original (68.3% overlap)
2026-08-06 01:11:05,011 - INFO - Rejected chunk_id 387: Too similar to original (50.0% overlap)
2026-08-06 01:11:06,797 - INFO - Rejected chunk_id 634: Too similar to original (46.0% overlap)
2026-08-06 01:11:10,382 - INFO - Rejected chunk_id 750: Too similar to original (54.2% overlap)
2026-08-06 01:11:12,509 - INFO - Rejected chunk_id 55: Too similar to original (57.6% overlap)
2026-08-06 01:11:14,936 - INFO - Rejected chunk_id 2262: Too similar to original (32.7% overlap)
2026-08-06 01:11:23,521 - INFO - Rejected chunk_id 4817: Too similar to original (32.1% overlap)
2026-08-06 01:11:25,522 - INFO - Rejected chunk_id 48: Too similar to original (57.6% overlap)
2026-08-06 01:11:28,200 - INFO - Rejected chunk_id 854: Contains 'Table'
2026-08-06 01:11:30,996 - INFO - Rejected chunk_id 2911: Contains 'Table'
2026-08-06 01:11:32,741 - INFO - Rejected chunk_id 3929: Contains 'Table'
2026-08-06 01:11:34,577 - INFO - Rejected chunk_id 306: Too similar to original (46.4% overlap)
2026-08-06 01:11:36,385 - INFO - Rejected chunk_id 2807: Too similar to original (43.1% overlap)
2026-08-06 01:11:37,570 - INFO - Rejected chunk_id 501: Too similar to original (38.3% overlap)
2026-08-06 01:11:38,626 - INFO - Rejected chunk_id 744: Too similar to original (34.5% overlap)
2026-08-06 01:11:40,505 - INFO - Rejected chunk_id 476: Contains 'Table'
2026-08-06 01:11:43,205 - INFO - Rejected chunk_id 66: Too similar to original (37.3% overlap)
2026-08-06 01:11:47,900 - INFO - Rejected chunk_id 763: Contains 'Figure'
2026-08-06 01:11:50,277 - INFO - Rejected chunk_id 565: Too similar to original (36.9% overlap)
2026-08-06 01:11:52,146 - INFO - Rejected chunk_id 2676: Too similar to original (49.2% overlap)
2026-08-06 01:11:54,452 - INFO - Rejected chunk_id 1800: Too similar to original (43.1% overlap)
2026-08-06 01:11:56,823 - INFO - Rejected chunk_id 295: Too similar to original (55.1% overlap)
2026-08-06 01:12:02,344 - INFO - Rejected chunk_id 2179: Too similar to original (37.5% overlap)
2026-08-06 01:12:04,015 - INFO - Rejected chunk_id 87: Too similar to original (36.4% overlap)
2026-08-06 01:12:07,971 - INFO - Rejected chunk_id 7303: Too similar to original (51.7% overlap)
2026-08-06 01:12:10,097 - INFO - Rejected chunk_id 2177: Contains 'Table'
2026-08-06 01:12:15,581 - INFO - Rejected chunk_id 340: Too similar to original (32.9% overlap)
2026-08-06 01:12:18,567 - INFO - Rejected chunk_id 4476: Contains 'Table'
2026-08-06 01:12:20,563 - INFO - Rejected chunk_id 4368: Contains 'Table'
2026-08-06 01:12:25,163 - INFO - Rejected chunk_id 68: Too similar to original (39.3% overlap)
2026-08-06 01:12:26,680 - INFO - Rejected chunk_id 767: Too similar to original (36.2% overlap)
2026-08-06 01:12:28,574 - INFO - Rejected chunk_id 2542: Too similar to original (35.8% overlap)
2026-08-06 01:12:32,157 - INFO - Rejected chunk_id 259: Too similar to original (43.3% overlap)
2026-08-06 01:12:34,012 - INFO - Rejected chunk_id 901: Too similar to original (32.8% overlap)
2026-08-06 01:12:39,056 - INFO - Rejected chunk_id 662: Too similar to original (43.5% overlap)
2026-08-06 01:12:40,909 - INFO - Rejected chunk_id 2690: Too similar to original (34.4% overlap)
2026-08-06 01:12:43,189 - INFO - Rejected chunk_id 1875: Too similar to original (56.2% overlap)
2026-08-06 01:12:45,069 - INFO - Rejected chunk_id 4493: Too similar to original (30.1% overlap)
2026-08-06 01:12:48,054 - INFO - Rejected chunk_id 427: Too similar to original (38.1% overlap)
2026-08-06 01:12:51,278 - INFO - Rejected chunk_id 277: Too similar to original (33.3% overlap)
2026-08-06 01:12:54,087 - INFO - Rejected chunk_id 699: Too similar to original (41.0% overlap)
2026-08-06 01:12:56,369 - INFO - Rejected chunk_id 2071: Too similar to original (35.8% overlap)
2026-08-06 01:13:00,874 - INFO - Rejected chunk_id 195: Too similar to original (37.5% overlap)
2026-08-06 01:13:04,531 - INFO - Rejected chunk_id 332: Contains 'Table'
2026-08-06 01:13:07,325 - INFO - Rejected chunk_id 9: Too similar to original (46.7% overlap)
2026-08-06 01:13:10,621 - INFO - Rejected chunk_id 825: Too similar to original (46.4% overlap)
2026-08-06 01:13:13,320 - INFO - Rejected chunk_id 2176: Contains 'Table'
2026-08-06 01:13:19,053 - INFO - Rejected chunk_id 20: Too similar to original (44.4% overlap)
2026-08-06 01:13:24,230 - INFO - Rejected chunk_id 538: Too similar to original (42.0% overlap)
2026-08-06 01:13:26,333 - INFO - Rejected chunk_id 607: Contains 'Table'
2026-08-06 01:13:28,695 - INFO - Rejected chunk_id 749: Too similar to original (40.8% overlap)
2026-08-06 01:13:30,471 - INFO - Rejected chunk_id 2399: Too similar to original (40.4% overlap)
2026-08-06 01:13:31,890 - INFO - Rejected chunk_id 112: Too similar to original (35.4% overlap)
2026-08-06 01:13:36,442 - INFO - Rejected chunk_id 762: Too similar to original (35.1% overlap)
2026-08-06 01:13:38,376 - INFO - Rejected chunk_id 5893: Contains 'Table'
2026-08-06 01:13:39,930 - INFO - Rejected chunk_id 634: Too similar to original (49.2% overlap)
2026-08-06 01:13:43,753 - INFO - Rejected chunk_id 2495: Too similar to original (34.6% overlap)
2026-08-06 01:13:44,690 - INFO - Rejected chunk_id 1127: Too similar to original (37.5% overlap)
2026-08-06 01:13:46,264 - INFO - Rejected chunk_id 1395: Too similar to original (50.0% overlap)
2026-08-06 01:13:47,723 - INFO - Rejected chunk_id 1719: Too similar to original (45.5% overlap)
2026-08-06 01:13:51,175 - INFO - Rejected chunk_id 526: Too similar to original (30.6% overlap)
2026-08-06 01:13:52,959 - INFO - Rejected chunk_id 74: Too similar to original (39.6% overlap)
2026-08-06 01:13:59,319 - INFO - Rejected chunk_id 1875: Too similar to original (39.1% overlap)
2026-08-06 01:14:07,993 - INFO - Rejected chunk_id 1973: Too similar to original (32.8% overlap)
2026-08-06 01:14:12,450 - INFO - Rejected chunk_id 2230: Contains 'Table'
2026-08-06 01:14:13,815 - INFO - Rejected chunk_id 358: Too similar to original (35.4% overlap)
2026-08-06 01:14:17,296 - INFO - Rejected chunk_id 2198: Too similar to original (31.5% overlap)
2026-08-06 01:14:23,810 - INFO - Rejected chunk_id 7493: Contains 'Table'
2026-08-06 01:14:25,995 - INFO - Rejected chunk_id 1213: Too similar to original (41.7% overlap)
2026-08-06 01:14:29,973 - INFO - Rejected chunk_id 183: Too similar to original (38.7% overlap)
2026-08-06 01:14:31,579 - INFO - Rejected chunk_id 708: Too similar to original (31.3% overlap)
2026-08-06 01:14:33,503 - INFO - Rejected chunk_id 1672: Too similar to original (34.5% overlap)
2026-08-06 01:14:37,864 - INFO - Rejected chunk_id 6764: Too similar to original (42.6% overlap)
2026-08-06 01:14:41,661 - INFO - Rejected chunk_id 798: Too similar to original (37.3% overlap)
2026-08-06 01:14:43,174 - INFO - Rejected chunk_id 1730: Too similar to original (36.0% overlap)
2026-08-06 01:14:47,304 - INFO - Rejected chunk_id 2053: Too similar to original (56.1% overlap)
2026-08-06 01:14:49,169 - INFO - Rejected chunk_id 1633: Too similar to original (42.2% overlap)
2026-08-06 01:14:55,871 - INFO - Rejected chunk_id 7439: Too similar to original (51.6% overlap)
2026-08-06 01:14:57,155 - INFO - Rejected chunk_id 1406: Too similar to original (44.9% overlap)
2026-08-06 01:15:03,087 - INFO - Rejected chunk_id 137: Too similar to original (40.7% overlap)
2026-08-06 01:15:05,055 - INFO - Rejected chunk_id 2188: Too similar to original (41.1% overlap)
2026-08-06 01:15:07,130 - INFO - Rejected chunk_id 1389: Too similar to original (53.6% overlap)
2026-08-06 01:15:09,666 - INFO - Rejected chunk_id 1881: Too similar to original (38.1% overlap)
2026-08-06 01:15:11,093 - INFO - Rejected chunk_id 1894: Too similar to original (49.0% overlap)
2026-08-06 01:15:13,809 - INFO - Rejected chunk_id 3005: Contains 'Table'
2026-08-06 01:15:15,477 - INFO - Rejected chunk_id 1762: Too similar to original (55.0% overlap)
2026-08-06 01:15:22,121 - INFO - Rejected chunk_id 197: Contains 'Figure'
2026-08-06 01:15:23,987 - INFO - Rejected chunk_id 2184: Too similar to original (53.6% overlap)
2026-08-06 01:15:28,689 - INFO - Rejected chunk_id 966: Too similar to original (50.0% overlap)
2026-08-06 01:15:30,584 - INFO - Rejected chunk_id 7249: Contains 'Table'
2026-08-06 01:15:32,403 - INFO - Rejected chunk_id 196: Too similar to original (33.9% overlap)
2026-08-06 01:15:34,018 - INFO - Rejected chunk_id 4766: Too similar to original (38.2% overlap)
2026-08-06 01:15:40,536 - INFO - Rejected chunk_id 200: Too similar to original (42.4% overlap)
2026-08-06 01:15:47,949 - INFO - Rejected chunk_id 6045: Contains 'Table'
2026-08-06 01:15:52,229 - INFO - Rejected chunk_id 291: Too similar to original (38.7% overlap)
2026-08-06 01:15:55,229 - INFO - Rejected chunk_id 735: Too similar to original (32.8% overlap)
2026-08-06 01:15:57,683 - INFO - Rejected chunk_id 1796: Too similar to original (41.7% overlap)
2026-08-06 01:15:59,375 - INFO - Rejected chunk_id 1160: Too similar to original (38.7% overlap)
2026-08-06 01:16:01,059 - INFO - Rejected chunk_id 3204: Too similar to original (35.6% overlap)
2026-08-06 01:16:04,399 - INFO - Rejected chunk_id 6422: Too similar to original (34.3% overlap)
2026-08-06 01:16:10,951 - INFO - Rejected chunk_id 60: Too similar to original (47.0% overlap)
2026-08-06 01:16:13,005 - INFO - Rejected chunk_id 1945: Too similar to original (50.0% overlap)
2026-08-06 01:16:17,521 - INFO - Rejected chunk_id 828: Too similar to original (44.1% overlap)
2026-08-06 01:16:19,349 - INFO - Rejected chunk_id 319: Too similar to original (56.2% overlap)
2026-08-06 01:16:23,427 - INFO - Rejected chunk_id 1780: Too similar to original (47.5% overlap)
2026-08-06 01:16:31,525 - INFO - Rejected chunk_id 641: Too similar to original (37.3% overlap)
2026-08-06 01:16:35,497 - INFO - Rejected chunk_id 125: Too similar to original (34.5% overlap)
2026-08-06 01:16:36,839 - INFO - Rejected chunk_id 1327: Too similar to original (64.6% overlap)
2026-08-06 01:16:38,658 - INFO - Rejected chunk_id 50: Contains 'Figure'
2026-08-06 01:16:41,529 - INFO - Rejected chunk_id 751: Too similar to original (30.6% overlap)
2026-08-06 01:16:43,055 - INFO - Rejected chunk_id 160: Too similar to original (50.0% overlap)
2026-08-06 01:16:45,684 - INFO - Rejected chunk_id 2192: Too similar to original (36.9% overlap)
2026-08-06 01:16:47,153 - INFO - Rejected chunk_id 1817: Too similar to original (30.2% overlap)
2026-08-06 01:16:52,541 - INFO - Rejected chunk_id 877: Too similar to original (46.8% overlap)
2026-08-06 01:16:54,896 - INFO - Rejected chunk_id 56: Too similar to original (44.1% overlap)
2026-08-06 01:16:56,639 - INFO - Rejected chunk_id 1847: Contains 'Table'
2026-08-06 01:16:59,562 - INFO - Rejected chunk_id 3988: Contains 'Table'
2026-08-06 01:17:03,017 - INFO - Rejected chunk_id 2939: Too similar to original (40.3% overlap)
2026-08-06 01:17:04,568 - INFO - Rejected chunk_id 42: Too similar to original (49.2% overlap)
2026-08-06 01:17:06,616 - INFO - Rejected chunk_id 2182: Too similar to original (38.4% overlap)
2026-08-06 01:17:09,079 - INFO - Rejected chunk_id 279: Too similar to original (38.5% overlap)
2026-08-06 01:17:11,080 - INFO - Rejected chunk_id 153: Too similar to original (33.8% overlap)
2026-08-06 01:17:16,803 - INFO - Rejected chunk_id 475: Too similar to original (32.7% overlap)
2026-08-06 01:17:19,210 - INFO - Rejected chunk_id 5235: Contains 'Table'
2026-08-06 01:17:21,670 - INFO - Rejected chunk_id 2916: Too similar to original (35.6% overlap)
2026-08-06 01:17:25,503 - INFO - Rejected chunk_id 1019: Too similar to original (41.4% overlap)
2026-08-06 01:17:28,811 - INFO - Rejected chunk_id 5653: Too similar to original (37.5% overlap)
2026-08-06 01:17:31,209 - INFO - Rejected chunk_id 862: Too similar to original (42.3% overlap)
2026-08-06 01:17:33,713 - INFO - Rejected chunk_id 2358: Too similar to original (42.3% overlap)
2026-08-06 01:17:36,441 - INFO - Rejected chunk_id 48: Too similar to original (50.0% overlap)
2026-08-06 01:17:38,893 - INFO - Rejected chunk_id 198: Too similar to original (43.7% overlap)
2026-08-06 01:17:40,630 - INFO - Rejected chunk_id 1851: Too similar to original (36.8% overlap)
2026-08-06 01:17:41,963 - INFO - Rejected chunk_id 95: Too similar to original (38.7% overlap)
2026-08-06 01:17:44,066 - INFO - Rejected chunk_id 2879: Too similar to original (41.9% overlap)
2026-08-06 01:17:50,748 - INFO - Rejected chunk_id 1777: Too similar to original (35.1% overlap)
2026-08-06 01:17:54,390 - INFO - Rejected chunk_id 1865: Too similar to original (35.0% overlap)
2026-08-06 01:18:02,045 - INFO - Rejected chunk_id 4697: Too similar to original (39.5% overlap)
2026-08-06 01:18:03,883 - INFO - Rejected chunk_id 769: Too similar to original (33.3% overlap)
2026-08-06 01:18:05,740 - INFO - Rejected chunk_id 5905: Contains 'Table'
2026-08-06 01:18:07,060 - INFO - Rejected chunk_id 2564: Too similar to original (30.2% overlap)
2026-08-06 01:18:09,489 - INFO - Rejected chunk_id 671: Too similar to original (36.5% overlap)
2026-08-06 01:18:11,555 - INFO - Rejected chunk_id 582: Too similar to original (34.7% overlap)
2026-08-06 01:18:14,121 - INFO - Rejected chunk_id 72: Too similar to original (52.3% overlap)
2026-08-06 01:18:18,917 - INFO - Rejected chunk_id 27: Too similar to original (41.7% overlap)
2026-08-06 01:18:23,080 - INFO - Rejected chunk_id 349: Too similar to original (44.4% overlap)
2026-08-06 01:18:25,082 - INFO - Rejected chunk_id 559: Too similar to original (30.3% overlap)
2026-08-06 01:18:27,043 - INFO - Rejected chunk_id 302: Too similar to original (36.0% overlap)
2026-08-06 01:18:28,738 - INFO - Rejected chunk_id 11: Too similar to original (36.7% overlap)
2026-08-06 01:18:31,033 - INFO - Rejected chunk_id 955: Too similar to original (31.8% overlap)
2026-08-06 01:18:35,484 - INFO - Rejected chunk_id 930: Too similar to original (77.2% overlap)
2026-08-06 01:18:37,380 - INFO - Rejected chunk_id 2900: Too similar to original (49.3% overlap)
2026-08-06 01:18:41,199 - INFO - Rejected chunk_id 1344: Contains 'Table'
2026-08-06 01:18:43,861 - INFO - Rejected chunk_id 879: Too similar to original (59.7% overlap)
2026-08-06 01:18:47,542 - INFO - Rejected chunk_id 5660: Contains 'Table'
2026-08-06 01:18:49,222 - INFO - Rejected chunk_id 335: Too similar to original (45.7% overlap)
2026-08-06 01:18:53,867 - INFO - Rejected chunk_id 312: Too similar to original (45.3% overlap)
2026-08-06 01:18:55,992 - INFO - Rejected chunk_id 5197: Contains 'Figure'
2026-08-06 01:18:58,156 - INFO - Rejected chunk_id 758: Contains 'Figure'
2026-08-06 01:19:00,266 - INFO - Rejected chunk_id 273: Too similar to original (51.6% overlap)
2026-08-06 01:19:06,044 - INFO - Rejected chunk_id 78: Too similar to original (41.7% overlap)
2026-08-06 01:19:09,693 - INFO - Rejected chunk_id 243: Too similar to original (42.4% overlap)
2026-08-06 01:19:14,224 - INFO - Rejected chunk_id 6719: Too similar to original (33.3% overlap)
2026-08-06 01:19:15,843 - INFO - Rejected chunk_id 140: Too similar to original (35.1% overlap)
2026-08-06 01:19:18,058 - INFO - Rejected chunk_id 2616: Too similar to original (45.3% overlap)
2026-08-06 01:19:21,785 - INFO - Rejected chunk_id 60: Too similar to original (39.1% overlap)
2026-08-06 01:19:30,044 - INFO - Rejected chunk_id 58: Too similar to original (52.5% overlap)
2026-08-06 01:19:33,519 - INFO - Rejected chunk_id 1200: Too similar to original (46.7% overlap)
2026-08-06 01:19:36,817 - INFO - Rejected chunk_id 923: Contains 'Figure'
2026-08-06 01:19:39,512 - INFO - Rejected chunk_id 221: Too similar to original (32.7% overlap)
2026-08-06 01:19:47,059 - INFO - Rejected chunk_id 6360: Too similar to original (32.1% overlap)
2026-08-06 01:19:49,167 - INFO - Rejected chunk_id 1746: Too similar to original (44.6% overlap)
2026-08-06 01:20:03,104 - INFO - Rejected chunk_id 605: Too similar to original (45.6% overlap)
2026-08-06 01:20:07,393 - INFO - Rejected chunk_id 476: Contains 'Table'
2026-08-06 01:20:09,663 - INFO - Rejected chunk_id 2111: Too similar to original (56.1% overlap)
2026-08-06 01:20:11,934 - INFO - Rejected chunk_id 2242: Contains 'Table'
2026-08-06 01:20:13,602 - INFO - Rejected chunk_id 1239: Too similar to original (38.5% overlap)
2026-08-06 01:20:20,822 - INFO - Rejected chunk_id 592: Too similar to original (42.2% overlap)
2026-08-06 01:20:22,418 - INFO - Rejected chunk_id 2267: Too similar to original (46.8% overlap)
2026-08-06 01:20:26,431 - INFO - Rejected chunk_id 4744: Contains 'Table'
2026-08-06 01:20:31,854 - INFO - Rejected chunk_id 2857: Too similar to original (31.7% overlap)
2026-08-06 01:20:35,884 - INFO - Rejected chunk_id 1058: Too similar to original (52.5% overlap)
2026-08-06 01:20:38,882 - INFO - Rejected chunk_id 384: Too similar to original (31.2% overlap)
2026-08-06 01:20:42,518 - INFO - Rejected chunk_id 2877: Too similar to original (41.0% overlap)
2026-08-06 01:20:48,641 - INFO - Rejected chunk_id 87: Too similar to original (47.2% overlap)
2026-08-06 01:20:51,259 - INFO - Rejected chunk_id 162: Contains 'Table'
2026-08-06 01:20:53,866 - INFO - Rejected chunk_id 7317: Too similar to original (39.2% overlap)
2026-08-06 01:20:55,417 - INFO - Rejected chunk_id 2580: Too similar to original (34.5% overlap)
2026-08-06 01:21:00,838 - INFO - Rejected chunk_id 1649: Too similar to original (38.4% overlap)
2026-08-06 01:21:04,366 - INFO - Rejected chunk_id 5745: Contains 'Table'
2026-08-06 01:21:06,271 - INFO - Rejected chunk_id 5924: Too similar to original (43.3% overlap)
2026-08-06 01:21:08,954 - INFO - Rejected chunk_id 7030: Contains 'Table'
2026-08-06 01:21:14,534 - INFO - Rejected chunk_id 3306: Too similar to original (40.0% overlap)
2026-08-06 01:21:16,671 - INFO - Rejected chunk_id 371: Too similar to original (33.8% overlap)
2026-08-06 01:21:19,936 - INFO - Rejected chunk_id 7458: Contains 'Table'
2026-08-06 01:21:24,560 - INFO - Rejected chunk_id 2377: Too similar to original (30.6% overlap)
2026-08-06 01:21:30,873 - INFO - Rejected chunk_id 7423: Contains 'Table'
2026-08-06 01:21:33,848 - INFO - Rejected chunk_id 27: Too similar to original (42.0% overlap)
2026-08-06 01:21:38,997 - INFO - Rejected chunk_id 3270: Contains 'Table'
2026-08-06 01:21:40,760 - INFO - Rejected chunk_id 807: Too similar to original (44.1% overlap)
2026-08-06 01:21:42,269 - INFO - Rejected chunk_id 2660: Too similar to original (35.7% overlap)
2026-08-06 01:21:44,324 - INFO - Rejected chunk_id 182: Too similar to original (47.0% overlap)
2026-08-06 01:21:53,850 - INFO - Rejected chunk_id 48: Too similar to original (34.0% overlap)
2026-08-06 01:21:55,387 - INFO - Rejected chunk_id 82: Too similar to original (41.4% overlap)
2026-08-06 01:21:57,599 - INFO - Rejected chunk_id 84: Too similar to original (51.4% overlap)
2026-08-06 01:22:01,022 - INFO - Rejected chunk_id 228: Too similar to original (52.5% overlap)
2026-08-06 01:22:08,101 - INFO - Rejected chunk_id 871: Too similar to original (44.8% overlap)
2026-08-06 01:22:12,008 - INFO - Rejected chunk_id 305: Too similar to original (32.3% overlap)
2026-08-06 01:22:14,075 - INFO - Rejected chunk_id 2740: Too similar to original (41.1% overlap)
2026-08-06 01:22:20,889 - INFO - Rejected chunk_id 2799: Too similar to original (35.7% overlap)
2026-08-06 01:22:22,375 - INFO - Rejected chunk_id 346: Too similar to original (44.2% overlap)
2026-08-06 01:22:24,346 - INFO - Rejected chunk_id 1663: Too similar to original (41.3% overlap)
2026-08-06 01:22:26,210 - INFO - Rejected chunk_id 1442: Too similar to original (42.6% overlap)
2026-08-06 01:22:28,122 - INFO - Rejected chunk_id 951: Too similar to original (32.3% overlap)
2026-08-06 01:22:30,885 - INFO - Rejected chunk_id 5554: Contains 'Figure'
2026-08-06 01:22:32,403 - INFO - Rejected chunk_id 7362: Contains 'Table'
2026-08-06 01:22:34,648 - INFO - Rejected chunk_id 4818: Too similar to original (30.9% overlap)
2026-08-06 01:22:36,536 - INFO - Rejected chunk_id 2220: Too similar to original (38.3% overlap)
2026-08-06 01:22:40,866 - INFO - Rejected chunk_id 218: Too similar to original (42.3% overlap)
2026-08-06 01:22:42,563 - INFO - Rejected chunk_id 210: Too similar to original (34.9% overlap)
2026-08-06 01:22:44,557 - INFO - Rejected chunk_id 5399: Too similar to original (30.8% overlap)
2026-08-06 01:22:47,351 - INFO - Rejected chunk_id 155: Too similar to original (33.3% overlap)
2026-08-06 01:22:50,125 - INFO - Rejected chunk_id 255: Too similar to original (47.4% overlap)
2026-08-06 01:22:52,833 - INFO - Rejected chunk_id 368: Too similar to original (45.3% overlap)
2026-08-06 01:22:59,086 - INFO - Rejected chunk_id 125: Too similar to original (31.0% overlap)
2026-08-06 01:23:01,634 - INFO - Rejected chunk_id 342: Too similar to original (43.1% overlap)
2026-08-06 01:23:04,033 - INFO - Rejected chunk_id 504: Too similar to original (34.5% overlap)
2026-08-06 01:23:06,829 - INFO - Rejected chunk_id 1952: Contains 'Table'
2026-08-06 01:23:16,735 - INFO - Rejected chunk_id 1513: Too similar to original (46.3% overlap)
2026-08-06 01:23:18,726 - INFO - Rejected chunk_id 243: Too similar to original (44.4% overlap)
2026-08-06 01:23:24,925 - INFO - Rejected chunk_id 948: Too similar to original (53.8% overlap)
2026-08-06 01:23:30,579 - INFO - Rejected chunk_id 7674: Too similar to original (42.1% overlap)
2026-08-06 01:23:38,639 - INFO - Rejected chunk_id 129: Too similar to original (35.6% overlap)
2026-08-06 01:23:39,631 - INFO - Rejected chunk_id 239: Too similar to original (39.5% overlap)
2026-08-06 01:23:44,836 - INFO - Rejected chunk_id 1805: Too similar to original (44.9% overlap)
2026-08-06 01:23:51,851 - INFO - Rejected chunk_id 3082: Contains 'Figure'
2026-08-06 01:23:53,796 - INFO - Rejected chunk_id 310: Too similar to original (34.2% overlap)
2026-08-06 01:23:55,859 - INFO - Rejected chunk_id 1221: Too similar to original (38.1% overlap)
2026-08-06 01:23:59,112 - INFO - Rejected chunk_id 669: Too similar to original (39.5% overlap)
2026-08-06 01:24:02,013 - INFO - Rejected chunk_id 2477: Too similar to original (41.0% overlap)
2026-08-06 01:24:03,328 - INFO - Rejected chunk_id 15: Too similar to original (38.5% overlap)
2026-08-06 01:24:04,827 - INFO - Rejected chunk_id 855: Too similar to original (40.4% overlap)
2026-08-06 01:24:05,910 - INFO - Rejected chunk_id 2454: Too similar to original (38.1% overlap)
2026-08-06 01:24:09,455 - INFO - Rejected chunk_id 6278: Too similar to original (30.3% overlap)
2026-08-06 01:24:17,800 - INFO - Rejected chunk_id 1075: Too similar to original (38.6% overlap)
2026-08-06 01:24:19,505 - INFO - Rejected chunk_id 272: Too similar to original (35.7% overlap)
2026-08-06 01:24:21,504 - INFO - Rejected chunk_id 2522: Too similar to original (40.0% overlap)
2026-08-06 01:24:23,032 - INFO - Rejected chunk_id 1331: Too similar to original (36.7% overlap)
2026-08-06 01:24:25,035 - INFO - Rejected chunk_id 215: Too similar to original (43.1% overlap)
2026-08-06 01:24:28,933 - INFO - Rejected chunk_id 78: Too similar to original (35.2% overlap)
2026-08-06 01:24:30,372 - INFO - Rejected chunk_id 69: Too similar to original (51.7% overlap)
2026-08-06 01:24:31,816 - INFO - Rejected chunk_id 192: Too similar to original (40.3% overlap)
2026-08-06 01:24:33,568 - INFO - Rejected chunk_id 284: Too similar to original (37.9% overlap)
2026-08-06 01:24:34,891 - INFO - Rejected chunk_id 1632: Too similar to original (35.8% overlap)
2026-08-06 01:24:36,723 - INFO - Rejected chunk_id 494: Too similar to original (45.0% overlap)
2026-08-06 01:24:41,173 - INFO - Rejected chunk_id 99: Too similar to original (55.6% overlap)
2026-08-06 01:24:44,369 - INFO - Rejected chunk_id 29: Too similar to original (48.4% overlap)
2026-08-06 01:24:46,133 - INFO - Rejected chunk_id 1531: Too similar to original (48.1% overlap)
2026-08-06 01:24:50,747 - INFO - Rejected chunk_id 2336: Too similar to original (42.1% overlap)
2026-08-06 01:24:52,378 - INFO - Rejected chunk_id 549: Too similar to original (33.8% overlap)
2026-08-06 01:24:56,363 - INFO - Rejected chunk_id 359: Contains 'Figure'
2026-08-06 01:25:01,711 - INFO - Rejected chunk_id 85: Too similar to original (40.3% overlap)
2026-08-06 01:25:03,209 - INFO - Rejected chunk_id 1448: Too similar to original (47.4% overlap)
2026-08-06 01:25:06,715 - INFO - Rejected chunk_id 198: Too similar to original (55.4% overlap)
2026-08-06 01:25:08,342 - INFO - Rejected chunk_id 315: Too similar to original (38.2% overlap)
2026-08-06 01:25:09,881 - INFO - Rejected chunk_id 2444: Too similar to original (53.7% overlap)
2026-08-06 01:25:12,453 - INFO - Rejected chunk_id 697: Too similar to original (59.3% overlap)
2026-08-06 01:25:13,965 - INFO - Rejected chunk_id 785: Too similar to original (32.2% overlap)
2026-08-06 01:25:15,787 - INFO - Rejected chunk_id 2044: Too similar to original (50.8% overlap)
2026-08-06 01:25:17,163 - INFO - Rejected chunk_id 902: Too similar to original (45.3% overlap)
2026-08-06 01:25:20,150 - INFO - Rejected chunk_id 2265: Too similar to original (30.2% overlap)
2026-08-06 01:25:23,050 - INFO - Rejected chunk_id 323: Too similar to original (33.3% overlap)
2026-08-06 01:25:26,809 - INFO - Rejected chunk_id 671: Too similar to original (36.4% overlap)
2026-08-06 01:25:29,078 - INFO - Rejected chunk_id 2804: Too similar to original (61.2% overlap)
2026-08-06 01:25:30,413 - INFO - Rejected chunk_id 306: Too similar to original (30.9% overlap)
2026-08-06 01:25:32,696 - INFO - Rejected chunk_id 4510: Contains 'Table'
2026-08-06 01:25:36,779 - INFO - Rejected chunk_id 3190: Too similar to original (34.8% overlap)
2026-08-06 01:25:38,413 - INFO - Rejected chunk_id 935: Too similar to original (36.2% overlap)
2026-08-06 01:25:39,884 - INFO - Rejected chunk_id 56: Too similar to original (37.0% overlap)
2026-08-06 01:25:41,785 - INFO - Rejected chunk_id 3050: Too similar to original (40.0% overlap)
2026-08-06 01:25:43,887 - INFO - Rejected chunk_id 2581: Too similar to original (40.6% overlap)
2026-08-06 01:25:47,424 - INFO - Rejected chunk_id 24: Too similar to original (36.1% overlap)
2026-08-06 01:25:48,720 - INFO - Rejected chunk_id 2639: Too similar to original (33.3% overlap)
2026-08-06 01:25:50,196 - INFO - Rejected chunk_id 1318: Too similar to original (33.3% overlap)
2026-08-06 01:25:52,409 - INFO - Rejected chunk_id 2233: Too similar to original (52.6% overlap)
2026-08-06 01:25:53,861 - INFO - Rejected chunk_id 129: Too similar to original (34.5% overlap)
2026-08-06 01:25:55,473 - INFO - Rejected chunk_id 876: Too similar to original (41.0% overlap)
2026-08-06 01:25:57,234 - INFO - Rejected chunk_id 619: Too similar to original (34.8% overlap)
2026-08-06 01:25:58,699 - INFO - Rejected chunk_id 2966: Too similar to original (43.9% overlap)
2026-08-06 01:26:02,789 - INFO - Rejected chunk_id 737: Too similar to original (35.1% overlap)
2026-08-06 01:26:04,693 - INFO - Rejected chunk_id 663: Too similar to original (39.3% overlap)
2026-08-06 01:26:06,361 - INFO - Rejected chunk_id 992: Too similar to original (43.6% overlap)
2026-08-06 01:26:08,054 - INFO - Rejected chunk_id 2406: Too similar to original (32.8% overlap)
2026-08-06 01:26:09,794 - INFO - Rejected chunk_id 304: Too similar to original (41.1% overlap)
2026-08-06 01:26:12,149 - INFO - Rejected chunk_id 5933: Contains 'Table'
2026-08-06 01:26:17,241 - INFO - Rejected chunk_id 983: Too similar to original (39.4% overlap)
2026-08-06 01:26:19,394 - INFO - Rejected chunk_id 132: Too similar to original (40.0% overlap)
2026-08-06 01:26:24,770 - INFO - Rejected chunk_id 304: Too similar to original (31.7% overlap)
2026-08-06 01:26:27,302 - INFO - Rejected chunk_id 1098: Contains 'Table'
2026-08-06 01:26:29,786 - INFO - Rejected chunk_id 2935: Too similar to original (32.8% overlap)
2026-08-06 01:26:32,977 - INFO - Rejected chunk_id 1777: Too similar to original (37.7% overlap)
2026-08-06 01:26:35,151 - INFO - Rejected chunk_id 2837: Too similar to original (37.9% overlap)
2026-08-06 01:26:36,918 - INFO - Rejected chunk_id 2256: Too similar to original (53.4% overlap)
2026-08-06 01:26:38,914 - INFO - Rejected chunk_id 271: Too similar to original (58.9% overlap)
2026-08-06 01:26:41,121 - INFO - Rejected chunk_id 279: Too similar to original (41.0% overlap)
2026-08-06 01:26:43,876 - INFO - Rejected chunk_id 6572: Too similar to original (31.8% overlap)
2026-08-06 01:26:46,790 - INFO - Rejected chunk_id 6830: Contains 'Table'
2026-08-06 01:26:56,430 - INFO - Rejected chunk_id 318: Too similar to original (34.5% overlap)
2026-08-06 01:27:03,084 - INFO - Rejected chunk_id 2834: Too similar to original (34.9% overlap)
2026-08-06 01:27:06,383 - INFO - Rejected chunk_id 282: Too similar to original (47.3% overlap)
2026-08-06 01:27:08,925 - INFO - Rejected chunk_id 7538: Contains 'Table'
2026-08-06 01:27:12,282 - INFO - Rejected chunk_id 3224: Contains 'Table'
2026-08-06 01:27:14,850 - INFO - Rejected chunk_id 2257: Contains 'Table'
2026-08-06 01:27:18,817 - INFO - Rejected chunk_id 1577: Contains 'Table'
2026-08-06 01:27:22,501 - INFO - Rejected chunk_id 341: Too similar to original (49.2% overlap)
2026-08-06 01:27:24,286 - INFO - Rejected chunk_id 1632: Too similar to original (50.7% overlap)
2026-08-06 01:27:26,259 - INFO - Rejected chunk_id 897: Too similar to original (34.4% overlap)
2026-08-06 01:27:27,910 - INFO - Rejected chunk_id 7301: Too similar to original (43.5% overlap)
2026-08-06 01:27:30,199 - INFO - Rejected chunk_id 727: Contains 'Table'
2026-08-06 01:27:31,812 - INFO - Rejected chunk_id 1842: Too similar to original (40.0% overlap)
2026-08-06 01:27:33,367 - INFO - Rejected chunk_id 43: Too similar to original (43.1% overlap)
2026-08-06 01:27:34,627 - INFO - Rejected chunk_id 54: Too similar to original (39.6% overlap)
2026-08-06 01:27:36,873 - INFO - Rejected chunk_id 1337: Too similar to original (37.7% overlap)
2026-08-06 01:27:38,926 - INFO - Rejected chunk_id 84: Too similar to original (60.4% overlap)
2026-08-06 01:27:40,850 - INFO - Rejected chunk_id 274: Too similar to original (39.7% overlap)
2026-08-06 01:27:42,898 - INFO - Rejected chunk_id 132: Too similar to original (49.1% overlap)
2026-08-06 01:27:44,649 - INFO - Rejected chunk_id 7358: Contains 'Table'
2026-08-06 01:27:46,706 - INFO - Rejected chunk_id 1838: Too similar to original (40.7% overlap)
2026-08-06 01:27:48,163 - INFO - Rejected chunk_id 159: Too similar to original (43.1% overlap)
2026-08-06 01:27:50,722 - INFO - Rejected chunk_id 511: Too similar to original (51.6% overlap)
2026-08-06 01:27:55,255 - INFO - Rejected chunk_id 131: Too similar to original (43.1% overlap)
2026-08-06 01:27:56,932 - INFO - Rejected chunk_id 465: Too similar to original (40.8% overlap)
2026-08-06 01:28:00,164 - INFO - Rejected chunk_id 489: Too similar to original (59.6% overlap)
2026-08-06 01:28:03,580 - INFO - Rejected chunk_id 225: Too similar to original (35.5% overlap)
2026-08-06 01:28:06,609 - INFO - Rejected chunk_id 74: Too similar to original (48.6% overlap)
2026-08-06 01:28:09,648 - INFO - Rejected chunk_id 83: Too similar to original (32.1% overlap)
2026-08-06 01:28:12,125 - INFO - Rejected chunk_id 6657: Contains 'Table'
2026-08-06 01:28:14,225 - INFO - Rejected chunk_id 886: Too similar to original (49.1% overlap)
2026-08-06 01:28:18,993 - INFO - Rejected chunk_id 2956: Too similar to original (52.3% overlap)
2026-08-06 01:28:22,586 - INFO - Rejected chunk_id 5212: Contains 'Figure'
2026-08-06 01:28:24,926 - INFO - Rejected chunk_id 1423: Too similar to original (32.4% overlap)
2026-08-06 01:28:26,629 - INFO - Rejected chunk_id 3704: Contains 'Table'
2026-08-06 01:28:28,491 - INFO - Rejected chunk_id 2105: Too similar to original (37.9% overlap)
2026-08-06 01:28:30,025 - INFO - Rejected chunk_id 1547: Too similar to original (32.3% overlap)
2026-08-06 01:28:33,416 - INFO - Rejected chunk_id 2698: Too similar to original (51.4% overlap)
2026-08-06 01:28:34,977 - INFO - Rejected chunk_id 1528: Too similar to original (39.7% overlap)
2026-08-06 01:28:36,470 - INFO - Rejected chunk_id 258: Too similar to original (45.5% overlap)
2026-08-06 01:28:40,082 - INFO - Rejected chunk_id 2458: Too similar to original (30.4% overlap)
2026-08-06 01:28:41,609 - INFO - Rejected chunk_id 303: Too similar to original (40.3% overlap)
2026-08-06 01:28:45,266 - INFO - Rejected chunk_id 970: Too similar to original (37.1% overlap)
2026-08-06 01:28:48,014 - INFO - Rejected chunk_id 921: Contains 'Table'
2026-08-06 01:28:49,935 - INFO - Rejected chunk_id 1681: Too similar to original (32.9% overlap)
2026-08-06 01:28:53,419 - INFO - Rejected chunk_id 607: Contains 'Table'
2026-08-06 01:28:54,696 - INFO - Rejected chunk_id 204: Too similar to original (30.4% overlap)
2026-08-06 01:28:56,094 - INFO - Rejected chunk_id 2843: Too similar to original (30.9% overlap)
2026-08-06 01:28:59,596 - INFO - Rejected chunk_id 1265: Too similar to original (34.5% overlap)
2026-08-06 01:29:04,642 - INFO - Rejected chunk_id 2128: Too similar to original (51.9% overlap)
2026-08-06 01:29:06,232 - INFO - Rejected chunk_id 754: Too similar to original (46.0% overlap)
2026-08-06 01:29:11,004 - INFO - Rejected chunk_id 1532: Too similar to original (50.0% overlap)
2026-08-06 01:29:12,688 - INFO - Rejected chunk_id 1305: Too similar to original (44.3% overlap)
2026-08-06 01:29:14,786 - INFO - Rejected chunk_id 183: Too similar to original (38.8% overlap)
2026-08-06 01:29:16,919 - INFO - Rejected chunk_id 7330: Contains 'Figure'
2026-08-06 01:29:19,366 - INFO - Rejected chunk_id 588: Too similar to original (52.2% overlap)
2026-08-06 01:29:29,378 - INFO - Rejected chunk_id 7488: Contains 'Table'
2026-08-06 01:29:30,827 - INFO - Rejected chunk_id 2338: Too similar to original (43.8% overlap)
2026-08-06 01:29:39,027 - INFO - Rejected chunk_id 2566: Too similar to original (43.1% overlap)
2026-08-06 01:29:44,145 - INFO - Rejected chunk_id 1039: Too similar to original (42.3% overlap)
2026-08-06 01:29:49,118 - INFO - Rejected chunk_id 2622: Too similar to original (45.3% overlap)
2026-08-06 01:29:50,611 - INFO - Rejected chunk_id 1907: Too similar to original (45.5% overlap)
2026-08-06 01:29:56,695 - INFO - Rejected chunk_id 579: Too similar to original (40.7% overlap)
2026-08-06 01:29:58,364 - INFO - Rejected chunk_id 936: Too similar to original (47.3% overlap)
2026-08-06 01:30:02,075 - INFO - Rejected chunk_id 1128: Too similar to original (44.6% overlap)
2026-08-06 01:30:04,254 - INFO - Rejected chunk_id 2724: Too similar to original (45.5% overlap)
2026-08-06 01:30:06,449 - INFO - Rejected chunk_id 7645: Contains 'Figure'
2026-08-06 01:30:08,866 - INFO - Rejected chunk_id 2174: Contains 'Table'
2026-08-06 01:30:13,926 - INFO - Rejected chunk_id 6084: Too similar to original (31.0% overlap)
2026-08-06 01:30:16,548 - INFO - Rejected chunk_id 411: Too similar to original (39.7% overlap)
2026-08-06 01:30:20,862 - INFO - Rejected chunk_id 308: Too similar to original (40.4% overlap)
2026-08-06 01:30:21,999 - INFO - Rejected chunk_id 2437: Too similar to original (31.9% overlap)
2026-08-06 01:30:23,522 - INFO - Rejected chunk_id 1582: Too similar to original (49.1% overlap)
2026-08-06 01:30:24,890 - INFO - Rejected chunk_id 181: Too similar to original (46.5% overlap)
2026-08-06 01:30:26,560 - INFO - Rejected chunk_id 1718: Too similar to original (43.4% overlap)
2026-08-06 01:30:28,279 - INFO - Rejected chunk_id 7336: Too similar to original (33.3% overlap)
2026-08-06 01:30:32,988 - INFO - Rejected chunk_id 815: Too similar to original (36.5% overlap)
2026-08-06 01:30:34,326 - INFO - Rejected chunk_id 50: Too similar to original (42.0% overlap)
2026-08-06 01:30:35,677 - INFO - Rejected chunk_id 896: Too similar to original (60.0% overlap)
2026-08-06 01:30:37,992 - INFO - Rejected chunk_id 153: Too similar to original (32.4% overlap)
2026-08-06 01:30:42,158 - INFO - Rejected chunk_id 55: Too similar to original (41.0% overlap)
2026-08-06 01:30:45,474 - INFO - Rejected chunk_id 72: Too similar to original (36.2% overlap)
2026-08-06 01:30:46,969 - INFO - Rejected chunk_id 95: Too similar to original (57.4% overlap)
2026-08-06 01:30:48,679 - INFO - Rejected chunk_id 3858: Contains 'Table'
2026-08-06 01:30:50,118 - INFO - Rejected chunk_id 1744: Too similar to original (45.8% overlap)
2026-08-06 01:31:03,489 - INFO - Rejected chunk_id 6754: Too similar to original (39.3% overlap)
2026-08-06 01:31:04,785 - INFO - Rejected chunk_id 70: Too similar to original (41.8% overlap)
2026-08-06 01:31:06,275 - INFO - Rejected chunk_id 2436: Too similar to original (40.0% overlap)
2026-08-06 01:31:09,536 - INFO - Rejected chunk_id 338: Too similar to original (40.5% overlap)
2026-08-06 01:31:12,564 - INFO - Rejected chunk_id 833: Too similar to original (38.6% overlap)
2026-08-06 01:31:15,760 - INFO - Rejected chunk_id 1063: Too similar to original (33.3% overlap)
2026-08-06 01:31:18,182 - INFO - Rejected chunk_id 1758: Too similar to original (48.6% overlap)
2026-08-06 01:31:20,247 - INFO - Rejected chunk_id 2199: Too similar to original (39.1% overlap)
2026-08-06 01:31:21,688 - INFO - Rejected chunk_id 29: Too similar to original (46.0% overlap)
2026-08-06 01:31:23,440 - INFO - Rejected chunk_id 744: Too similar to original (44.4% overlap)
2026-08-06 01:31:24,940 - INFO - Rejected chunk_id 72: Too similar to original (42.2% overlap)
2026-08-06 01:31:28,612 - INFO - Rejected chunk_id 1231: Too similar to original (47.8% overlap)
2026-08-06 01:31:29,917 - INFO - Rejected chunk_id 2257: Too similar to original (39.3% overlap)
2026-08-06 01:31:31,930 - INFO - Rejected chunk_id 3335: Contains 'Table'
2026-08-06 01:31:34,476 - INFO - Rejected chunk_id 1036: Too similar to original (53.0% overlap)
2026-08-06 01:31:38,125 - INFO - Rejected chunk_id 163: Too similar to original (38.3% overlap)
2026-08-06 01:31:39,857 - INFO - Rejected chunk_id 743: Too similar to original (49.2% overlap)
2026-08-06 01:31:41,958 - INFO - Rejected chunk_id 2123: Too similar to original (41.1% overlap)
2026-08-06 01:31:46,467 - INFO - Rejected chunk_id 1014: Too similar to original (36.1% overlap)
2026-08-06 01:31:48,378 - INFO - Rejected chunk_id 237: Too similar to original (48.3% overlap)
2026-08-06 01:31:55,284 - INFO - Rejected chunk_id 2235: Too similar to original (31.8% overlap)
2026-08-06 01:31:57,950 - INFO - Rejected chunk_id 450: Too similar to original (45.0% overlap)
2026-08-06 01:31:59,710 - INFO - Rejected chunk_id 2363: Too similar to original (62.5% overlap)
2026-08-06 01:32:02,158 - INFO - Rejected chunk_id 7608: Contains 'Table'
2026-08-06 01:32:06,179 - INFO - Rejected chunk_id 298: Too similar to original (39.3% overlap)
2026-08-06 01:32:11,464 - INFO - Rejected chunk_id 2424: Too similar to original (48.1% overlap)
2026-08-06 01:32:13,279 - INFO - Rejected chunk_id 752: Too similar to original (42.1% overlap)
2026-08-06 01:32:17,785 - INFO - Rejected chunk_id 1936: Too similar to original (42.4% overlap)
2026-08-06 01:32:20,073 - INFO - Rejected chunk_id 226: Too similar to original (45.0% overlap)
2026-08-06 01:32:27,942 - INFO - Rejected chunk_id 630: Too similar to original (31.6% overlap)
2026-08-06 01:32:30,426 - INFO - Rejected chunk_id 835: Too similar to original (38.4% overlap)
2026-08-06 01:32:35,865 - INFO - Rejected chunk_id 1758: Contains 'Table'
2026-08-06 01:32:37,545 - INFO - Rejected chunk_id 630: Too similar to original (35.6% overlap)
2026-08-06 01:32:39,334 - INFO - Rejected chunk_id 2727: Too similar to original (39.7% overlap)
2026-08-06 01:32:41,210 - INFO - Rejected chunk_id 7300: Too similar to original (37.7% overlap)
2026-08-06 01:32:44,158 - INFO - Rejected chunk_id 742: Too similar to original (35.6% overlap)
2026-08-06 01:32:45,909 - INFO - Rejected chunk_id 7376: Contains 'Table'
2026-08-06 01:32:48,348 - INFO - Rejected chunk_id 100: Contains 'Table'
2026-08-06 01:32:56,368 - INFO - Rejected chunk_id 2739: Too similar to original (31.8% overlap)
2026-08-06 01:32:59,854 - INFO - Rejected chunk_id 4472: Contains 'Table'
2026-08-06 01:33:01,563 - INFO - Rejected chunk_id 735: Too similar to original (39.3% overlap)
2026-08-06 01:33:04,148 - INFO - Rejected chunk_id 3338: Contains 'Table'
2026-08-06 01:33:08,687 - INFO - Rejected chunk_id 239: Too similar to original (48.4% overlap)
2026-08-06 01:33:10,311 - INFO - Rejected chunk_id 810: Too similar to original (34.4% overlap)
2026-08-06 01:33:12,553 - INFO - Rejected chunk_id 5624: Contains 'Table'
2026-08-06 01:33:14,070 - INFO - Rejected chunk_id 2553: Too similar to original (45.3% overlap)
2026-08-06 01:33:15,523 - INFO - Rejected chunk_id 7396: Too similar to original (44.2% overlap)
2026-08-06 01:33:17,055 - INFO - Rejected chunk_id 1069: Too similar to original (39.6% overlap)
2026-08-06 01:33:23,535 - INFO - Rejected chunk_id 5951: Contains 'Table'
2026-08-06 01:33:26,761 - INFO - Rejected chunk_id 2640: Contains 'Figure'
2026-08-06 01:33:28,555 - INFO - Rejected chunk_id 2950: Too similar to original (38.9% overlap)
2026-08-06 01:33:29,558 - INFO - Rejected chunk_id 83: Too similar to original (33.9% overlap)
2026-08-06 01:33:31,074 - INFO - Rejected chunk_id 7384: Contains 'Figure'
2026-08-06 01:33:35,136 - INFO - Rejected chunk_id 2311: Too similar to original (50.9% overlap)
2026-08-06 01:33:38,168 - INFO - Rejected chunk_id 113: Too similar to original (37.0% overlap)
2026-08-06 01:33:40,341 - INFO - Rejected chunk_id 6937: Contains 'Table'
2026-08-06 01:33:50,171 - INFO - Rejected chunk_id 1480: Too similar to original (60.0% overlap)
2026-08-06 01:33:57,133 - INFO - Rejected chunk_id 38: Too similar to original (42.6% overlap)
2026-08-06 01:34:00,112 - INFO - Rejected chunk_id 1997: Too similar to original (42.0% overlap)
2026-08-06 01:34:02,004 - INFO - Rejected chunk_id 660: Too similar to original (50.9% overlap)
2026-08-06 01:34:07,124 - INFO - Rejected chunk_id 2774: Too similar to original (42.9% overlap)
2026-08-06 01:34:09,002 - INFO - Rejected chunk_id 280: Too similar to original (34.2% overlap)
2026-08-06 01:34:11,715 - INFO - Rejected chunk_id 518: Too similar to original (37.7% overlap)
2026-08-06 01:34:13,734 - INFO - Rejected chunk_id 280: Too similar to original (34.0% overlap)
2026-08-06 01:34:15,409 - INFO - Rejected chunk_id 2560: Too similar to original (38.9% overlap)
2026-08-06 01:34:17,246 - INFO - Rejected chunk_id 192: Too similar to original (35.8% overlap)
2026-08-06 01:34:21,355 - INFO - Rejected chunk_id 671: Too similar to original (62.1% overlap)
2026-08-06 01:34:23,140 - INFO - Rejected chunk_id 179: Too similar to original (37.7% overlap)
2026-08-06 01:34:28,057 - INFO - Rejected chunk_id 6810: Contains 'Table'
2026-08-06 01:34:29,795 - INFO - Rejected chunk_id 2413: Too similar to original (31.1% overlap)
2026-08-06 01:34:31,184 - INFO - Rejected chunk_id 167: Too similar to original (47.3% overlap)
2026-08-06 01:34:32,618 - INFO - Rejected chunk_id 195: Too similar to original (31.6% overlap)
2026-08-06 01:34:34,809 - INFO - Rejected chunk_id 937: Too similar to original (49.0% overlap)
2026-08-06 01:34:40,750 - INFO - Rejected chunk_id 915: Too similar to original (33.9% overlap)
2026-08-06 01:34:42,367 - INFO - Rejected chunk_id 233: Too similar to original (32.4% overlap)
2026-08-06 01:34:44,263 - INFO - Rejected chunk_id 566: Too similar to original (42.2% overlap)
2026-08-06 01:34:46,857 - INFO - Rejected chunk_id 53: Too similar to original (30.4% overlap)
2026-08-06 01:34:48,690 - INFO - Rejected chunk_id 497: Too similar to original (51.3% overlap)
2026-08-06 01:34:50,684 - INFO - Rejected chunk_id 733: Contains 'Figure'
2026-08-06 01:34:52,349 - INFO - Rejected chunk_id 441: Too similar to original (42.6% overlap)
2026-08-06 01:34:54,572 - INFO - Rejected chunk_id 1695: Too similar to original (37.3% overlap)
2026-08-06 01:34:55,972 - INFO - Rejected chunk_id 189: Too similar to original (40.0% overlap)
2026-08-06 01:34:57,366 - INFO - Rejected chunk_id 139: Too similar to original (35.0% overlap)
2026-08-06 01:35:00,737 - INFO - Rejected chunk_id 2647: Too similar to original (45.8% overlap)
2026-08-06 01:35:02,707 - INFO - Rejected chunk_id 870: Contains 'Table'
2026-08-06 01:35:05,864 - INFO - Rejected chunk_id 1350: Too similar to original (42.6% overlap)
2026-08-06 01:35:15,757 - INFO - Rejected chunk_id 2733: Contains 'Table'
2026-08-06 01:35:17,612 - INFO - Rejected chunk_id 2291: Too similar to original (52.5% overlap)
2026-08-06 01:35:20,286 - INFO - Rejected chunk_id 3930: Too similar to original (41.1% overlap)
2026-08-06 01:35:22,821 - INFO - Rejected chunk_id 3497: Too similar to original (33.3% overlap)
2026-08-06 01:35:24,948 - INFO - Rejected chunk_id 4551: Too similar to original (38.7% overlap)
2026-08-06 01:35:26,596 - INFO - Rejected chunk_id 114: Too similar to original (35.7% overlap)
2026-08-06 01:35:33,969 - INFO - Rejected chunk_id 1922: Too similar to original (37.5% overlap)
2026-08-06 01:35:35,927 - INFO - Rejected chunk_id 240: Too similar to original (64.7% overlap)
2026-08-06 01:35:41,392 - INFO - Rejected chunk_id 298: Too similar to original (54.4% overlap)
2026-08-06 01:35:43,878 - INFO - Rejected chunk_id 2403: Too similar to original (34.4% overlap)
2026-08-06 01:35:45,548 - INFO - Rejected chunk_id 5141: Too similar to original (30.4% overlap)
2026-08-06 01:35:49,300 - INFO - Rejected chunk_id 39: Too similar to original (42.0% overlap)
2026-08-06 01:35:51,732 - INFO - Rejected chunk_id 227: Too similar to original (30.5% overlap)
2026-08-06 01:35:54,087 - INFO - Rejected chunk_id 1414: Too similar to original (42.0% overlap)
2026-08-06 01:36:00,974 - INFO - Rejected chunk_id 746: Contains 'Figure'
2026-08-06 01:36:05,689 - INFO - Rejected chunk_id 719: Too similar to original (34.3% overlap)
2026-08-06 01:36:10,066 - INFO - Rejected chunk_id 282: Too similar to original (37.5% overlap)
2026-08-06 01:36:13,793 - INFO - Rejected chunk_id 7602: Contains 'Table'
2026-08-06 01:36:15,402 - INFO - Rejected chunk_id 38: Too similar to original (35.6% overlap)
2026-08-06 01:36:17,198 - INFO - Rejected chunk_id 2626: Too similar to original (39.6% overlap)
2026-08-06 01:36:20,450 - INFO - Rejected chunk_id 287: Too similar to original (31.3% overlap)
2026-08-06 01:36:24,225 - INFO - Rejected chunk_id 2295: Too similar to original (46.7% overlap)
2026-08-06 01:36:26,643 - INFO - Rejected chunk_id 1478: Contains 'Table'
2026-08-06 01:36:28,151 - INFO - Rejected chunk_id 1016: Too similar to original (31.7% overlap)
2026-08-06 01:36:30,561 - INFO - Rejected chunk_id 3703: Too similar to original (31.6% overlap)
2026-08-06 01:36:34,422 - INFO - Rejected chunk_id 1528: Contains 'Table'
2026-08-06 01:36:37,659 - INFO - Rejected chunk_id 426: Too similar to original (40.8% overlap)
2026-08-06 01:36:39,484 - INFO - Rejected chunk_id 482: Too similar to original (38.8% overlap)
2026-08-06 01:36:41,523 - INFO - Rejected chunk_id 67: Too similar to original (34.8% overlap)
2026-08-06 01:36:44,182 - INFO - Rejected chunk_id 1015: Too similar to original (30.2% overlap)
2026-08-06 01:36:46,064 - INFO - Rejected chunk_id 5623: Contains 'Table'
2026-08-06 01:36:50,063 - INFO - Rejected chunk_id 131: Too similar to original (50.6% overlap)
2026-08-06 01:36:53,063 - INFO - Rejected chunk_id 298: Too similar to original (33.3% overlap)
2026-08-06 01:36:55,329 - INFO - Rejected chunk_id 1579: Too similar to original (30.3% overlap)
2026-08-06 01:36:57,128 - INFO - Rejected chunk_id 184: Too similar to original (37.1% overlap)
2026-08-06 01:36:59,259 - INFO - Rejected chunk_id 1519: Too similar to original (53.9% overlap)
2026-08-06 01:37:01,232 - INFO - Rejected chunk_id 494: Too similar to original (50.0% overlap)
2026-08-06 01:37:07,298 - INFO - Rejected chunk_id 2858: Contains 'Table'
2026-08-06 01:37:08,896 - INFO - Rejected chunk_id 58: Too similar to original (41.7% overlap)
2026-08-06 01:37:10,865 - INFO - Rejected chunk_id 3172: Too similar to original (35.0% overlap)
2026-08-06 01:37:12,531 - INFO - Rejected chunk_id 309: Too similar to original (55.0% overlap)
2026-08-06 01:37:14,026 - INFO - Rejected chunk_id 298: Too similar to original (37.5% overlap)
2026-08-06 01:37:15,758 - INFO - Rejected chunk_id 67: Too similar to original (52.6% overlap)
2026-08-06 01:37:16,843 - INFO - Rejected chunk_id 2539: Too similar to original (32.7% overlap)
2026-08-06 01:37:20,014 - INFO - Rejected chunk_id 2218: Too similar to original (47.3% overlap)
2026-08-06 01:37:21,709 - INFO - Rejected chunk_id 1605: Too similar to original (31.2% overlap)
2026-08-06 01:37:23,293 - INFO - Rejected chunk_id 1574: Too similar to original (30.6% overlap)
2026-08-06 01:37:25,442 - INFO - Rejected chunk_id 3851: Contains 'Table'
2026-08-06 01:37:28,737 - INFO - Rejected chunk_id 1928: Too similar to original (33.9% overlap)
2026-08-06 01:37:33,206 - INFO - Rejected chunk_id 1366: Too similar to original (50.7% overlap)
2026-08-06 01:37:35,061 - INFO - Rejected chunk_id 81: Too similar to original (45.2% overlap)
2026-08-06 01:37:36,740 - INFO - Rejected chunk_id 1246: Contains 'Figure'
2026-08-06 01:37:38,841 - INFO - Rejected chunk_id 7344: Too similar to original (43.2% overlap)
2026-08-06 01:37:42,392 - INFO - Rejected chunk_id 2747: Contains 'Table'
2026-08-06 01:37:44,406 - INFO - Rejected chunk_id 142: Too similar to original (36.7% overlap)
2026-08-06 01:37:46,552 - INFO - Rejected chunk_id 523: Too similar to original (54.7% overlap)
2026-08-06 01:37:48,699 - INFO - Rejected chunk_id 1615: Too similar to original (48.6% overlap)
2026-08-06 01:37:50,046 - INFO - Rejected chunk_id 5921: Too similar to original (45.5% overlap)
2026-08-06 01:37:55,873 - INFO - Rejected chunk_id 2690: Too similar to original (32.7% overlap)
2026-08-06 01:37:57,613 - INFO - Rejected chunk_id 2872: Too similar to original (33.3% overlap)
2026-08-06 01:37:59,602 - INFO - Rejected chunk_id 1276: Too similar to original (35.3% overlap)
2026-08-06 01:38:03,349 - INFO - Rejected chunk_id 1893: Too similar to original (45.8% overlap)
2026-08-06 01:38:06,598 - INFO - Rejected chunk_id 2384: Too similar to original (53.2% overlap)
2026-08-06 01:38:09,557 - INFO - Rejected chunk_id 1485: Too similar to original (39.1% overlap)
2026-08-06 01:38:10,862 - INFO - Rejected chunk_id 841: Contains 'Table'
2026-08-06 01:38:14,373 - INFO - Rejected chunk_id 80: Too similar to original (54.2% overlap)
2026-08-06 01:38:16,072 - INFO - Rejected chunk_id 1088: Too similar to original (38.6% overlap)
2026-08-06 01:38:18,164 - INFO - Rejected chunk_id 326: Contains 'Figure'
2026-08-06 01:38:20,315 - INFO - Rejected chunk_id 266: Too similar to original (41.3% overlap)
2026-08-06 01:38:22,418 - INFO - Rejected chunk_id 5607: Too similar to original (45.1% overlap)
2026-08-06 01:38:24,485 - INFO - Rejected chunk_id 936: Too similar to original (48.6% overlap)
2026-08-06 01:38:26,723 - INFO - Rejected chunk_id 2890: Too similar to original (34.2% overlap)
2026-08-06 01:38:31,007 - INFO - Rejected chunk_id 3860: Too similar to original (42.6% overlap)
2026-08-06 01:38:34,514 - INFO - Rejected chunk_id 7272: Too similar to original (32.8% overlap)
2026-08-06 01:38:36,615 - INFO - Rejected chunk_id 416: Too similar to original (58.7% overlap)
2026-08-06 01:38:38,521 - INFO - Rejected chunk_id 136: Too similar to original (49.2% overlap)
2026-08-06 01:38:40,394 - INFO - Rejected chunk_id 368: Contains 'Table'
2026-08-06 01:38:42,695 - INFO - Rejected chunk_id 1690: Too similar to original (37.2% overlap)
2026-08-06 01:38:46,131 - INFO - Rejected chunk_id 62: Too similar to original (50.0% overlap)
2026-08-06 01:38:47,989 - INFO - Rejected chunk_id 1178: Too similar to original (36.8% overlap)
2026-08-06 01:38:50,521 - INFO - Rejected chunk_id 1207: Too similar to original (37.8% overlap)
2026-08-06 01:38:56,272 - INFO - Rejected chunk_id 2845: Too similar to original (36.4% overlap)
2026-08-06 01:38:57,710 - INFO - Rejected chunk_id 1853: Too similar to original (60.0% overlap)
2026-08-06 01:39:03,613 - INFO - Rejected chunk_id 1984: Too similar to original (33.3% overlap)
2026-08-06 01:39:09,320 - INFO - Rejected chunk_id 2038: Too similar to original (46.9% overlap)
2026-08-06 01:39:10,648 - INFO - Rejected chunk_id 161: Too similar to original (32.7% overlap)
2026-08-06 01:39:12,335 - INFO - Rejected chunk_id 6709: Contains 'Figure'
2026-08-06 01:39:13,898 - INFO - Rejected chunk_id 32: Too similar to original (37.7% overlap)
2026-08-06 01:39:20,877 - INFO - Rejected chunk_id 899: Too similar to original (36.0% overlap)
2026-08-06 01:39:23,496 - INFO - Rejected chunk_id 2778: Too similar to original (37.8% overlap)
2026-08-06 01:39:24,826 - INFO - Rejected chunk_id 81: Too similar to original (41.8% overlap)
2026-08-06 01:39:26,107 - INFO - Rejected chunk_id 69: Too similar to original (46.7% overlap)
2026-08-06 01:39:27,778 - INFO - Rejected chunk_id 159: Too similar to original (32.2% overlap)
2026-08-06 01:39:31,950 - INFO - Rejected chunk_id 469: Too similar to original (32.1% overlap)
2026-08-06 01:39:33,524 - INFO - Rejected chunk_id 2531: Too similar to original (32.3% overlap)
2026-08-06 01:39:36,115 - INFO - Rejected chunk_id 2035: Too similar to original (56.7% overlap)
2026-08-06 01:39:38,081 - INFO - Rejected chunk_id 1381: Too similar to original (50.7% overlap)
2026-08-06 01:39:42,805 - INFO - Rejected chunk_id 1873: Too similar to original (41.5% overlap)
2026-08-06 01:39:44,939 - INFO - Rejected chunk_id 2752: Too similar to original (40.7% overlap)
2026-08-06 01:39:48,783 - INFO - Rejected chunk_id 851: Too similar to original (44.4% overlap)
2026-08-06 01:39:50,792 - INFO - Rejected chunk_id 1262: Too similar to original (42.4% overlap)
2026-08-06 01:39:52,636 - INFO - Rejected chunk_id 5975: Contains 'Table'
2026-08-06 01:39:54,770 - INFO - Rejected chunk_id 6918: Contains 'Table'
2026-08-06 01:40:03,584 - INFO - Rejected chunk_id 2651: Too similar to original (37.5% overlap)
2026-08-06 01:40:05,886 - INFO - Rejected chunk_id 1509: Too similar to original (32.8% overlap)
2026-08-06 01:40:08,173 - INFO - Rejected chunk_id 1581: Too similar to original (33.3% overlap)
2026-08-06 01:40:10,088 - INFO - Rejected chunk_id 257: Too similar to original (54.7% overlap)
2026-08-06 01:40:12,219 - INFO - Rejected chunk_id 2426: Too similar to original (56.8% overlap)
2026-08-06 01:40:13,510 - INFO - Rejected chunk_id 16: Too similar to original (34.8% overlap)
2026-08-06 01:40:15,362 - INFO - Rejected chunk_id 558: Too similar to original (31.2% overlap)
2026-08-06 01:40:17,371 - INFO - Rejected chunk_id 52: Too similar to original (56.1% overlap)
2026-08-06 01:40:19,862 - INFO - Rejected chunk_id 505: Too similar to original (50.9% overlap)
2026-08-06 01:40:23,337 - INFO - Rejected chunk_id 2765: Too similar to original (35.3% overlap)
2026-08-06 01:40:25,251 - INFO - Rejected chunk_id 69: Too similar to original (41.8% overlap)
2026-08-06 01:40:26,655 - INFO - Rejected chunk_id 2373: Too similar to original (53.2% overlap)
2026-08-06 01:40:29,599 - INFO - Rejected chunk_id 483: Too similar to original (36.8% overlap)
2026-08-06 01:40:30,910 - INFO - Rejected chunk_id 1062: Too similar to original (33.3% overlap)
2026-08-06 01:40:32,649 - INFO - Rejected chunk_id 1697: Too similar to original (34.4% overlap)
2026-08-06 01:40:39,554 - INFO - Rejected chunk_id 152: Too similar to original (47.2% overlap)
2026-08-06 01:40:41,281 - INFO - Rejected chunk_id 1300: Too similar to original (55.6% overlap)
2026-08-06 01:40:43,397 - INFO - Rejected chunk_id 1817: Too similar to original (56.9% overlap)
2026-08-06 01:40:46,644 - INFO - Rejected chunk_id 1892: Too similar to original (45.0% overlap)
2026-08-06 01:40:49,438 - INFO - Rejected chunk_id 2723: Too similar to original (42.3% overlap)
2026-08-06 01:40:53,569 - INFO - Rejected chunk_id 102: Too similar to original (35.6% overlap)
2026-08-06 01:40:55,933 - INFO - Rejected chunk_id 297: Too similar to original (59.0% overlap)
2026-08-06 01:40:57,537 - INFO - Rejected chunk_id 328: Too similar to original (43.1% overlap)
2026-08-06 01:41:02,359 - INFO - Rejected chunk_id 2095: Contains 'Table'
2026-08-06 01:41:06,293 - INFO - Rejected chunk_id 1623: Too similar to original (36.2% overlap)
2026-08-06 01:41:08,090 - INFO - Rejected chunk_id 1190: Too similar to original (40.0% overlap)
2026-08-06 01:41:10,410 - INFO - Rejected chunk_id 6816: Contains 'Table'
2026-08-06 01:41:12,934 - INFO - Rejected chunk_id 582: Too similar to original (31.2% overlap)
2026-08-06 01:41:15,135 - INFO - Rejected chunk_id 4803: Too similar to original (45.1% overlap)
2026-08-06 01:41:17,611 - INFO - Rejected chunk_id 561: Too similar to original (35.7% overlap)
2026-08-06 01:41:23,938 - INFO - Rejected chunk_id 2185: Too similar to original (31.1% overlap)
2026-08-06 01:41:25,898 - INFO - Rejected chunk_id 234: Too similar to original (46.0% overlap)
2026-08-06 01:41:27,681 - INFO - Rejected chunk_id 361: Too similar to original (64.3% overlap)
2026-08-06 01:41:29,283 - INFO - Rejected chunk_id 2608: Too similar to original (54.7% overlap)
2026-08-06 01:41:32,537 - INFO - Rejected chunk_id 238: Too similar to original (33.3% overlap)
2026-08-06 01:41:35,881 - INFO - Rejected chunk_id 2278: Too similar to original (46.7% overlap)
2026-08-06 01:41:37,716 - INFO - Rejected chunk_id 1483: Contains 'Table'
2026-08-06 01:41:41,401 - INFO - Rejected chunk_id 7564: Contains 'Table'
2026-08-06 01:41:43,512 - INFO - Rejected chunk_id 2483: Too similar to original (55.2% overlap)
2026-08-06 01:41:47,279 - INFO - Rejected chunk_id 558: Too similar to original (51.9% overlap)
2026-08-06 01:41:51,562 - INFO - Rejected chunk_id 508: Too similar to original (55.2% overlap)
2026-08-06 01:41:55,081 - INFO - Rejected chunk_id 2322: Too similar to original (41.0% overlap)
2026-08-06 01:41:58,761 - INFO - Rejected chunk_id 105: Too similar to original (33.3% overlap)
2026-08-06 01:42:00,528 - INFO - Rejected chunk_id 2925: Contains 'Figure'
2026-08-06 01:42:02,532 - INFO - Rejected chunk_id 2239: Too similar to original (33.8% overlap)
2026-08-06 01:42:04,506 - INFO - Rejected chunk_id 1725: Too similar to original (51.6% overlap)
2026-08-06 01:42:07,584 - INFO - Rejected chunk_id 1702: Too similar to original (33.3% overlap)
2026-08-06 01:42:10,160 - INFO - Rejected chunk_id 741: Too similar to original (69.8% overlap)
2026-08-06 01:42:12,195 - INFO - Rejected chunk_id 678: Too similar to original (35.0% overlap)
2026-08-06 01:42:14,106 - INFO - Rejected chunk_id 1478: Too similar to original (43.1% overlap)
2026-08-06 01:42:18,751 - INFO - Rejected chunk_id 4152: Contains 'Table'
2026-08-06 01:42:21,328 - INFO - Rejected chunk_id 959: Too similar to original (30.8% overlap)
2026-08-06 01:42:23,085 - INFO - Rejected chunk_id 1791: Too similar to original (30.8% overlap)
2026-08-06 01:42:27,273 - INFO - Rejected chunk_id 87: Too similar to original (52.9% overlap)
2026-08-06 01:42:30,122 - INFO - Rejected chunk_id 3487: Too similar to original (32.6% overlap)
2026-08-06 01:42:31,943 - INFO - Rejected chunk_id 92: Too similar to original (41.8% overlap)
2026-08-06 01:42:33,660 - INFO - Rejected chunk_id 2442: Too similar to original (62.1% overlap)
2026-08-06 01:42:38,183 - INFO - Rejected chunk_id 97: Too similar to original (35.7% overlap)
2026-08-06 01:42:40,679 - INFO - Rejected chunk_id 2808: Too similar to original (46.7% overlap)
2026-08-06 01:42:42,517 - INFO - Rejected chunk_id 2285: Too similar to original (54.4% overlap)
2026-08-06 01:42:46,337 - INFO - Rejected chunk_id 2409: Too similar to original (33.8% overlap)
2026-08-06 01:42:50,993 - INFO - Rejected chunk_id 634: Too similar to original (48.5% overlap)
2026-08-06 01:42:53,533 - INFO - Rejected chunk_id 1121: Too similar to original (59.7% overlap)
2026-08-06 01:42:55,838 - INFO - Rejected chunk_id 135: Too similar to original (41.2% overlap)
2026-08-06 01:43:01,804 - INFO - Rejected chunk_id 804: Too similar to original (44.4% overlap)
2026-08-06 01:43:03,474 - INFO - Rejected chunk_id 2766: Too similar to original (53.7% overlap)
2026-08-06 01:43:06,091 - INFO - Rejected chunk_id 1489: Too similar to original (41.7% overlap)
2026-08-06 01:43:08,402 - INFO - Rejected chunk_id 851: Too similar to original (32.3% overlap)
2026-08-06 01:43:10,170 - INFO - Rejected chunk_id 2176: Too similar to original (58.5% overlap)
2026-08-06 01:43:12,198 - INFO - Rejected chunk_id 326: Too similar to original (36.5% overlap)
2026-08-06 01:43:14,361 - INFO - Rejected chunk_id 960: Too similar to original (33.8% overlap)
2026-08-06 01:43:20,878 - INFO - Rejected chunk_id 5959: Too similar to original (30.9% overlap)
2026-08-06 01:43:23,421 - INFO - Rejected chunk_id 297: Too similar to original (45.2% overlap)
2026-08-06 01:43:27,165 - INFO - Rejected chunk_id 4084: Contains 'Table'
2026-08-06 01:43:28,711 - INFO - Rejected chunk_id 832: Too similar to original (35.1% overlap)
2026-08-06 01:43:30,233 - INFO - Rejected chunk_id 4474: Too similar to original (54.5% overlap)
2026-08-06 01:43:31,969 - INFO - Rejected chunk_id 200: Too similar to original (31.5% overlap)
2026-08-06 01:43:33,962 - INFO - Rejected chunk_id 459: Too similar to original (44.9% overlap)
2026-08-06 01:43:52,105 - INFO - Rejected chunk_id 460: Too similar to original (42.9% overlap)
2026-08-06 01:44:00,352 - INFO - Rejected chunk_id 445: Too similar to original (50.8% overlap)
2026-08-06 01:44:02,483 - INFO - Rejected chunk_id 4600: Contains 'Table'
2026-08-06 01:44:04,028 - INFO - Rejected chunk_id 4498: Contains 'Table'
2026-08-06 01:44:05,655 - INFO - Rejected chunk_id 1634: Too similar to original (30.2% overlap)
2026-08-06 01:44:10,491 - INFO - Rejected chunk_id 7081: Contains 'Table'
2026-08-06 01:44:12,401 - INFO - Rejected chunk_id 1045: Too similar to original (33.3% overlap)
2026-08-06 01:44:14,480 - INFO - Rejected chunk_id 4478: Contains 'Table'
2026-08-06 01:44:17,905 - INFO - Rejected chunk_id 307: Too similar to original (38.8% overlap)
2026-08-06 01:44:19,320 - INFO - Rejected chunk_id 613: Too similar to original (31.5% overlap)
2026-08-06 01:44:21,111 - INFO - Rejected chunk_id 1065: Too similar to original (46.2% overlap)
2026-08-06 01:44:23,077 - INFO - Rejected chunk_id 40: Too similar to original (32.3% overlap)
2026-08-06 01:44:24,932 - INFO - Rejected chunk_id 146: Too similar to original (46.3% overlap)
2026-08-06 01:44:27,855 - INFO - Rejected chunk_id 2674: Too similar to original (44.9% overlap)
2026-08-06 01:44:29,483 - INFO - Rejected chunk_id 1701: Too similar to original (45.5% overlap)
2026-08-06 01:44:30,908 - INFO - Rejected chunk_id 456: Too similar to original (32.7% overlap)
2026-08-06 01:44:32,734 - INFO - Rejected chunk_id 712: Too similar to original (31.9% overlap)
2026-08-06 01:44:37,748 - INFO - Rejected chunk_id 752: Too similar to original (30.8% overlap)
2026-08-06 01:44:39,697 - INFO - Rejected chunk_id 1826: Too similar to original (34.0% overlap)
2026-08-06 01:44:42,653 - INFO - Rejected chunk_id 3880: Too similar to original (32.0% overlap)
2026-08-06 01:44:44,346 - INFO - Rejected chunk_id 6302: Too similar to original (47.8% overlap)
2026-08-06 01:44:48,805 - INFO - Rejected chunk_id 297: Too similar to original (54.0% overlap)
2026-08-06 01:44:55,590 - INFO - Rejected chunk_id 2895: Too similar to original (37.3% overlap)
2026-08-06 01:45:05,788 - INFO - Rejected chunk_id 171: Too similar to original (45.5% overlap)
2026-08-06 01:45:07,324 - INFO - Rejected chunk_id 1531: Too similar to original (30.2% overlap)
2026-08-06 01:45:12,432 - INFO - Rejected chunk_id 151: Too similar to original (33.3% overlap)
2026-08-06 01:45:14,489 - INFO - Rejected chunk_id 174: Too similar to original (35.0% overlap)
2026-08-06 01:45:17,490 - INFO - Rejected chunk_id 318: Too similar to original (58.9% overlap)
2026-08-06 01:45:19,476 - INFO - Rejected chunk_id 458: Too similar to original (42.6% overlap)
2026-08-06 01:45:21,143 - INFO - Rejected chunk_id 3036: Contains 'Table'
2026-08-06 01:45:22,924 - INFO - Rejected chunk_id 963: Too similar to original (45.8% overlap)
2026-08-06 01:45:24,764 - INFO - Rejected chunk_id 2891: Too similar to original (44.1% overlap)
2026-08-06 01:45:26,448 - INFO - Rejected chunk_id 5851: Too similar to original (35.5% overlap)
2026-08-06 01:45:29,250 - INFO - Rejected chunk_id 1821: Too similar to original (42.6% overlap)
2026-08-06 01:45:32,992 - INFO - Rejected chunk_id 3187: Too similar to original (46.1% overlap)
2026-08-06 01:45:37,394 - INFO - Rejected chunk_id 391: Too similar to original (41.2% overlap)
2026-08-06 01:45:39,919 - INFO - Rejected chunk_id 22: Too similar to original (32.5% overlap)
2026-08-06 01:45:42,208 - INFO - Rejected chunk_id 6638: Contains 'Table'
2026-08-06 01:45:44,156 - INFO - Rejected chunk_id 789: Contains 'Figure'
2026-08-06 01:45:48,189 - INFO - Rejected chunk_id 5702: Too similar to original (33.3% overlap)
2026-08-06 01:45:51,304 - INFO - Rejected chunk_id 1030: Too similar to original (45.3% overlap)
2026-08-06 01:45:56,062 - INFO - Rejected chunk_id 3855: Too similar to original (39.3% overlap)
2026-08-06 01:46:00,439 - INFO - Rejected chunk_id 1394: Too similar to original (37.3% overlap)
2026-08-06 01:46:02,206 - INFO - Rejected chunk_id 32: Too similar to original (34.4% overlap)
2026-08-06 01:46:08,124 - INFO - Rejected chunk_id 181: Too similar to original (33.9% overlap)
2026-08-06 01:46:19,505 - INFO - Rejected chunk_id 170: Too similar to original (35.7% overlap)
2026-08-06 01:46:22,074 - INFO - Rejected chunk_id 1466: Too similar to original (36.0% overlap)
2026-08-06 01:46:23,779 - INFO - Rejected chunk_id 1044: Too similar to original (39.7% overlap)
2026-08-06 01:46:28,900 - INFO - Rejected chunk_id 295: Too similar to original (38.5% overlap)
2026-08-06 01:46:37,695 - INFO - Rejected chunk_id 2927: Too similar to original (41.9% overlap)
2026-08-06 01:46:42,120 - INFO - Rejected chunk_id 3303: Too similar to original (45.6% overlap)
2026-08-06 01:46:44,191 - INFO - Rejected chunk_id 2483: Too similar to original (47.3% overlap)
2026-08-06 01:46:46,468 - INFO - Rejected chunk_id 494: Too similar to original (54.2% overlap)
2026-08-06 01:46:48,654 - INFO - Rejected chunk_id 503: Too similar to original (35.3% overlap)
2026-08-06 01:46:52,519 - INFO - Rejected chunk_id 2247: Too similar to original (46.3% overlap)
2026-08-06 01:46:54,697 - INFO - Rejected chunk_id 849: Too similar to original (42.2% overlap)
2026-08-06 01:46:59,666 - INFO - Rejected chunk_id 5950: Too similar to original (42.2% overlap)
2026-08-06 01:47:01,730 - INFO - Rejected chunk_id 47: Too similar to original (37.7% overlap)
2026-08-06 01:47:03,299 - INFO - Rejected chunk_id 107: Too similar to original (57.9% overlap)
2026-08-06 01:47:05,335 - INFO - Rejected chunk_id 1290: Too similar to original (65.1% overlap)
2026-08-06 01:47:07,301 - INFO - Rejected chunk_id 283: Too similar to original (52.5% overlap)
2026-08-06 01:47:10,293 - INFO - Rejected chunk_id 4735: Contains 'Table'
2026-08-06 01:47:15,148 - INFO - Rejected chunk_id 398: Too similar to original (39.1% overlap)
2026-08-06 01:47:16,867 - INFO - Rejected chunk_id 1573: Too similar to original (43.5% overlap)
2026-08-06 01:47:18,457 - INFO - Rejected chunk_id 827: Too similar to original (32.3% overlap)
2026-08-06 01:47:20,307 - INFO - Rejected chunk_id 2421: Too similar to original (59.4% overlap)
2026-08-06 01:47:24,784 - INFO - Rejected chunk_id 586: Too similar to original (37.9% overlap)
2026-08-06 01:47:26,370 - INFO - Rejected chunk_id 293: Too similar to original (33.3% overlap)
2026-08-06 01:47:30,048 - INFO - Rejected chunk_id 199: Too similar to original (42.1% overlap)
2026-08-06 01:47:31,543 - INFO - Rejected chunk_id 1885: Too similar to original (51.9% overlap)
2026-08-06 01:47:36,944 - INFO - Rejected chunk_id 1126: Too similar to original (48.9% overlap)
2026-08-06 01:47:38,306 - INFO - Rejected chunk_id 2208: Contains 'Table'
2026-08-06 01:47:39,582 - INFO - Rejected chunk_id 2355: Too similar to original (30.6% overlap)
2026-08-06 01:47:42,115 - INFO - Rejected chunk_id 2754: Too similar to original (33.8% overlap)
2026-08-06 01:47:44,733 - INFO - Rejected chunk_id 234: Too similar to original (33.3% overlap)
2026-08-06 01:47:47,560 - INFO - Rejected chunk_id 298: Too similar to original (35.9% overlap)
2026-08-06 01:47:49,282 - INFO - Rejected chunk_id 1911: Too similar to original (31.7% overlap)
2026-08-06 01:47:50,928 - INFO - Rejected chunk_id 163: Too similar to original (43.8% overlap)
2026-08-06 01:47:52,922 - INFO - Rejected chunk_id 573: Contains 'Figure'
2026-08-06 01:47:54,459 - INFO - Rejected chunk_id 5213: Too similar to original (40.7% overlap)
2026-08-06 01:48:00,513 - INFO - Rejected chunk_id 1178: Contains 'Table'
2026-08-06 01:48:03,026 - INFO - Rejected chunk_id 451: Contains 'Figure'
2026-08-06 01:48:05,954 - INFO - Rejected chunk_id 949: Contains 'Table'
2026-08-06 01:48:07,674 - INFO - Rejected chunk_id 2882: Too similar to original (40.0% overlap)
2026-08-06 01:48:09,733 - INFO - Rejected chunk_id 873: Too similar to original (43.5% overlap)
2026-08-06 01:48:12,472 - INFO - Rejected chunk_id 85: Too similar to original (34.6% overlap)
2026-08-06 01:48:14,193 - INFO - Rejected chunk_id 223: Too similar to original (40.3% overlap)
2026-08-06 01:48:15,693 - INFO - Rejected chunk_id 784: Too similar to original (36.7% overlap)
2026-08-06 01:48:17,054 - INFO - Rejected chunk_id 556: Too similar to original (45.0% overlap)
2026-08-06 01:48:20,861 - INFO - Rejected chunk_id 173: Too similar to original (30.6% overlap)
2026-08-06 01:48:23,977 - INFO - Rejected chunk_id 107: Contains 'Table'
2026-08-06 01:48:25,585 - INFO - Rejected chunk_id 1306: Too similar to original (49.2% overlap)
2026-08-06 01:48:27,682 - INFO - Rejected chunk_id 2936: Too similar to original (31.7% overlap)
2026-08-06 01:48:31,431 - INFO - Rejected chunk_id 1501: Too similar to original (39.0% overlap)
2026-08-06 01:48:36,138 - INFO - Rejected chunk_id 854: Too similar to original (55.4% overlap)
2026-08-06 01:48:37,494 - INFO - Rejected chunk_id 5959: Contains 'Table'
2026-08-06 01:48:39,130 - INFO - Rejected chunk_id 1021: Too similar to original (31.3% overlap)
2026-08-06 01:48:40,753 - INFO - Rejected chunk_id 37: Too similar to original (31.7% overlap)
2026-08-06 01:48:42,203 - INFO - Rejected chunk_id 1535: Too similar to original (37.1% overlap)
2026-08-06 01:48:50,145 - INFO - Rejected chunk_id 7159: Contains 'Table'
2026-08-06 01:48:59,055 - INFO - Rejected chunk_id 7280: Contains 'Table'
2026-08-06 01:49:00,375 - INFO - Rejected chunk_id 1998: Too similar to original (38.6% overlap)
2026-08-06 01:49:13,349 - INFO - Rejected chunk_id 1866: Contains 'Table'
2026-08-06 01:49:15,909 - INFO - Rejected chunk_id 26: Too similar to original (49.1% overlap)
2026-08-06 01:49:18,544 - INFO - Rejected chunk_id 261: Too similar to original (30.2% overlap)
2026-08-06 01:49:27,600 - INFO - Rejected chunk_id 1366: Too similar to original (30.4% overlap)
2026-08-06 01:49:30,383 - INFO - Rejected chunk_id 1841: Too similar to original (35.7% overlap)
2026-08-06 01:49:32,663 - INFO - Rejected chunk_id 373: Too similar to original (44.6% overlap)
2026-08-06 01:49:40,770 - INFO - Rejected chunk_id 73: Too similar to original (31.6% overlap)
2026-08-06 01:49:52,621 - INFO - Rejected chunk_id 65: Too similar to original (54.5% overlap)
2026-08-06 01:49:54,964 - INFO - Rejected chunk_id 2684: Too similar to original (35.1% overlap)
2026-08-06 01:49:56,883 - INFO - Rejected chunk_id 293: Too similar to original (30.8% overlap)
2026-08-06 01:49:58,951 - INFO - Rejected chunk_id 945: Too similar to original (48.1% overlap)
2026-08-06 01:50:05,636 - INFO - Rejected chunk_id 243: Too similar to original (42.6% overlap)
2026-08-06 01:50:11,171 - INFO - Rejected chunk_id 2339: Too similar to original (42.6% overlap)
2026-08-06 01:50:15,106 - INFO - Rejected chunk_id 770: Too similar to original (36.1% overlap)
2026-08-06 01:50:17,377 - INFO - Rejected chunk_id 991: Too similar to original (33.9% overlap)
2026-08-06 01:50:19,348 - INFO - Rejected chunk_id 696: Too similar to original (56.7% overlap)
2026-08-06 01:50:21,064 - INFO - Rejected chunk_id 1276: Too similar to original (34.1% overlap)
2026-08-06 01:50:22,939 - INFO - Rejected chunk_id 1006: Too similar to original (38.1% overlap)
2026-08-06 01:50:24,444 - INFO - Rejected chunk_id 1007: Too similar to original (31.4% overlap)
2026-08-06 01:50:26,339 - INFO - Rejected chunk_id 2783: Too similar to original (40.0% overlap)
2026-08-06 01:50:28,216 - INFO - Rejected chunk_id 1446: Too similar to original (57.4% overlap)
2026-08-06 01:50:32,226 - INFO - Rejected chunk_id 1470: Too similar to original (33.9% overlap)
2026-08-06 01:50:35,436 - INFO - Rejected chunk_id 2209: Too similar to original (38.6% overlap)
2026-08-06 01:50:37,754 - INFO - Rejected chunk_id 800: Too similar to original (40.6% overlap)
2026-08-06 01:50:39,083 - INFO - Rejected chunk_id 4620: Too similar to original (40.4% overlap)
2026-08-06 01:50:40,524 - INFO - Rejected chunk_id 1020: Contains 'Table'
2026-08-06 01:50:42,723 - INFO - Rejected chunk_id 2549: Contains 'Table'
2026-08-06 01:50:45,168 - INFO - Rejected chunk_id 694: Contains 'Figure'
2026-08-06 01:50:47,082 - INFO - Rejected chunk_id 1224: Too similar to original (32.3% overlap)
2026-08-06 01:50:51,594 - INFO - Rejected chunk_id 5261: Too similar to original (32.8% overlap)
2026-08-06 01:50:56,706 - INFO - Rejected chunk_id 988: Contains 'Table'
2026-08-06 01:50:59,762 - INFO - Rejected chunk_id 823: Too similar to original (35.9% overlap)
2026-08-06 01:51:10,860 - INFO - Rejected chunk_id 2611: Too similar to original (31.2% overlap)
2026-08-06 01:51:13,512 - INFO - Rejected chunk_id 2144: Too similar to original (48.1% overlap)
2026-08-06 01:51:17,846 - INFO - Rejected chunk_id 3738: Too similar to original (36.2% overlap)
2026-08-06 01:51:20,337 - INFO - Rejected chunk_id 872: Too similar to original (41.3% overlap)
2026-08-06 01:51:22,256 - INFO - Rejected chunk_id 558: Too similar to original (36.4% overlap)
2026-08-06 01:51:28,046 - INFO - Rejected chunk_id 306: Too similar to original (36.5% overlap)
2026-08-06 01:51:32,547 - INFO - Rejected chunk_id 311: Too similar to original (45.5% overlap)
2026-08-06 01:51:34,489 - INFO - Rejected chunk_id 7: Too similar to original (38.2% overlap)
2026-08-06 01:51:36,082 - INFO - Rejected chunk_id 4550: Contains 'Table'
2026-08-06 01:51:40,395 - INFO - Rejected chunk_id 1889: Too similar to original (50.9% overlap)
2026-08-06 01:51:42,148 - INFO - Rejected chunk_id 150: Too similar to original (36.4% overlap)
2026-08-06 01:51:46,224 - INFO - Rejected chunk_id 72: Too similar to original (46.2% overlap)
2026-08-06 01:51:48,407 - INFO - Rejected chunk_id 2354: Too similar to original (46.9% overlap)
2026-08-06 01:51:50,604 - INFO - Rejected chunk_id 2080: Too similar to original (32.9% overlap)
2026-08-06 01:51:52,733 - INFO - Rejected chunk_id 1598: Too similar to original (56.9% overlap)
2026-08-06 01:51:55,863 - INFO - Rejected chunk_id 310: Too similar to original (36.6% overlap)
2026-08-06 01:51:59,844 - INFO - Rejected chunk_id 187: Too similar to original (47.3% overlap)
2026-08-06 01:52:05,696 - INFO - Rejected chunk_id 916: Too similar to original (33.3% overlap)
2026-08-06 01:52:07,793 - INFO - Rejected chunk_id 297: Too similar to original (52.5% overlap)
2026-08-06 01:52:09,003 - INFO - Rejected chunk_id 2344: Too similar to original (34.8% overlap)
2026-08-06 01:52:11,933 - INFO - Rejected chunk_id 57: Too similar to original (33.3% overlap)
2026-08-06 01:52:14,622 - INFO - Rejected chunk_id 144: Too similar to original (35.7% overlap)
2026-08-06 01:52:16,800 - INFO - Rejected chunk_id 4599: Too similar to original (39.1% overlap)
2026-08-06 01:52:18,627 - INFO - Rejected chunk_id 1019: Too similar to original (43.9% overlap)
2026-08-06 01:52:21,133 - INFO - Rejected chunk_id 3873: Contains 'Figure'
2026-08-06 01:52:22,815 - INFO - Rejected chunk_id 1906: Too similar to original (45.2% overlap)
2026-08-06 01:52:24,319 - INFO - Rejected chunk_id 4385: Too similar to original (36.1% overlap)
2026-08-06 01:52:26,442 - INFO - Rejected chunk_id 1012: Too similar to original (43.8% overlap)
2026-08-06 01:52:28,003 - INFO - Rejected chunk_id 448: Too similar to original (35.8% overlap)
2026-08-06 01:52:29,729 - INFO - Rejected chunk_id 3917: Contains 'Figure'
2026-08-06 01:52:31,426 - INFO - Rejected chunk_id 905: Too similar to original (39.7% overlap)
2026-08-06 01:52:33,892 - INFO - Rejected chunk_id 482: Too similar to original (48.4% overlap)
2026-08-06 01:52:36,127 - INFO - Rejected chunk_id 695: Too similar to original (51.5% overlap)
2026-08-06 01:52:43,906 - INFO - Rejected chunk_id 899: Contains 'Table'
2026-08-06 01:52:46,363 - INFO - Rejected chunk_id 490: Too similar to original (35.4% overlap)
2026-08-06 01:52:48,674 - INFO - Rejected chunk_id 2167: Too similar to original (59.2% overlap)
2026-08-06 01:52:50,869 - INFO - Rejected chunk_id 173: Too similar to original (38.7% overlap)
2026-08-06 01:52:53,009 - INFO - Rejected chunk_id 1664: Too similar to original (44.8% overlap)
2026-08-06 01:52:55,034 - INFO - Rejected chunk_id 869: Too similar to original (35.3% overlap)
2026-08-06 01:52:56,854 - INFO - Rejected chunk_id 334: Too similar to original (30.3% overlap)
2026-08-06 01:52:57,864 - INFO - Rejected chunk_id 2306: Too similar to original (31.8% overlap)
2026-08-06 01:52:59,161 - INFO - Rejected chunk_id 828: Too similar to original (47.9% overlap)
2026-08-06 01:53:00,817 - INFO - Rejected chunk_id 455: Too similar to original (47.5% overlap)
2026-08-06 01:53:02,981 - INFO - Rejected chunk_id 643: Too similar to original (46.0% overlap)
2026-08-06 01:53:04,648 - INFO - Rejected chunk_id 4692: Too similar to original (41.9% overlap)
2026-08-06 01:53:10,777 - INFO - Rejected chunk_id 456: Too similar to original (30.2% overlap)
2026-08-06 01:53:12,874 - INFO - Rejected chunk_id 893: Too similar to original (32.7% overlap)
2026-08-06 01:53:14,515 - INFO - Rejected chunk_id 79: Too similar to original (38.7% overlap)
2026-08-06 01:53:16,172 - INFO - Rejected chunk_id 2529: Too similar to original (41.0% overlap)
2026-08-06 01:53:18,288 - INFO - Rejected chunk_id 152: Too similar to original (42.6% overlap)
2026-08-06 01:53:20,718 - INFO - Rejected chunk_id 2669: Too similar to original (63.3% overlap)
2026-08-06 01:53:24,202 - INFO - Rejected chunk_id 1587: Too similar to original (33.3% overlap)
2026-08-06 01:53:28,038 - INFO - Rejected chunk_id 4575: Contains 'Table'
2026-08-06 01:53:32,941 - INFO - Rejected chunk_id 95: Too similar to original (31.5% overlap)
2026-08-06 01:53:34,420 - INFO - Rejected chunk_id 885: Contains 'Table'
2026-08-06 01:53:35,985 - INFO - Rejected chunk_id 64: Too similar to original (35.8% overlap)
2026-08-06 01:53:38,977 - INFO - Rejected chunk_id 205: Too similar to original (50.0% overlap)
2026-08-06 01:53:40,903 - INFO - Rejected chunk_id 24: Too similar to original (46.2% overlap)
2026-08-06 01:53:42,438 - INFO - Rejected chunk_id 147: Too similar to original (40.0% overlap)
2026-08-06 01:53:44,773 - INFO - Rejected chunk_id 683: Too similar to original (36.2% overlap)
2026-08-06 01:53:47,460 - INFO - Rejected chunk_id 55: Too similar to original (35.9% overlap)
2026-08-06 01:53:52,964 - INFO - Rejected chunk_id 268: Too similar to original (59.7% overlap)
2026-08-06 01:53:55,222 - INFO - Rejected chunk_id 844: Contains 'Table'
2026-08-06 01:53:58,723 - INFO - Rejected chunk_id 490: Too similar to original (33.8% overlap)
2026-08-06 01:54:01,539 - INFO - Rejected chunk_id 449: Too similar to original (35.7% overlap)
2026-08-06 01:54:06,977 - INFO - Rejected chunk_id 2839: Too similar to original (34.3% overlap)
2026-08-06 01:54:10,545 - INFO - Rejected chunk_id 2510: Too similar to original (32.0% overlap)
2026-08-06 01:54:12,571 - INFO - Rejected chunk_id 237: Too similar to original (38.5% overlap)
2026-08-06 01:54:20,562 - INFO - Rejected chunk_id 1287: Too similar to original (52.5% overlap)
2026-08-06 01:54:23,527 - INFO - Rejected chunk_id 5980: Contains 'Table'
2026-08-06 01:54:29,540 - INFO - Rejected chunk_id 2189: Too similar to original (56.5% overlap)
2026-08-06 01:54:31,030 - INFO - Rejected chunk_id 5625: Contains 'Figure'
2026-08-06 01:54:33,016 - INFO - Rejected chunk_id 5988: Contains 'Table'
2026-08-06 01:54:34,929 - INFO - Rejected chunk_id 124: Too similar to original (37.3% overlap)
2026-08-06 01:54:38,017 - INFO - Rejected chunk_id 123: Too similar to original (42.9% overlap)
2026-08-06 01:54:44,186 - INFO - Rejected chunk_id 6402: Too similar to original (34.4% overlap)
2026-08-06 01:54:46,400 - INFO - Rejected chunk_id 970: Too similar to original (40.5% overlap)
2026-08-06 01:54:47,989 - INFO - Rejected chunk_id 5214: Too similar to original (30.8% overlap)
2026-08-06 01:54:49,295 - INFO - Rejected chunk_id 316: Too similar to original (31.7% overlap)
2026-08-06 01:54:51,904 - INFO - Rejected chunk_id 556: Too similar to original (40.6% overlap)
2026-08-06 01:54:53,927 - INFO - Rejected chunk_id 203: Too similar to original (30.4% overlap)
2026-08-06 01:54:56,268 - INFO - Rejected chunk_id 628: Too similar to original (36.9% overlap)
2026-08-06 01:54:58,937 - INFO - Rejected chunk_id 2126: Too similar to original (44.1% overlap)
2026-08-06 01:55:00,884 - INFO - Rejected chunk_id 1501: Too similar to original (36.1% overlap)
2026-08-06 01:55:02,701 - INFO - Rejected chunk_id 1796: Too similar to original (34.0% overlap)
2026-08-06 01:55:05,121 - INFO - Rejected chunk_id 456: Too similar to original (46.2% overlap)
2026-08-06 01:55:08,307 - INFO - Rejected chunk_id 53: Too similar to original (46.0% overlap)
2026-08-06 01:55:11,083 - INFO - Rejected chunk_id 78: Too similar to original (36.4% overlap)
2026-08-06 01:55:13,432 - INFO - Rejected chunk_id 715: Too similar to original (33.3% overlap)
2026-08-06 01:55:14,964 - INFO - Rejected chunk_id 24: Too similar to original (37.5% overlap)
2026-08-06 01:55:16,361 - INFO - Rejected chunk_id 45: Too similar to original (43.8% overlap)
2026-08-06 01:55:18,138 - INFO - Rejected chunk_id 5927: Too similar to original (32.3% overlap)
2026-08-06 01:55:19,409 - INFO - Rejected chunk_id 1882: Too similar to original (40.7% overlap)
2026-08-06 01:55:21,232 - INFO - Rejected chunk_id 70: Too similar to original (41.9% overlap)
2026-08-06 01:55:23,182 - INFO - Rejected chunk_id 272: Too similar to original (43.9% overlap)
2026-08-06 01:55:28,256 - INFO - Rejected chunk_id 1785: Too similar to original (38.3% overlap)
2026-08-06 01:55:30,266 - INFO - Rejected chunk_id 6686: Too similar to original (43.9% overlap)
2026-08-06 01:55:31,759 - INFO - Rejected chunk_id 290: Too similar to original (31.4% overlap)
2026-08-06 01:55:35,992 - INFO - Rejected chunk_id 1061: Too similar to original (66.2% overlap)
2026-08-06 01:55:38,245 - INFO - Rejected chunk_id 69: Too similar to original (47.2% overlap)
2026-08-06 01:55:43,106 - INFO - Rejected chunk_id 1027: Too similar to original (32.3% overlap)
2026-08-06 01:55:45,421 - INFO - Rejected chunk_id 1851: Too similar to original (31.7% overlap)
2026-08-06 01:55:50,299 - INFO - Rejected chunk_id 2260: Too similar to original (38.6% overlap)
2026-08-06 01:55:52,438 - INFO - Rejected chunk_id 496: Contains 'Table'
2026-08-06 01:55:55,154 - INFO - Rejected chunk_id 1965: Too similar to original (43.5% overlap)
2026-08-06 01:56:00,838 - INFO - Rejected chunk_id 2496: Too similar to original (34.0% overlap)
2026-08-06 01:56:03,888 - INFO - Rejected chunk_id 1047: Too similar to original (48.3% overlap)
2026-08-06 01:56:06,072 - INFO - Rejected chunk_id 170: Too similar to original (33.9% overlap)
2026-08-06 01:56:08,497 - INFO - Rejected chunk_id 173: Too similar to original (32.5% overlap)
2026-08-06 01:56:13,372 - INFO - Rejected chunk_id 2795: Too similar to original (35.1% overlap)
2026-08-06 01:56:15,524 - INFO - Rejected chunk_id 1562: Too similar to original (35.5% overlap)
2026-08-06 01:56:17,510 - INFO - Rejected chunk_id 1719: Too similar to original (36.4% overlap)
2026-08-06 01:56:20,614 - INFO - Rejected chunk_id 128: Too similar to original (46.2% overlap)
2026-08-06 01:56:22,240 - INFO - Rejected chunk_id 14: Too similar to original (30.4% overlap)
2026-08-06 01:56:24,150 - INFO - Rejected chunk_id 395: Too similar to original (37.5% overlap)
2026-08-06 01:56:25,526 - INFO - Rejected chunk_id 41: Too similar to original (42.4% overlap)
2026-08-06 01:56:27,267 - INFO - Rejected chunk_id 233: Too similar to original (56.9% overlap)
2026-08-06 01:56:31,080 - INFO - Rejected chunk_id 1583: Contains 'Table'
2026-08-06 01:56:33,492 - INFO - Rejected chunk_id 492: Too similar to original (53.6% overlap)
2026-08-06 01:56:35,450 - INFO - Rejected chunk_id 2134: Too similar to original (36.1% overlap)
2026-08-06 01:56:39,162 - INFO - Rejected chunk_id 3053: Too similar to original (46.9% overlap)
2026-08-06 01:56:42,312 - INFO - Rejected chunk_id 400: Too similar to original (31.1% overlap)
2026-08-06 01:56:46,212 - INFO - Rejected chunk_id 2504: Too similar to original (30.2% overlap)
2026-08-06 01:56:51,548 - INFO - Rejected chunk_id 2525: Too similar to original (31.0% overlap)
2026-08-06 01:56:58,250 - INFO - Rejected chunk_id 7: Too similar to original (38.3% overlap)
2026-08-06 01:57:00,187 - INFO - Rejected chunk_id 454: Too similar to original (43.9% overlap)
2026-08-06 01:57:03,480 - INFO - Rejected chunk_id 4703: Too similar to original (45.1% overlap)
2026-08-06 01:57:05,281 - INFO - Rejected chunk_id 579: Too similar to original (43.5% overlap)
2026-08-06 01:57:07,792 - INFO - Rejected chunk_id 7024: Contains 'Table'
2026-08-06 01:57:09,402 - INFO - Rejected chunk_id 551: Too similar to original (58.8% overlap)
2026-08-06 01:57:10,723 - INFO - Rejected chunk_id 395: Too similar to original (36.5% overlap)
2026-08-06 01:57:12,057 - INFO - Rejected chunk_id 1863: Too similar to original (46.8% overlap)
2026-08-06 01:57:15,843 - INFO - Rejected chunk_id 2397: Too similar to original (41.4% overlap)
2026-08-06 01:57:19,767 - INFO - Rejected chunk_id 2379: Too similar to original (37.5% overlap)
2026-08-06 01:57:29,413 - INFO - Rejected chunk_id 497: Too similar to original (30.4% overlap)
2026-08-06 01:57:31,368 - INFO - Rejected chunk_id 341: Too similar to original (60.8% overlap)
2026-08-06 01:57:35,968 - INFO - Rejected chunk_id 115: Too similar to original (32.2% overlap)
2026-08-06 01:57:43,721 - INFO - Rejected chunk_id 174: Too similar to original (41.8% overlap)
2026-08-06 01:57:51,430 - INFO - Rejected chunk_id 2168: Too similar to original (32.1% overlap)
2026-08-06 01:57:53,438 - INFO - Rejected chunk_id 186: Too similar to original (60.0% overlap)
2026-08-06 01:58:04,535 - INFO - Rejected chunk_id 124: Too similar to original (40.3% overlap)
2026-08-06 01:58:09,687 - INFO - Rejected chunk_id 7414: Contains 'Table'
2026-08-06 01:58:11,021 - INFO - Rejected chunk_id 935: Too similar to original (36.0% overlap)
2026-08-06 01:58:12,444 - INFO - Rejected chunk_id 1904: Too similar to original (42.0% overlap)
2026-08-06 01:58:14,203 - INFO - Rejected chunk_id 153: Too similar to original (51.6% overlap)
2026-08-06 01:58:16,055 - INFO - Rejected chunk_id 1419: Too similar to original (48.4% overlap)
2026-08-06 01:58:20,498 - INFO - Rejected chunk_id 1503: Too similar to original (31.3% overlap)
2026-08-06 01:58:21,661 - INFO - Rejected chunk_id 2954: Too similar to original (33.3% overlap)
2026-08-06 01:58:23,650 - INFO - Rejected chunk_id 727: Too similar to original (50.8% overlap)
2026-08-06 01:58:29,525 - INFO - Rejected chunk_id 123: Too similar to original (37.3% overlap)
2026-08-06 01:58:33,617 - INFO - Rejected chunk_id 847: Too similar to original (41.9% overlap)
2026-08-06 01:58:35,014 - INFO - Rejected chunk_id 2190: Too similar to original (36.4% overlap)
2026-08-06 01:58:42,736 - INFO - Rejected chunk_id 20: Too similar to original (41.9% overlap)
2026-08-06 01:58:45,996 - INFO - Rejected chunk_id 114: Too similar to original (38.9% overlap)
2026-08-06 01:58:49,373 - INFO - Rejected chunk_id 3202: Too similar to original (34.8% overlap)
2026-08-06 01:58:56,156 - INFO - Rejected chunk_id 1504: Too similar to original (35.1% overlap)
2026-08-06 01:58:57,872 - INFO - Rejected chunk_id 2661: Too similar to original (59.6% overlap)
2026-08-06 01:58:59,679 - INFO - Rejected chunk_id 225: Too similar to original (51.7% overlap)
2026-08-06 01:59:02,445 - INFO - Rejected chunk_id 4291: Contains 'Table'
2026-08-06 01:59:04,548 - INFO - Rejected chunk_id 960: Too similar to original (42.1% overlap)
2026-08-06 01:59:07,679 - INFO - Rejected chunk_id 1073: Too similar to original (30.8% overlap)
2026-08-06 01:59:12,135 - INFO - Rejected chunk_id 1793: Too similar to original (48.4% overlap)
2026-08-06 01:59:15,515 - INFO - Rejected chunk_id 1909: Too similar to original (53.3% overlap)
2026-08-06 01:59:17,639 - INFO - Rejected chunk_id 1090: Too similar to original (44.6% overlap)
2026-08-06 01:59:20,109 - INFO - Rejected chunk_id 2586: Too similar to original (50.8% overlap)
2026-08-06 01:59:21,668 - INFO - Rejected chunk_id 2402: Too similar to original (45.6% overlap)
2026-08-06 01:59:23,073 - INFO - Rejected chunk_id 97: Too similar to original (36.2% overlap)
2026-08-06 01:59:24,933 - INFO - Rejected chunk_id 5487: Contains 'Table'
2026-08-06 01:59:27,274 - INFO - Rejected chunk_id 320: Too similar to original (36.5% overlap)
2026-08-06 01:59:30,929 - INFO - Rejected chunk_id 752: Too similar to original (41.9% overlap)
2026-08-06 01:59:32,587 - INFO - Rejected chunk_id 2002: Too similar to original (54.9% overlap)
2026-08-06 01:59:35,228 - INFO - Rejected chunk_id 410: Too similar to original (42.0% overlap)
2026-08-06 01:59:37,108 - INFO - Rejected chunk_id 1652: Too similar to original (43.1% overlap)
2026-08-06 01:59:40,524 - INFO - Rejected chunk_id 1784: Contains 'Table'
2026-08-06 01:59:43,816 - INFO - Rejected chunk_id 5228: Contains 'Table'
2026-08-06 01:59:52,054 - INFO - Rejected chunk_id 5904: Too similar to original (30.4% overlap)
2026-08-06 01:59:53,717 - INFO - Rejected chunk_id 1316: Too similar to original (44.4% overlap)
2026-08-06 01:59:57,190 - INFO - Rejected chunk_id 1993: Too similar to original (36.2% overlap)
2026-08-06 01:59:59,583 - INFO - Rejected chunk_id 1673: Too similar to original (47.4% overlap)
2026-08-06 02:00:01,243 - INFO - Rejected chunk_id 58: Too similar to original (34.3% overlap)
2026-08-06 02:00:03,675 - INFO - Rejected chunk_id 5152: Too similar to original (38.5% overlap)
2026-08-06 02:00:05,022 - INFO - Rejected chunk_id 1883: Too similar to original (33.3% overlap)
2026-08-06 02:00:06,750 - INFO - Rejected chunk_id 2241: Too similar to original (32.7% overlap)
2026-08-06 02:00:09,412 - INFO - Rejected chunk_id 3093: Contains 'Table'
2026-08-06 02:00:10,862 - INFO - Rejected chunk_id 2489: Too similar to original (54.1% overlap)
2026-08-06 02:00:12,897 - INFO - Rejected chunk_id 1497: Too similar to original (55.9% overlap)
2026-08-06 02:00:14,507 - INFO - Rejected chunk_id 912: Too similar to original (34.5% overlap)
2026-08-06 02:00:17,156 - INFO - Rejected chunk_id 384: Contains 'Figure'
2026-08-06 02:00:20,385 - INFO - Rejected chunk_id 41: Too similar to original (31.6% overlap)
2026-08-06 02:00:21,959 - INFO - Rejected chunk_id 3306: Too similar to original (34.9% overlap)
2026-08-06 02:00:25,701 - INFO - Rejected chunk_id 3924: Contains 'Table'
2026-08-06 02:00:30,507 - INFO - Rejected chunk_id 2578: Too similar to original (33.9% overlap)
2026-08-06 02:00:33,279 - INFO - Rejected chunk_id 6062: Too similar to original (33.8% overlap)
2026-08-06 02:00:40,713 - INFO - Rejected chunk_id 2615: Too similar to original (36.8% overlap)
2026-08-06 02:00:42,424 - INFO - Rejected chunk_id 1411: Too similar to original (40.0% overlap)
2026-08-06 02:00:43,943 - INFO - Rejected chunk_id 6: Too similar to original (41.1% overlap)
2026-08-06 02:00:48,531 - INFO - Rejected chunk_id 77: Too similar to original (40.6% overlap)
2026-08-06 02:00:55,846 - INFO - Rejected chunk_id 1092: Too similar to original (36.9% overlap)
2026-08-06 02:00:57,559 - INFO - Rejected chunk_id 1061: Too similar to original (37.3% overlap)
2026-08-06 02:00:59,813 - INFO - Rejected chunk_id 80: Too similar to original (46.7% overlap)
2026-08-06 02:01:01,355 - INFO - Rejected chunk_id 5907: Too similar to original (30.2% overlap)
2026-08-06 02:01:04,751 - INFO - Rejected chunk_id 84: Too similar to original (59.6% overlap)
2026-08-06 02:01:14,499 - INFO - Rejected chunk_id 7393: Contains 'Figure'
2026-08-06 02:01:17,229 - INFO - Rejected chunk_id 81: Too similar to original (44.3% overlap)
2026-08-06 02:01:19,160 - INFO - Rejected chunk_id 6012: Contains 'Table'
2026-08-06 02:01:21,421 - INFO - Rejected chunk_id 2047: Too similar to original (51.9% overlap)
2026-08-06 02:01:24,367 - INFO - Rejected chunk_id 1014: Too similar to original (35.7% overlap)
2026-08-06 02:01:25,493 - INFO - Rejected chunk_id 960: Too similar to original (32.6% overlap)
2026-08-06 02:01:27,452 - INFO - Rejected chunk_id 472: Too similar to original (37.1% overlap)
2026-08-06 02:01:34,506 - INFO - Rejected chunk_id 2178: Too similar to original (51.4% overlap)
2026-08-06 02:01:40,983 - INFO - Rejected chunk_id 474: Too similar to original (60.3% overlap)
2026-08-06 02:01:43,742 - INFO - Rejected chunk_id 4408: Contains 'Table'
2026-08-06 02:01:47,787 - INFO - Rejected chunk_id 2515: Too similar to original (55.4% overlap)
2026-08-06 02:01:50,241 - INFO - Rejected chunk_id 801: Too similar to original (32.8% overlap)
2026-08-06 02:01:53,350 - INFO - Rejected chunk_id 421: Too similar to original (48.0% overlap)
2026-08-06 02:01:54,908 - INFO - Rejected chunk_id 2414: Too similar to original (44.4% overlap)
2026-08-06 02:01:56,602 - INFO - Rejected chunk_id 265: Too similar to original (38.7% overlap)
2026-08-06 02:02:01,003 - INFO - Rejected chunk_id 1735: Too similar to original (45.8% overlap)
2026-08-06 02:02:02,698 - INFO - Rejected chunk_id 1280: Too similar to original (34.8% overlap)
2026-08-06 02:02:06,717 - INFO - Rejected chunk_id 987: Too similar to original (31.7% overlap)
2026-08-06 02:02:09,531 - INFO - Rejected chunk_id 365: Too similar to original (31.7% overlap)
2026-08-06 02:02:11,533 - INFO - Rejected chunk_id 1285: Too similar to original (40.0% overlap)
2026-08-06 02:02:13,193 - INFO - Rejected chunk_id 2241: Too similar to original (32.3% overlap)
2026-08-06 02:02:14,965 - INFO - Rejected chunk_id 2320: Too similar to original (39.1% overlap)
2026-08-06 02:02:17,152 - INFO - Rejected chunk_id 1359: Too similar to original (42.9% overlap)
2026-08-06 02:02:20,170 - INFO - Rejected chunk_id 104: Too similar to original (53.3% overlap)
2026-08-06 02:02:26,667 - INFO - Rejected chunk_id 4: Contains 'Figure'
2026-08-06 02:02:30,891 - INFO - Rejected chunk_id 147: Too similar to original (46.3% overlap)
2026-08-06 02:02:33,317 - INFO - Rejected chunk_id 4704: Too similar to original (34.4% overlap)
2026-08-06 02:02:34,702 - INFO - Rejected chunk_id 249: Too similar to original (30.5% overlap)
2026-08-06 02:02:40,305 - INFO - Rejected chunk_id 361: Too similar to original (38.0% overlap)
2026-08-06 02:02:46,164 - INFO - Rejected chunk_id 627: Too similar to original (33.3% overlap)
2026-08-06 02:02:47,589 - INFO - Rejected chunk_id 2423: Too similar to original (47.4% overlap)
2026-08-06 02:02:49,242 - INFO - Rejected chunk_id 1030: Too similar to original (38.5% overlap)
2026-08-06 02:02:50,885 - INFO - Rejected chunk_id 908: Too similar to original (52.6% overlap)
2026-08-06 02:02:53,598 - INFO - Rejected chunk_id 7642: Contains 'Table'
2026-08-06 02:02:55,703 - INFO - Rejected chunk_id 3840: Contains 'Table'
2026-08-06 02:02:58,723 - INFO - Rejected chunk_id 1774: Too similar to original (32.4% overlap)
2026-08-06 02:03:00,695 - INFO - Rejected chunk_id 6697: Contains 'Table'
2026-08-06 02:03:05,557 - INFO - Rejected chunk_id 797: Too similar to original (35.2% overlap)
2026-08-06 02:03:07,580 - INFO - Rejected chunk_id 861: Too similar to original (32.5% overlap)
2026-08-06 02:03:15,230 - INFO - Rejected chunk_id 196: Too similar to original (32.9% overlap)
2026-08-06 02:03:16,998 - INFO - Rejected chunk_id 2010: Too similar to original (37.3% overlap)
2026-08-06 02:03:19,703 - INFO - Rejected chunk_id 6466: Contains 'Table'
2026-08-06 02:03:25,616 - INFO - Rejected chunk_id 254: Too similar to original (48.2% overlap)
2026-08-06 02:03:27,342 - INFO - Rejected chunk_id 118: Too similar to original (36.7% overlap)
2026-08-06 02:03:30,626 - INFO - Rejected chunk_id 72: Too similar to original (40.5% overlap)
2026-08-06 02:03:33,478 - INFO - Rejected chunk_id 219: Too similar to original (46.9% overlap)
2026-08-06 02:03:35,253 - INFO - Rejected chunk_id 211: Too similar to original (44.2% overlap)
2026-08-06 02:03:36,899 - INFO - Rejected chunk_id 6699: Too similar to original (36.9% overlap)
2026-08-06 02:03:43,333 - INFO - Rejected chunk_id 958: Too similar to original (49.3% overlap)
2026-08-06 02:03:45,644 - INFO - Rejected chunk_id 1837: Too similar to original (39.0% overlap)
2026-08-06 02:03:48,909 - INFO - Rejected chunk_id 283: Too similar to original (34.8% overlap)
2026-08-06 02:03:51,417 - INFO - Rejected chunk_id 2597: Too similar to original (43.6% overlap)
2026-08-06 02:03:53,433 - INFO - Rejected chunk_id 1816: Too similar to original (33.3% overlap)
2026-08-06 02:03:54,897 - INFO - Rejected chunk_id 273: Too similar to original (39.1% overlap)
2026-08-06 02:03:56,591 - INFO - Rejected chunk_id 4532: Contains 'Table'
2026-08-06 02:04:05,156 - INFO - Rejected chunk_id 2509: Too similar to original (45.1% overlap)
2026-08-06 02:04:08,908 - INFO - Rejected chunk_id 1469: Too similar to original (41.0% overlap)
2026-08-06 02:04:13,143 - INFO - Rejected chunk_id 5244: Too similar to original (32.2% overlap)
2026-08-06 02:04:15,720 - INFO - Rejected chunk_id 2621: Too similar to original (50.8% overlap)
2026-08-06 02:04:17,686 - INFO - Rejected chunk_id 2414: Too similar to original (40.8% overlap)
2026-08-06 02:04:19,510 - INFO - Rejected chunk_id 2142: Too similar to original (43.5% overlap)
2026-08-06 02:04:21,015 - INFO - Rejected chunk_id 2206: Too similar to original (56.9% overlap)
2026-08-06 02:04:23,571 - INFO - Rejected chunk_id 2971: Too similar to original (33.3% overlap)
2026-08-06 02:04:25,012 - INFO - Rejected chunk_id 168: Too similar to original (31.5% overlap)
2026-08-06 02:04:30,399 - INFO - Rejected chunk_id 151: Too similar to original (42.4% overlap)
2026-08-06 02:04:34,876 - INFO - Rejected chunk_id 2783: Contains 'Table'
2026-08-06 02:04:39,628 - INFO - Rejected chunk_id 2102: Too similar to original (45.8% overlap)
2026-08-06 02:04:41,861 - INFO - Rejected chunk_id 1813: Contains 'Figure'
2026-08-06 02:04:43,076 - INFO - Rejected chunk_id 458: Too similar to original (38.0% overlap)
2026-08-06 02:04:44,418 - INFO - Rejected chunk_id 3878: Too similar to original (31.6% overlap)
2026-08-06 02:04:47,780 - INFO - Rejected chunk_id 907: Too similar to original (39.4% overlap)
2026-08-06 02:04:49,396 - INFO - Rejected chunk_id 532: Too similar to original (59.7% overlap)
2026-08-06 02:04:51,711 - INFO - Rejected chunk_id 1944: Too similar to original (35.8% overlap)
2026-08-06 02:04:53,959 - INFO - Rejected chunk_id 1005: Contains 'Table'
2026-08-06 02:04:56,575 - INFO - Rejected chunk_id 932: Contains 'Table'
2026-08-06 02:05:01,094 - INFO - Rejected chunk_id 141: Too similar to original (34.8% overlap)
2026-08-06 02:05:02,675 - INFO - Rejected chunk_id 350: Too similar to original (50.0% overlap)
2026-08-06 02:05:06,295 - INFO - Rejected chunk_id 317: Too similar to original (31.0% overlap)
2026-08-06 02:05:07,833 - INFO - Rejected chunk_id 1386: Too similar to original (40.0% overlap)
2026-08-06 02:05:09,764 - INFO - Rejected chunk_id 1227: Contains 'Table'
2026-08-06 02:05:11,869 - INFO - Rejected chunk_id 52: Too similar to original (36.4% overlap)
2026-08-06 02:05:15,237 - INFO - Rejected chunk_id 2263: Too similar to original (44.6% overlap)
2026-08-06 02:05:17,046 - INFO - Rejected chunk_id 28: Too similar to original (44.2% overlap)
2026-08-06 02:05:20,865 - INFO - Rejected chunk_id 5640: Contains 'Table'
2026-08-06 02:05:22,599 - INFO - Rejected chunk_id 330: Too similar to original (37.5% overlap)
2026-08-06 02:05:28,558 - INFO - Rejected chunk_id 622: Too similar to original (48.0% overlap)
2026-08-06 02:05:32,341 - INFO - Rejected chunk_id 104: Too similar to original (41.5% overlap)
2026-08-06 02:05:39,564 - INFO - Rejected chunk_id 34: Too similar to original (32.3% overlap)
2026-08-06 02:05:41,494 - INFO - Rejected chunk_id 885: Too similar to original (49.3% overlap)
2026-08-06 02:05:43,173 - INFO - Rejected chunk_id 4: Too similar to original (37.3% overlap)
2026-08-06 02:05:47,919 - INFO - Rejected chunk_id 2037: Too similar to original (49.3% overlap)
2026-08-06 02:05:49,841 - INFO - Rejected chunk_id 769: Too similar to original (53.4% overlap)
2026-08-06 02:05:51,307 - INFO - Rejected chunk_id 158: Too similar to original (55.8% overlap)
2026-08-06 02:05:58,796 - INFO - Rejected chunk_id 498: Too similar to original (47.5% overlap)
2026-08-06 02:06:03,674 - INFO - Rejected chunk_id 4529: Too similar to original (45.5% overlap)
2026-08-06 02:06:05,987 - INFO - Rejected chunk_id 1677: Too similar to original (56.2% overlap)
2026-08-06 02:06:08,569 - INFO - Rejected chunk_id 175: Contains 'Figure'
2026-08-06 02:06:12,862 - INFO - Rejected chunk_id 4: Too similar to original (32.1% overlap)
2026-08-06 02:06:16,669 - INFO - Rejected chunk_id 169: Too similar to original (34.3% overlap)
2026-08-06 02:06:18,019 - INFO - Rejected chunk_id 2428: Too similar to original (34.4% overlap)
2026-08-06 02:06:20,147 - INFO - Rejected chunk_id 982: Too similar to original (36.1% overlap)
2026-08-06 02:06:22,823 - INFO - Rejected chunk_id 25: Contains 'Table'
2026-08-06 02:06:25,319 - INFO - Rejected chunk_id 4913: Contains 'Table'
2026-08-06 02:06:31,479 - INFO - Rejected chunk_id 277: Too similar to original (48.7% overlap)
2026-08-06 02:06:32,896 - INFO - Rejected chunk_id 51: Too similar to original (46.4% overlap)
2026-08-06 02:06:34,375 - INFO - Rejected chunk_id 941: Too similar to original (37.3% overlap)
2026-08-06 02:06:35,861 - INFO - Rejected chunk_id 74: Too similar to original (41.1% overlap)
2026-08-06 02:06:39,088 - INFO - Rejected chunk_id 22: Too similar to original (43.3% overlap)
2026-08-06 02:06:40,810 - INFO - Rejected chunk_id 1471: Too similar to original (31.2% overlap)
2026-08-06 02:06:42,564 - INFO - Rejected chunk_id 2307: Too similar to original (38.3% overlap)
2026-08-06 02:06:44,665 - INFO - Rejected chunk_id 136: Too similar to original (41.9% overlap)
2026-08-06 02:06:51,256 - INFO - Rejected chunk_id 2627: Too similar to original (41.7% overlap)
2026-08-06 02:06:52,731 - INFO - Rejected chunk_id 1307: Too similar to original (50.9% overlap)
2026-08-06 02:06:56,468 - INFO - Rejected chunk_id 255: Too similar to original (40.6% overlap)
2026-08-06 02:06:59,297 - INFO - Rejected chunk_id 291: Too similar to original (35.4% overlap)
2026-08-06 02:07:06,186 - INFO - Rejected chunk_id 602: Too similar to original (38.1% overlap)
2026-08-06 02:07:09,731 - INFO - Rejected chunk_id 201: Too similar to original (49.1% overlap)
2026-08-06 02:07:13,070 - INFO - Rejected chunk_id 534: Too similar to original (43.4% overlap)
2026-08-06 02:07:17,805 - INFO - Rejected chunk_id 1980: Too similar to original (58.0% overlap)
2026-08-06 02:07:19,887 - INFO - Rejected chunk_id 6022: Too similar to original (36.8% overlap)
2026-08-06 02:07:21,632 - INFO - Rejected chunk_id 561: Too similar to original (33.3% overlap)
2026-08-06 02:07:28,181 - INFO - Rejected chunk_id 946: Too similar to original (44.1% overlap)
2026-08-06 02:07:31,079 - INFO - Rejected chunk_id 335: Too similar to original (42.9% overlap)
2026-08-06 02:07:33,875 - INFO - Rejected chunk_id 2901: Contains 'Figure'
2026-08-06 02:07:35,866 - INFO - Rejected chunk_id 1708: Too similar to original (50.8% overlap)
2026-08-06 02:07:39,150 - INFO - Rejected chunk_id 6782: Contains 'Table'
2026-08-06 02:07:40,652 - INFO - Rejected chunk_id 1407: Too similar to original (54.9% overlap)
2026-08-06 02:07:43,282 - INFO - Rejected chunk_id 6013: Too similar to original (41.1% overlap)
2026-08-06 02:07:46,156 - INFO - Rejected chunk_id 17: Too similar to original (48.4% overlap)
2026-08-06 02:07:47,917 - INFO - Rejected chunk_id 113: Too similar to original (46.8% overlap)
2026-08-06 02:07:49,313 - INFO - Rejected chunk_id 284: Too similar to original (43.9% overlap)
2026-08-06 02:07:50,763 - INFO - Rejected chunk_id 98: Too similar to original (58.9% overlap)
2026-08-06 02:07:54,883 - INFO - Rejected chunk_id 4631: Contains 'Table'
2026-08-06 02:07:56,874 - INFO - Rejected chunk_id 1292: Too similar to original (36.1% overlap)
2026-08-06 02:08:00,006 - INFO - Rejected chunk_id 482: Too similar to original (36.0% overlap)
2026-08-06 02:08:01,188 - INFO - Rejected chunk_id 863: Too similar to original (38.3% overlap)
2026-08-06 02:08:03,575 - INFO - Rejected chunk_id 1846: Too similar to original (47.0% overlap)
2026-08-06 02:08:05,007 - INFO - Rejected chunk_id 2684: Too similar to original (34.6% overlap)
2026-08-06 02:08:06,197 - INFO - Rejected chunk_id 1063: Too similar to original (31.1% overlap)
2026-08-06 02:08:10,998 - INFO - Rejected chunk_id 2110: Too similar to original (42.6% overlap)
2026-08-06 02:08:13,010 - INFO - Rejected chunk_id 2507: Too similar to original (36.2% overlap)
2026-08-06 02:08:22,676 - INFO - Rejected chunk_id 1173: Too similar to original (37.7% overlap)
2026-08-06 02:08:29,958 - INFO - Rejected chunk_id 115: Too similar to original (36.8% overlap)
2026-08-06 02:08:34,677 - INFO - Rejected chunk_id 6939: Contains 'Table'
2026-08-06 02:08:37,590 - INFO - Rejected chunk_id 542: Too similar to original (52.9% overlap)
2026-08-06 02:08:39,125 - INFO - Rejected chunk_id 4479: Too similar to original (34.5% overlap)
2026-08-06 02:08:41,494 - INFO - Rejected chunk_id 428: Too similar to original (36.8% overlap)
2026-08-06 02:08:43,128 - INFO - Rejected chunk_id 115: Too similar to original (32.3% overlap)
2026-08-06 02:08:45,620 - INFO - Rejected chunk_id 174: Too similar to original (34.3% overlap)
2026-08-06 02:08:49,176 - INFO - Rejected chunk_id 2466: Too similar to original (41.5% overlap)
2026-08-06 02:08:52,907 - INFO - Rejected chunk_id 32: Too similar to original (47.8% overlap)
2026-08-06 02:08:56,197 - INFO - Rejected chunk_id 973: Too similar to original (32.3% overlap)
2026-08-06 02:09:01,011 - INFO - Rejected chunk_id 299: Too similar to original (31.9% overlap)
2026-08-06 02:09:02,271 - INFO - Rejected chunk_id 2579: Too similar to original (30.2% overlap)
2026-08-06 02:09:11,018 - INFO - Rejected chunk_id 7603: Too similar to original (40.3% overlap)
2026-08-06 02:09:12,992 - INFO - Rejected chunk_id 40: Too similar to original (41.5% overlap)
2026-08-06 02:09:16,147 - INFO - Rejected chunk_id 1753: Contains 'Figure'
2026-08-06 02:09:18,778 - INFO - Rejected chunk_id 1782: Too similar to original (32.0% overlap)
2026-08-06 02:09:21,767 - INFO - Rejected chunk_id 2671: Too similar to original (42.6% overlap)
2026-08-06 02:09:26,434 - INFO - Rejected chunk_id 361: Too similar to original (31.0% overlap)
2026-08-06 02:09:29,062 - INFO - Rejected chunk_id 6696: Contains 'Table'
2026-08-06 02:09:30,413 - INFO - Rejected chunk_id 47: Too similar to original (32.8% overlap)
2026-08-06 02:09:35,734 - INFO - Rejected chunk_id 646: Too similar to original (61.2% overlap)
2026-08-06 02:09:38,519 - INFO - Rejected chunk_id 6701: Too similar to original (37.7% overlap)
2026-08-06 02:09:41,183 - INFO - Rejected chunk_id 7516: Contains 'Table'
2026-08-06 02:09:43,376 - INFO - Rejected chunk_id 2453: Too similar to original (60.0% overlap)
2026-08-06 02:09:45,025 - INFO - Rejected chunk_id 1065: Too similar to original (32.3% overlap)
2026-08-06 02:09:50,185 - INFO - Rejected chunk_id 775: Too similar to original (41.1% overlap)
2026-08-06 02:09:51,506 - INFO - Rejected chunk_id 1595: Too similar to original (42.1% overlap)
2026-08-06 02:09:53,195 - INFO - Rejected chunk_id 78: Too similar to original (30.2% overlap)
2026-08-06 02:09:55,666 - INFO - Rejected chunk_id 799: Contains 'Table'
2026-08-06 02:09:58,357 - INFO - Rejected chunk_id 1562: Too similar to original (40.4% overlap)
2026-08-06 02:10:00,047 - INFO - Rejected chunk_id 301: Too similar to original (32.8% overlap)
2026-08-06 02:10:06,104 - INFO - Rejected chunk_id 91: Too similar to original (32.8% overlap)
2026-08-06 02:10:09,141 - INFO - Rejected chunk_id 346: Too similar to original (42.6% overlap)
2026-08-06 02:10:10,815 - INFO - Rejected chunk_id 2174: Too similar to original (30.6% overlap)
2026-08-06 02:10:12,251 - INFO - Rejected chunk_id 646: Too similar to original (36.4% overlap)
2026-08-06 02:10:15,963 - INFO - Rejected chunk_id 94: Too similar to original (46.3% overlap)
2026-08-06 02:10:23,008 - INFO - Rejected chunk_id 477: Too similar to original (47.3% overlap)
2026-08-06 02:10:24,557 - INFO - Rejected chunk_id 1716: Too similar to original (58.7% overlap)
2026-08-06 02:10:26,019 - INFO - Rejected chunk_id 62: Too similar to original (49.2% overlap)
2026-08-06 02:10:27,537 - INFO - Rejected chunk_id 28: Too similar to original (38.5% overlap)
2026-08-06 02:10:29,789 - INFO - Rejected chunk_id 2108: Too similar to original (48.2% overlap)
2026-08-06 02:10:31,478 - INFO - Rejected chunk_id 1670: Too similar to original (41.9% overlap)
2026-08-06 02:10:38,823 - INFO - Rejected chunk_id 1767: Too similar to original (50.8% overlap)
2026-08-06 02:10:43,267 - INFO - Rejected chunk_id 2744: Too similar to original (34.7% overlap)
2026-08-06 02:10:44,866 - INFO - Rejected chunk_id 1302: Too similar to original (49.1% overlap)
2026-08-06 02:10:46,371 - INFO - Rejected chunk_id 52: Too similar to original (44.8% overlap)
2026-08-06 02:10:48,450 - INFO - Rejected chunk_id 863: Contains 'Figure'
2026-08-06 02:10:51,394 - INFO - Rejected chunk_id 229: Too similar to original (52.7% overlap)
2026-08-06 02:10:56,348 - INFO - Rejected chunk_id 1816: Too similar to original (33.8% overlap)
2026-08-06 02:10:59,153 - INFO - Rejected chunk_id 350: Contains 'Figure'
2026-08-06 02:11:00,496 - INFO - Rejected chunk_id 187: Too similar to original (41.2% overlap)
2026-08-06 02:11:01,973 - INFO - Rejected chunk_id 264: Too similar to original (42.1% overlap)
2026-08-06 02:11:03,915 - INFO - Rejected chunk_id 796: Too similar to original (37.5% overlap)
2026-08-06 02:11:10,964 - INFO - Rejected chunk_id 2510: Too similar to original (54.4% overlap)
2026-08-06 02:11:14,712 - INFO - Rejected chunk_id 811: Too similar to original (38.7% overlap)
2026-08-06 02:11:18,693 - INFO - Rejected chunk_id 338: Too similar to original (46.4% overlap)
2026-08-06 02:11:24,532 - INFO - Rejected chunk_id 1646: Too similar to original (38.6% overlap)
2026-08-06 02:11:27,062 - INFO - Rejected chunk_id 2356: Too similar to original (43.1% overlap)
2026-08-06 02:11:29,864 - INFO - Rejected chunk_id 1505: Too similar to original (35.9% overlap)
2026-08-06 02:11:32,219 - INFO - Rejected chunk_id 50: Too similar to original (59.4% overlap)
2026-08-06 02:11:36,441 - INFO - Rejected chunk_id 5919: Contains 'Table'
2026-08-06 02:11:38,934 - INFO - Rejected chunk_id 7599: Contains 'Table'
2026-08-06 02:11:40,523 - INFO - Rejected chunk_id 17: Too similar to original (35.5% overlap)
2026-08-06 02:11:44,212 - INFO - Rejected chunk_id 1500: Too similar to original (31.7% overlap)
2026-08-06 02:11:46,989 - INFO - Rejected chunk_id 2707: Too similar to original (40.8% overlap)
2026-08-06 02:11:48,655 - INFO - Rejected chunk_id 86: Too similar to original (30.5% overlap)
2026-08-06 02:11:50,973 - INFO - Rejected chunk_id 521: Too similar to original (37.7% overlap)
2026-08-06 02:11:53,147 - INFO - Rejected chunk_id 437: Too similar to original (34.2% overlap)
2026-08-06 02:11:54,910 - INFO - Rejected chunk_id 1926: Too similar to original (42.6% overlap)
2026-08-06 02:11:57,522 - INFO - Rejected chunk_id 1654: Too similar to original (68.7% overlap)
2026-08-06 02:12:18,600 - INFO - Rejected chunk_id 1464: Too similar to original (43.6% overlap)
2026-08-06 02:12:20,793 - INFO - Rejected chunk_id 2204: Contains 'Table'
2026-08-06 02:12:22,395 - INFO - Rejected chunk_id 62: Too similar to original (37.7% overlap)
2026-08-06 02:12:25,488 - INFO - Rejected chunk_id 1056: Too similar to original (47.1% overlap)
2026-08-06 02:12:29,016 - INFO - Rejected chunk_id 31: Too similar to original (54.7% overlap)
2026-08-06 02:12:30,780 - INFO - Rejected chunk_id 843: Too similar to original (44.3% overlap)
2026-08-06 02:12:32,898 - INFO - Rejected chunk_id 6000: Too similar to original (42.5% overlap)
2026-08-06 02:12:36,622 - INFO - Rejected chunk_id 4909: Contains 'Table'
2026-08-06 02:12:38,714 - INFO - Rejected chunk_id 6753: Too similar to original (33.3% overlap)
2026-08-06 02:12:40,262 - INFO - Rejected chunk_id 1637: Too similar to original (30.4% overlap)
2026-08-06 02:12:44,987 - INFO - Rejected chunk_id 3864: Too similar to original (36.9% overlap)
2026-08-06 02:12:47,104 - INFO - Rejected chunk_id 1233: Too similar to original (50.7% overlap)
2026-08-06 02:12:54,061 - INFO - Rejected chunk_id 1707: Too similar to original (37.9% overlap)
2026-08-06 02:12:57,107 - INFO - Rejected chunk_id 7220: Too similar to original (30.1% overlap)
2026-08-06 02:12:58,565 - INFO - Rejected chunk_id 1352: Too similar to original (38.0% overlap)
2026-08-06 02:13:05,037 - INFO - Rejected chunk_id 1869: Too similar to original (39.4% overlap)
2026-08-06 02:13:08,790 - INFO - Rejected chunk_id 1034: Too similar to original (43.8% overlap)
2026-08-06 02:13:11,275 - INFO - Rejected chunk_id 5351: Too similar to original (32.1% overlap)
2026-08-06 02:13:14,598 - INFO - Rejected chunk_id 1589: Too similar to original (31.8% overlap)
2026-08-06 02:13:15,944 - INFO - Rejected chunk_id 1504: Contains 'Table'
2026-08-06 02:13:19,558 - INFO - Rejected chunk_id 785: Too similar to original (47.5% overlap)
2026-08-06 02:13:21,106 - INFO - Rejected chunk_id 268: Too similar to original (43.7% overlap)
2026-08-06 02:13:23,292 - INFO - Rejected chunk_id 2084: Too similar to original (33.3% overlap)
2026-08-06 02:13:24,534 - INFO - Rejected chunk_id 2588: Too similar to original (44.4% overlap)
2026-08-06 02:13:26,499 - INFO - Rejected chunk_id 1773: Contains 'Table'
2026-08-06 02:13:28,522 - INFO - Rejected chunk_id 234: Too similar to original (37.3% overlap)
2026-08-06 02:13:31,627 - INFO - Rejected chunk_id 599: Too similar to original (36.8% overlap)
2026-08-06 02:13:40,822 - INFO - Rejected chunk_id 758: Too similar to original (50.9% overlap)
2026-08-06 02:13:42,316 - INFO - Rejected chunk_id 2734: Too similar to original (37.8% overlap)
2026-08-06 02:13:51,957 - INFO - Rejected chunk_id 358: Too similar to original (40.9% overlap)
2026-08-06 02:13:54,537 - INFO - Rejected chunk_id 1018: Contains 'Table'
2026-08-06 02:13:56,334 - INFO - Rejected chunk_id 3913: Contains 'Table'
2026-08-06 02:13:57,822 - INFO - Rejected chunk_id 590: Too similar to original (33.9% overlap)
2026-08-06 02:13:59,560 - INFO - Rejected chunk_id 2335: Too similar to original (34.4% overlap)
2026-08-06 02:14:01,157 - INFO - Rejected chunk_id 1077: Too similar to original (48.1% overlap)
2026-08-06 02:14:02,614 - INFO - Rejected chunk_id 112: Too similar to original (54.2% overlap)
2026-08-06 02:14:06,549 - INFO - Rejected chunk_id 526: Too similar to original (55.4% overlap)
2026-08-06 02:14:09,716 - INFO - Rejected chunk_id 1594: Too similar to original (55.2% overlap)
2026-08-06 02:14:11,480 - INFO - Rejected chunk_id 773: Too similar to original (41.8% overlap)
2026-08-06 02:14:13,046 - INFO - Rejected chunk_id 2704: Too similar to original (36.8% overlap)
2026-08-06 02:14:15,079 - INFO - Rejected chunk_id 378: Too similar to original (50.8% overlap)
2026-08-06 02:14:17,015 - INFO - Rejected chunk_id 2571: Too similar to original (44.4% overlap)
2026-08-06 02:14:18,879 - INFO - Rejected chunk_id 765: Contains 'Table'
2026-08-06 02:14:20,451 - INFO - Rejected chunk_id 302: Too similar to original (37.9% overlap)
2026-08-06 02:14:22,398 - INFO - Rejected chunk_id 6760: Contains 'Table'
2026-08-06 02:14:24,433 - INFO - Rejected chunk_id 1391: Too similar to original (52.8% overlap)
2026-08-06 02:14:31,656 - INFO - Rejected chunk_id 573: Contains 'Table'
2026-08-06 02:14:36,101 - INFO - Rejected chunk_id 7219: Contains 'Table'
2026-08-06 02:14:37,609 - INFO - Rejected chunk_id 788: Too similar to original (35.6% overlap)
2026-08-06 02:14:43,457 - INFO - Rejected chunk_id 64: Too similar to original (52.9% overlap)
2026-08-06 02:14:45,482 - INFO - Rejected chunk_id 2031: Contains 'Table'
2026-08-06 02:14:47,601 - INFO - Rejected chunk_id 689: Too similar to original (41.8% overlap)
2026-08-06 02:14:49,466 - INFO - Rejected chunk_id 2836: Too similar to original (30.5% overlap)
2026-08-06 02:14:51,401 - INFO - Rejected chunk_id 782: Too similar to original (40.0% overlap)
2026-08-06 02:14:54,651 - INFO - Rejected chunk_id 22: Too similar to original (44.1% overlap)
2026-08-06 02:14:59,401 - INFO - Rejected chunk_id 96: Too similar to original (37.1% overlap)
2026-08-06 02:15:05,179 - INFO - Rejected chunk_id 2165: Contains 'Table'
2026-08-06 02:15:06,646 - INFO - Rejected chunk_id 1910: Too similar to original (38.6% overlap)
2026-08-06 02:15:08,399 - INFO - Rejected chunk_id 6018: Too similar to original (32.7% overlap)
2026-08-06 02:15:12,040 - INFO - Rejected chunk_id 1310: Too similar to original (31.0% overlap)
2026-08-06 02:15:14,674 - INFO - Rejected chunk_id 5616: Too similar to original (33.8% overlap)
2026-08-06 02:15:16,471 - INFO - Rejected chunk_id 2191: Too similar to original (50.9% overlap)
2026-08-06 02:15:18,273 - INFO - Rejected chunk_id 2817: Contains 'Table'
2026-08-06 02:15:19,810 - INFO - Rejected chunk_id 233: Too similar to original (31.4% overlap)
2026-08-06 02:15:21,820 - INFO - Rejected chunk_id 310: Too similar to original (36.8% overlap)
2026-08-06 02:15:26,871 - INFO - Rejected chunk_id 381: Too similar to original (39.2% overlap)
2026-08-06 02:15:29,189 - INFO - Rejected chunk_id 518: Too similar to original (42.5% overlap)
2026-08-06 02:15:33,364 - INFO - Rejected chunk_id 218: Too similar to original (34.7% overlap)
2026-08-06 02:15:37,134 - INFO - Rejected chunk_id 1751: Too similar to original (41.8% overlap)
2026-08-06 02:15:40,687 - INFO - Rejected chunk_id 7530: Contains 'Figure'
2026-08-06 02:15:42,327 - INFO - Rejected chunk_id 51: Too similar to original (55.2% overlap)
2026-08-06 02:15:43,898 - INFO - Rejected chunk_id 269: Too similar to original (33.8% overlap)
2026-08-06 02:15:46,007 - INFO - Rejected chunk_id 1476: Too similar to original (38.2% overlap)
2026-08-06 02:15:47,453 - INFO - Rejected chunk_id 2252: Too similar to original (39.2% overlap)
2026-08-06 02:15:50,407 - INFO - Rejected chunk_id 538: Too similar to original (36.4% overlap)
2026-08-06 02:15:52,047 - INFO - Rejected chunk_id 657: Too similar to original (47.9% overlap)
2026-08-06 02:15:54,929 - INFO - Rejected chunk_id 339: Too similar to original (44.8% overlap)
2026-08-06 02:15:57,970 - INFO - Rejected chunk_id 54: Too similar to original (34.8% overlap)
2026-08-06 02:15:59,662 - INFO - Rejected chunk_id 5846: Too similar to original (31.5% overlap)
2026-08-06 02:16:05,161 - INFO - Rejected chunk_id 55: Too similar to original (49.2% overlap)
2026-08-06 02:16:09,303 - INFO - Rejected chunk_id 95: Too similar to original (30.9% overlap)
2026-08-06 02:16:12,861 - INFO - Rejected chunk_id 1621: Too similar to original (44.9% overlap)
2026-08-06 02:16:16,273 - INFO - Rejected chunk_id 2241: Too similar to original (39.0% overlap)
2026-08-06 02:16:23,538 - INFO - Rejected chunk_id 820: Too similar to original (47.1% overlap)
2026-08-06 02:16:25,263 - INFO - Rejected chunk_id 254: Too similar to original (54.1% overlap)
2026-08-06 02:16:27,112 - INFO - Rejected chunk_id 3283: Too similar to original (37.9% overlap)
2026-08-06 02:16:29,381 - INFO - Rejected chunk_id 2836: Too similar to original (51.4% overlap)
2026-08-06 02:16:32,677 - INFO - Rejected chunk_id 156: Too similar to original (39.0% overlap)
2026-08-06 02:16:35,042 - INFO - Rejected chunk_id 7654: Contains 'Table'
2026-08-06 02:16:36,978 - INFO - Rejected chunk_id 715: Too similar to original (48.3% overlap)
2026-08-06 02:16:39,522 - INFO - Rejected chunk_id 414: Too similar to original (37.7% overlap)
2026-08-06 02:16:42,647 - INFO - Rejected chunk_id 189: Too similar to original (36.4% overlap)
2026-08-06 02:16:44,526 - INFO - Rejected chunk_id 2359: Too similar to original (36.4% overlap)
2026-08-06 02:16:46,314 - INFO - Rejected chunk_id 526: Contains 'Figure'
2026-08-06 02:16:48,513 - INFO - Rejected chunk_id 1695: Too similar to original (32.8% overlap)
2026-08-06 02:16:50,590 - INFO - Rejected chunk_id 2441: Too similar to original (33.3% overlap)
2026-08-06 02:16:52,338 - INFO - Rejected chunk_id 264: Too similar to original (44.4% overlap)
2026-08-06 02:16:53,712 - INFO - Rejected chunk_id 2083: Too similar to original (31.6% overlap)
2026-08-06 02:16:57,529 - INFO - Rejected chunk_id 1336: Too similar to original (32.6% overlap)
2026-08-06 02:16:59,790 - INFO - Rejected chunk_id 235: Too similar to original (52.9% overlap)
2026-08-06 02:17:08,189 - INFO - Rejected chunk_id 2816: Contains 'Table'
2026-08-06 02:17:10,056 - INFO - Rejected chunk_id 2565: Contains 'Table'
2026-08-06 02:17:11,580 - INFO - Rejected chunk_id 624: Too similar to original (40.0% overlap)
2026-08-06 02:17:12,871 - INFO - Rejected chunk_id 2154: Too similar to original (43.6% overlap)
2026-08-06 02:17:17,180 - INFO - Rejected chunk_id 463: Too similar to original (47.2% overlap)
2026-08-06 02:17:19,625 - INFO - Rejected chunk_id 657: Too similar to original (34.5% overlap)
2026-08-06 02:17:21,213 - INFO - Rejected chunk_id 122: Too similar to original (35.4% overlap)
2026-08-06 02:17:23,775 - INFO - Rejected chunk_id 989: Too similar to original (31.7% overlap)
2026-08-06 02:17:25,731 - INFO - Rejected chunk_id 1093: Too similar to original (44.4% overlap)
2026-08-06 02:17:27,239 - INFO - Rejected chunk_id 333: Too similar to original (32.8% overlap)
2026-08-06 02:17:30,887 - INFO - Rejected chunk_id 431: Too similar to original (30.7% overlap)
2026-08-06 02:17:34,950 - INFO - Rejected chunk_id 1079: Too similar to original (34.3% overlap)
2026-08-06 02:17:43,561 - INFO - Rejected chunk_id 1318: Too similar to original (32.7% overlap)
2026-08-06 02:17:45,276 - INFO - Rejected chunk_id 1324: Too similar to original (31.7% overlap)
2026-08-06 02:17:46,885 - INFO - Rejected chunk_id 5186: Contains 'Table'
2026-08-06 02:17:48,294 - INFO - Rejected chunk_id 1297: Too similar to original (44.6% overlap)
2026-08-06 02:17:49,968 - INFO - Rejected chunk_id 395: Too similar to original (39.4% overlap)
2026-08-06 02:17:53,239 - INFO - Rejected chunk_id 1023: Too similar to original (34.9% overlap)
2026-08-06 02:17:55,465 - INFO - Rejected chunk_id 900: Too similar to original (36.5% overlap)
2026-08-06 02:17:57,055 - INFO - Rejected chunk_id 209: Too similar to original (41.8% overlap)
2026-08-06 02:18:00,578 - INFO - Rejected chunk_id 1718: Too similar to original (52.5% overlap)
2026-08-06 02:18:06,105 - INFO - Rejected chunk_id 2609: Too similar to original (37.7% overlap)
2026-08-06 02:18:09,266 - INFO - Rejected chunk_id 462: Too similar to original (56.1% overlap)
2026-08-06 02:18:11,245 - INFO - Rejected chunk_id 5172: Too similar to original (31.4% overlap)
2026-08-06 02:18:15,051 - INFO - Rejected chunk_id 2188: Contains 'Table'
2026-08-06 02:18:19,482 - INFO - Rejected chunk_id 445: Too similar to original (35.8% overlap)
2026-08-06 02:18:26,367 - INFO - Rejected chunk_id 94: Too similar to original (37.7% overlap)
2026-08-06 02:18:28,399 - INFO - Rejected chunk_id 1556: Too similar to original (41.3% overlap)
2026-08-06 02:18:30,086 - INFO - Rejected chunk_id 265: Too similar to original (39.1% overlap)
2026-08-06 02:18:31,940 - INFO - Rejected chunk_id 47: Too similar to original (42.4% overlap)
2026-08-06 02:18:34,015 - INFO - Rejected chunk_id 1858: Too similar to original (36.5% overlap)
2026-08-06 02:18:36,267 - INFO - Rejected chunk_id 405: Too similar to original (45.3% overlap)
2026-08-06 02:18:37,753 - INFO - Rejected chunk_id 103: Too similar to original (45.2% overlap)
2026-08-06 02:18:40,496 - INFO - Rejected chunk_id 541: Too similar to original (45.3% overlap)
2026-08-06 02:18:44,331 - INFO - Rejected chunk_id 1169: Contains 'Table'
2026-08-06 02:18:49,353 - INFO - Rejected chunk_id 5898: Too similar to original (36.2% overlap)
2026-08-06 02:18:51,307 - INFO - Rejected chunk_id 1900: Too similar to original (43.7% overlap)
2026-08-06 02:18:53,128 - INFO - Rejected chunk_id 75: Contains 'Table'
2026-08-06 02:18:55,145 - INFO - Rejected chunk_id 29: Too similar to original (33.3% overlap)
2026-08-06 02:18:56,948 - INFO - Rejected chunk_id 823: Too similar to original (38.2% overlap)
2026-08-06 02:19:02,251 - INFO - Rejected chunk_id 1171: Too similar to original (41.5% overlap)
2026-08-06 02:19:06,255 - INFO - Rejected chunk_id 2696: Too similar to original (53.7% overlap)
2026-08-06 02:19:09,159 - INFO - Rejected chunk_id 2696: Too similar to original (42.2% overlap)
2026-08-06 02:19:11,167 - INFO - Rejected chunk_id 2340: Too similar to original (40.0% overlap)
2026-08-06 02:19:13,454 - INFO - Rejected chunk_id 618: Too similar to original (30.7% overlap)
2026-08-06 02:19:15,794 - INFO - Rejected chunk_id 276: Too similar to original (33.3% overlap)
2026-08-06 02:19:19,173 - INFO - Rejected chunk_id 1788: Too similar to original (35.3% overlap)
2026-08-06 02:19:20,715 - INFO - Rejected chunk_id 1399: Too similar to original (35.4% overlap)
2026-08-06 02:19:25,334 - INFO - Rejected chunk_id 449: Contains 'Table'
2026-08-06 02:19:31,169 - INFO - Rejected chunk_id 2284: Too similar to original (60.9% overlap)
2026-08-06 02:19:32,873 - INFO - Rejected chunk_id 771: Too similar to original (33.3% overlap)
2026-08-06 02:19:34,537 - INFO - Rejected chunk_id 310: Too similar to original (44.9% overlap)
2026-08-06 02:19:37,010 - INFO - Rejected chunk_id 281: Too similar to original (54.7% overlap)
2026-08-06 02:19:39,756 - INFO - Rejected chunk_id 334: Too similar to original (47.8% overlap)
2026-08-06 02:19:44,030 - INFO - Rejected chunk_id 3062: Too similar to original (43.9% overlap)
2026-08-06 02:19:46,076 - INFO - Rejected chunk_id 964: Too similar to original (34.7% overlap)
2026-08-06 02:19:48,409 - INFO - Rejected chunk_id 231: Too similar to original (54.2% overlap)
2026-08-06 02:19:55,465 - INFO - Rejected chunk_id 775: Too similar to original (54.1% overlap)
2026-08-06 02:19:58,639 - INFO - Rejected chunk_id 411: Too similar to original (32.3% overlap)
2026-08-06 02:20:09,264 - INFO - Rejected chunk_id 2244: Too similar to original (38.0% overlap)
2026-08-06 02:20:12,214 - INFO - Rejected chunk_id 2903: Too similar to original (36.5% overlap)
2026-08-06 02:20:14,258 - INFO - Rejected chunk_id 201: Too similar to original (33.3% overlap)
2026-08-06 02:20:16,034 - INFO - Rejected chunk_id 2865: Too similar to original (40.7% overlap)
2026-08-06 02:20:17,944 - INFO - Rejected chunk_id 819: Contains 'Table'
2026-08-06 02:20:29,057 - INFO - Rejected chunk_id 2693: Too similar to original (49.3% overlap)
2026-08-06 02:20:31,429 - INFO - Rejected chunk_id 1185: Too similar to original (56.9% overlap)
2026-08-06 02:20:42,994 - INFO - Rejected chunk_id 2139: Too similar to original (34.3% overlap)
2026-08-06 02:20:44,958 - INFO - Rejected chunk_id 6817: Contains 'Table'
2026-08-06 02:20:46,997 - INFO - Rejected chunk_id 542: Too similar to original (41.2% overlap)
2026-08-06 02:20:49,001 - INFO - Rejected chunk_id 5592: Too similar to original (50.9% overlap)
2026-08-06 02:20:50,874 - INFO - Rejected chunk_id 789: Too similar to original (44.4% overlap)
2026-08-06 02:20:58,041 - INFO - Rejected chunk_id 13: Too similar to original (36.8% overlap)
2026-08-06 02:21:01,006 - INFO - Rejected chunk_id 3929: Too similar to original (58.2% overlap)
2026-08-06 02:21:03,870 - INFO - Rejected chunk_id 36: Too similar to original (30.6% overlap)
2026-08-06 02:21:06,039 - INFO - Rejected chunk_id 3787: Too similar to original (30.8% overlap)
2026-08-06 02:21:07,945 - INFO - Rejected chunk_id 10: Too similar to original (42.4% overlap)
2026-08-06 02:21:09,318 - INFO - Rejected chunk_id 630: Too similar to original (38.5% overlap)
2026-08-06 02:21:13,384 - INFO - Rejected chunk_id 5985: Contains 'Figure'
2026-08-06 02:21:15,435 - INFO - Rejected chunk_id 245: Too similar to original (39.3% overlap)
2026-08-06 02:21:16,771 - INFO - Rejected chunk_id 1542: Too similar to original (43.1% overlap)
2026-08-06 02:21:18,442 - INFO - Rejected chunk_id 709: Too similar to original (32.8% overlap)
2026-08-06 02:21:23,988 - INFO - Rejected chunk_id 104: Too similar to original (33.3% overlap)
2026-08-06 02:21:26,039 - INFO - Rejected chunk_id 267: Too similar to original (45.9% overlap)
2026-08-06 02:21:27,956 - INFO - Rejected chunk_id 2672: Too similar to original (31.0% overlap)
2026-08-06 02:21:29,924 - INFO - Rejected chunk_id 1479: Too similar to original (39.7% overlap)
2026-08-06 02:21:31,538 - INFO - Rejected chunk_id 99: Too similar to original (49.2% overlap)
2026-08-06 02:21:32,983 - INFO - Rejected chunk_id 1482: Contains 'Figure'
2026-08-06 02:21:37,913 - INFO - Rejected chunk_id 6610: Contains 'Table'
2026-08-06 02:21:44,753 - INFO - Rejected chunk_id 1917: Too similar to original (30.9% overlap)
2026-08-06 02:21:46,276 - INFO - Rejected chunk_id 1620: Too similar to original (48.2% overlap)
2026-08-06 02:21:48,669 - INFO - Rejected chunk_id 370: Too similar to original (43.8% overlap)
2026-08-06 02:21:50,601 - INFO - Rejected chunk_id 2484: Too similar to original (33.3% overlap)
2026-08-06 02:21:52,431 - INFO - Rejected chunk_id 833: Too similar to original (33.8% overlap)
2026-08-06 02:21:54,837 - INFO - Rejected chunk_id 6116: Too similar to original (35.2% overlap)
2026-08-06 02:21:57,548 - INFO - Rejected chunk_id 2719: Too similar to original (31.0% overlap)
2026-08-06 02:22:04,564 - INFO - Rejected chunk_id 2299: Too similar to original (37.5% overlap)
2026-08-06 02:22:07,815 - INFO - Rejected chunk_id 187: Too similar to original (40.6% overlap)
2026-08-06 02:22:09,324 - INFO - Rejected chunk_id 98: Too similar to original (44.2% overlap)
2026-08-06 02:22:10,770 - INFO - Rejected chunk_id 151: Too similar to original (46.8% overlap)
2026-08-06 02:22:12,054 - INFO - Rejected chunk_id 541: Too similar to original (38.9% overlap)
2026-08-06 02:22:16,553 - INFO - Rejected chunk_id 4625: Too similar to original (37.3% overlap)
2026-08-06 02:22:17,756 - INFO - Rejected chunk_id 369: Too similar to original (37.5% overlap)
2026-08-06 02:22:19,268 - INFO - Rejected chunk_id 1132: Too similar to original (42.1% overlap)
2026-08-06 02:22:21,609 - INFO - Rejected chunk_id 3388: Too similar to original (34.3% overlap)
2026-08-06 02:22:31,067 - INFO - Rejected chunk_id 2184: Too similar to original (32.0% overlap)
2026-08-06 02:22:33,511 - INFO - Rejected chunk_id 2853: Too similar to original (48.1% overlap)
2026-08-06 02:22:36,191 - INFO - Rejected chunk_id 5246: Contains 'Table'
2026-08-06 02:22:38,062 - INFO - Rejected chunk_id 1569: Too similar to original (39.3% overlap)
2026-08-06 02:22:44,757 - INFO - Rejected chunk_id 746: Too similar to original (52.9% overlap)
2026-08-06 02:22:46,497 - INFO - Rejected chunk_id 990: Too similar to original (53.6% overlap)
2026-08-06 02:22:50,617 - INFO - Rejected chunk_id 530: Too similar to original (45.3% overlap)
2026-08-06 02:22:58,253 - INFO - Rejected chunk_id 2212: Contains 'Figure'
2026-08-06 02:23:02,266 - INFO - Rejected chunk_id 2689: Too similar to original (31.2% overlap)
2026-08-06 02:23:04,132 - INFO - Rejected chunk_id 6730: Contains 'Table'
2026-08-06 02:23:10,713 - INFO - Rejected chunk_id 1600: Too similar to original (46.6% overlap)
2026-08-06 02:23:12,099 - INFO - Rejected chunk_id 251: Too similar to original (37.5% overlap)
2026-08-06 02:23:18,052 - INFO - Rejected chunk_id 151: Contains 'Figure'
2026-08-06 02:23:23,359 - INFO - Rejected chunk_id 2286: Too similar to original (30.2% overlap)
2026-08-06 02:23:25,142 - INFO - Rejected chunk_id 101: Too similar to original (50.0% overlap)
2026-08-06 02:23:27,926 - INFO - Rejected chunk_id 768: Too similar to original (41.9% overlap)
2026-08-06 02:23:30,263 - INFO - Rejected chunk_id 1711: Too similar to original (47.8% overlap)
2026-08-06 02:23:32,142 - INFO - Rejected chunk_id 2555: Too similar to original (30.4% overlap)
2026-08-06 02:23:40,308 - INFO - Rejected chunk_id 1028: Too similar to original (54.4% overlap)
2026-08-06 02:23:45,668 - INFO - Rejected chunk_id 322: Too similar to original (32.6% overlap)
2026-08-06 02:23:50,404 - INFO - Rejected chunk_id 2044: Contains 'Table'
2026-08-06 02:23:52,349 - INFO - Rejected chunk_id 1637: Too similar to original (37.5% overlap)
2026-08-06 02:23:57,235 - INFO - Rejected chunk_id 415: Too similar to original (41.3% overlap)
2026-08-06 02:23:59,133 - INFO - Rejected chunk_id 545: Too similar to original (36.8% overlap)
2026-08-06 02:24:05,220 - INFO - Rejected chunk_id 2283: Too similar to original (39.7% overlap)
2026-08-06 02:24:07,080 - INFO - Rejected chunk_id 2092: Too similar to original (38.2% overlap)
2026-08-06 02:24:09,509 - INFO - Rejected chunk_id 143: Too similar to original (35.9% overlap)
2026-08-06 02:24:13,011 - INFO - Rejected chunk_id 1395: Too similar to original (41.8% overlap)
2026-08-06 02:24:15,434 - INFO - Rejected chunk_id 5727: Too similar to original (33.3% overlap)
2026-08-06 02:24:16,985 - INFO - Rejected chunk_id 6701: Contains 'Table'
2026-08-06 02:24:20,607 - INFO - Rejected chunk_id 264: Too similar to original (45.9% overlap)
2026-08-06 02:24:28,269 - INFO - Rejected chunk_id 2072: Contains 'Table'
2026-08-06 02:24:30,082 - INFO - Rejected chunk_id 1053: Too similar to original (49.2% overlap)
2026-08-06 02:24:31,824 - INFO - Rejected chunk_id 2747: Too similar to original (50.8% overlap)
2026-08-06 02:24:33,801 - INFO - Rejected chunk_id 620: Too similar to original (30.2% overlap)
2026-08-06 02:24:35,440 - INFO - Rejected chunk_id 39: Too similar to original (32.8% overlap)
2026-08-06 02:24:37,422 - INFO - Rejected chunk_id 178: Too similar to original (39.7% overlap)
2026-08-06 02:24:40,249 - INFO - Rejected chunk_id 264: Too similar to original (46.2% overlap)
2026-08-06 02:24:43,661 - INFO - Rejected chunk_id 2715: Too similar to original (36.4% overlap)
2026-08-06 02:24:45,927 - INFO - Rejected chunk_id 6724: Contains 'Table'
2026-08-06 02:24:47,554 - INFO - Rejected chunk_id 797: Too similar to original (34.0% overlap)
2026-08-06 02:24:49,285 - INFO - Rejected chunk_id 324: Too similar to original (35.5% overlap)
2026-08-06 02:24:54,205 - INFO - Rejected chunk_id 741: Too similar to original (40.3% overlap)
2026-08-06 02:24:55,657 - INFO - Rejected chunk_id 1988: Too similar to original (46.3% overlap)
2026-08-06 02:24:57,482 - INFO - Rejected chunk_id 2347: Too similar to original (40.0% overlap)
2026-08-06 02:25:00,332 - INFO - Rejected chunk_id 449: Too similar to original (38.2% overlap)
2026-08-06 02:25:03,020 - INFO - Rejected chunk_id 742: Too similar to original (60.3% overlap)
2026-08-06 02:25:08,526 - INFO - Rejected chunk_id 214: Too similar to original (52.2% overlap)
2026-08-06 02:25:20,103 - INFO - Rejected chunk_id 2601: Too similar to original (47.2% overlap)
2026-08-06 02:25:21,638 - INFO - Rejected chunk_id 1633: Too similar to original (33.3% overlap)
2026-08-06 02:25:25,239 - INFO - Rejected chunk_id 1780: Too similar to original (60.8% overlap)
2026-08-06 02:25:26,844 - INFO - Rejected chunk_id 279: Too similar to original (55.4% overlap)
2026-08-06 02:25:33,206 - INFO - Rejected chunk_id 1391: Contains 'Figure'
2026-08-06 02:25:36,174 - INFO - Rejected chunk_id 105: Too similar to original (47.5% overlap)
2026-08-06 02:25:39,918 - INFO - Rejected chunk_id 848: Too similar to original (48.5% overlap)
2026-08-06 02:25:41,198 - INFO - Rejected chunk_id 6049: Too similar to original (33.3% overlap)
2026-08-06 02:25:42,336 - INFO - Rejected chunk_id 469: Too similar to original (47.4% overlap)
2026-08-06 02:25:53,984 - INFO - Rejected chunk_id 79: Too similar to original (41.9% overlap)
2026-08-06 02:25:57,202 - INFO - Rejected chunk_id 185: Too similar to original (35.6% overlap)
2026-08-06 02:26:03,229 - INFO - Rejected chunk_id 2891: Too similar to original (43.1% overlap)
2026-08-06 02:26:05,251 - INFO - Rejected chunk_id 1691: Too similar to original (49.1% overlap)
2026-08-06 02:26:06,631 - INFO - Rejected chunk_id 1060: Too similar to original (54.5% overlap)
2026-08-06 02:26:10,307 - INFO - Rejected chunk_id 1666: Too similar to original (48.2% overlap)
2026-08-06 02:26:12,091 - INFO - Rejected chunk_id 1460: Too similar to original (32.8% overlap)
2026-08-06 02:26:18,506 - INFO - Rejected chunk_id 973: Too similar to original (35.6% overlap)
2026-08-06 02:26:20,075 - INFO - Rejected chunk_id 3847: Too similar to original (41.8% overlap)
2026-08-06 02:26:22,384 - INFO - Rejected chunk_id 2561: Too similar to original (30.1% overlap)
2026-08-06 02:26:24,044 - INFO - Rejected chunk_id 835: Contains 'Table'
2026-08-06 02:26:25,710 - INFO - Rejected chunk_id 2965: Too similar to original (40.4% overlap)
2026-08-06 02:26:29,922 - INFO - Rejected chunk_id 944: Too similar to original (39.7% overlap)
2026-08-06 02:26:33,752 - INFO - Rejected chunk_id 1219: Too similar to original (49.1% overlap)
2026-08-06 02:26:36,855 - INFO - Rejected chunk_id 2956: Too similar to original (35.0% overlap)
2026-08-06 02:26:39,997 - INFO - Rejected chunk_id 90: Too similar to original (33.3% overlap)
2026-08-06 02:26:41,638 - INFO - Rejected chunk_id 858: Contains 'Table'
2026-08-06 02:26:44,513 - INFO - Rejected chunk_id 587: Too similar to original (35.9% overlap)
2026-08-06 02:26:48,365 - INFO - Rejected chunk_id 418: Too similar to original (37.7% overlap)
2026-08-06 02:26:49,896 - INFO - Rejected chunk_id 13: Too similar to original (46.7% overlap)
2026-08-06 02:26:52,086 - INFO - Rejected chunk_id 7299: Too similar to original (40.0% overlap)
2026-08-06 02:26:53,721 - INFO - Rejected chunk_id 927: Too similar to original (40.7% overlap)
2026-08-06 02:26:55,143 - INFO - Rejected chunk_id 1143: Too similar to original (48.1% overlap)
2026-08-06 02:26:57,909 - INFO - Rejected chunk_id 355: Contains 'Figure'
2026-08-06 02:27:00,160 - INFO - Rejected chunk_id 522: Too similar to original (42.6% overlap)
2026-08-06 02:27:02,351 - INFO - Rejected chunk_id 230: Too similar to original (50.0% overlap)
2026-08-06 02:27:06,195 - INFO - Rejected chunk_id 2471: Too similar to original (44.4% overlap)
2026-08-06 02:27:07,625 - INFO - Rejected chunk_id 122: Too similar to original (30.5% overlap)
2026-08-06 02:27:08,833 - INFO - Rejected chunk_id 1061: Too similar to original (30.6% overlap)
2026-08-06 02:27:12,532 - INFO - Rejected chunk_id 4492: Too similar to original (33.3% overlap)
2026-08-06 02:27:17,764 - INFO - Rejected chunk_id 1017: Too similar to original (36.8% overlap)
2026-08-06 02:27:19,880 - INFO - Rejected chunk_id 2673: Too similar to original (36.1% overlap)
2026-08-06 02:27:21,638 - INFO - Rejected chunk_id 124: Too similar to original (48.3% overlap)
2026-08-06 02:27:24,100 - INFO - Rejected chunk_id 1680: Too similar to original (32.2% overlap)
2026-08-06 02:27:28,551 - INFO - Rejected chunk_id 2204: Too similar to original (35.1% overlap)
2026-08-06 02:27:30,480 - INFO - Rejected chunk_id 139: Too similar to original (46.7% overlap)
2026-08-06 02:27:32,392 - INFO - Rejected chunk_id 247: Too similar to original (30.8% overlap)
2026-08-06 02:27:34,392 - INFO - Rejected chunk_id 1111: Too similar to original (41.8% overlap)
2026-08-06 02:27:36,443 - INFO - Rejected chunk_id 183: Too similar to original (34.4% overlap)
2026-08-06 02:27:38,304 - INFO - Rejected chunk_id 746: Too similar to original (32.7% overlap)
2026-08-06 02:27:39,559 - INFO - Rejected chunk_id 539: Too similar to original (36.5% overlap)
2026-08-06 02:27:41,257 - INFO - Rejected chunk_id 417: Too similar to original (37.5% overlap)
2026-08-06 02:27:43,488 - INFO - Rejected chunk_id 217: Too similar to original (41.4% overlap)
2026-08-06 02:27:45,587 - INFO - Rejected chunk_id 79: Too similar to original (44.4% overlap)
2026-08-06 02:27:47,328 - INFO - Rejected chunk_id 2556: Too similar to original (52.6% overlap)
2026-08-06 02:27:49,653 - INFO - Rejected chunk_id 5131: Too similar to original (48.9% overlap)
2026-08-06 02:27:51,015 - INFO - Rejected chunk_id 159: Too similar to original (37.7% overlap)
2026-08-06 02:27:55,558 - INFO - Rejected chunk_id 385: Too similar to original (39.7% overlap)
2026-08-06 02:28:02,033 - INFO - Rejected chunk_id 256: Too similar to original (34.7% overlap)
2026-08-06 02:28:03,803 - INFO - Rejected chunk_id 1960: Too similar to original (41.5% overlap)
2026-08-06 02:28:06,758 - INFO - Rejected chunk_id 2436: Too similar to original (61.1% overlap)
2026-08-06 02:28:08,812 - INFO - Rejected chunk_id 1029: Too similar to original (51.5% overlap)
2026-08-06 02:28:10,750 - INFO - Rejected chunk_id 299: Too similar to original (39.7% overlap)
2026-08-06 02:28:14,967 - INFO - Rejected chunk_id 3861: Too similar to original (30.3% overlap)
2026-08-06 02:28:17,257 - INFO - Rejected chunk_id 3936: Too similar to original (36.8% overlap)
2026-08-06 02:28:29,699 - INFO - Rejected chunk_id 263: Too similar to original (42.4% overlap)
2026-08-06 02:28:31,129 - INFO - Rejected chunk_id 152: Too similar to original (62.7% overlap)
2026-08-06 02:28:32,511 - INFO - Rejected chunk_id 551: Too similar to original (44.4% overlap)
2026-08-06 02:28:34,494 - INFO - Rejected chunk_id 141: Too similar to original (39.0% overlap)
2026-08-06 02:28:45,962 - INFO - Rejected chunk_id 191: Too similar to original (49.2% overlap)
2026-08-06 02:28:47,971 - INFO - Rejected chunk_id 949: Contains 'Table'
2026-08-06 02:28:49,830 - INFO - Rejected chunk_id 562: Too similar to original (40.0% overlap)
2026-08-06 02:28:57,439 - INFO - Rejected chunk_id 2381: Too similar to original (45.1% overlap)
2026-08-06 02:28:59,059 - INFO - Rejected chunk_id 2719: Too similar to original (50.8% overlap)
2026-08-06 02:29:00,600 - INFO - Rejected chunk_id 797: Too similar to original (31.7% overlap)
2026-08-06 02:29:03,055 - INFO - Rejected chunk_id 360: Too similar to original (33.7% overlap)
2026-08-06 02:29:04,725 - INFO - Rejected chunk_id 849: Contains 'Table'
2026-08-06 02:29:06,094 - INFO - Rejected chunk_id 1062: Too similar to original (32.1% overlap)
2026-08-06 02:29:10,115 - INFO - Rejected chunk_id 264: Too similar to original (30.8% overlap)
2026-08-06 02:29:12,981 - INFO - Rejected chunk_id 1499: Too similar to original (53.6% overlap)
2026-08-06 02:29:14,920 - INFO - Rejected chunk_id 2052: Contains 'Figure'
2026-08-06 02:29:20,910 - INFO - Rejected chunk_id 739: Too similar to original (34.5% overlap)
2026-08-06 02:29:22,264 - INFO - Rejected chunk_id 1731: Too similar to original (30.4% overlap)
2026-08-06 02:29:26,900 - INFO - Rejected chunk_id 441: Too similar to original (37.9% overlap)
2026-08-06 02:29:30,136 - INFO - Rejected chunk_id 1850: Too similar to original (36.7% overlap)
2026-08-06 02:29:34,622 - INFO - Rejected chunk_id 1329: Too similar to original (32.2% overlap)
2026-08-06 02:29:36,981 - INFO - Rejected chunk_id 6189: Contains 'Table'
2026-08-06 02:29:45,966 - INFO - Rejected chunk_id 7395: Too similar to original (37.5% overlap)
2026-08-06 02:29:49,764 - INFO - Rejected chunk_id 6014: Too similar to original (33.3% overlap)
2026-08-06 02:30:08,256 - INFO - Rejected chunk_id 2259: Contains 'Table'
2026-08-06 02:30:09,822 - INFO - Rejected chunk_id 2018: Too similar to original (34.9% overlap)
2026-08-06 02:30:13,170 - INFO - Rejected chunk_id 1801: Too similar to original (31.4% overlap)
2026-08-06 02:30:14,838 - INFO - Rejected chunk_id 193: Too similar to original (33.9% overlap)
2026-08-06 02:30:19,501 - INFO - Rejected chunk_id 2793: Too similar to original (34.8% overlap)
2026-08-06 02:30:22,301 - INFO - Rejected chunk_id 1137: Too similar to original (51.4% overlap)
2026-08-06 02:30:24,485 - INFO - Rejected chunk_id 1184: Too similar to original (34.8% overlap)
2026-08-06 02:30:26,500 - INFO - Rejected chunk_id 483: Too similar to original (56.1% overlap)
2026-08-06 02:30:28,400 - INFO - Rejected chunk_id 390: Too similar to original (30.2% overlap)
2026-08-06 02:30:31,779 - INFO - Rejected chunk_id 112: Too similar to original (42.4% overlap)
2026-08-06 02:30:36,600 - INFO - Rejected chunk_id 937: Too similar to original (60.3% overlap)
2026-08-06 02:30:40,710 - INFO - Rejected chunk_id 702: Too similar to original (35.4% overlap)
2026-08-06 02:30:42,151 - INFO - Rejected chunk_id 431: Too similar to original (50.9% overlap)
2026-08-06 02:30:43,940 - INFO - Rejected chunk_id 2675: Too similar to original (50.0% overlap)
2026-08-06 02:30:45,330 - INFO - Rejected chunk_id 43: Too similar to original (43.3% overlap)
2026-08-06 02:30:47,583 - INFO - Rejected chunk_id 2771: Contains 'Table'
2026-08-06 02:30:52,120 - INFO - Rejected chunk_id 721: Too similar to original (41.9% overlap)
2026-08-06 02:30:56,078 - INFO - Rejected chunk_id 911: Too similar to original (30.5% overlap)
2026-08-06 02:30:57,996 - INFO - Rejected chunk_id 217: Too similar to original (45.6% overlap)
2026-08-06 02:30:59,616 - INFO - Rejected chunk_id 182: Too similar to original (48.3% overlap)
2026-08-06 02:31:02,851 - INFO - Rejected chunk_id 534: Too similar to original (43.5% overlap)
2026-08-06 02:31:13,374 - INFO - Rejected chunk_id 127: Too similar to original (33.9% overlap)
2026-08-06 02:31:15,141 - INFO - Rejected chunk_id 1851: Too similar to original (44.6% overlap)
2026-08-06 02:31:17,085 - INFO - Rejected chunk_id 417: Too similar to original (52.5% overlap)
2026-08-06 02:31:23,377 - INFO - Rejected chunk_id 5639: Too similar to original (50.0% overlap)
2026-08-06 02:31:25,713 - INFO - Rejected chunk_id 178: Contains 'Figure'
2026-08-06 02:31:27,434 - INFO - Rejected chunk_id 5651: Too similar to original (39.3% overlap)
2026-08-06 02:31:28,772 - INFO - Rejected chunk_id 839: Too similar to original (41.0% overlap)
2026-08-06 02:31:30,917 - INFO - Rejected chunk_id 5201: Contains 'Table'
2026-08-06 02:31:32,324 - INFO - Rejected chunk_id 2056: Too similar to original (44.8% overlap)
2026-08-06 02:31:33,438 - INFO - Rejected chunk_id 1744: Too similar to original (34.0% overlap)
2026-08-06 02:31:34,827 - INFO - Rejected chunk_id 1141: Too similar to original (35.1% overlap)
2026-08-06 02:31:36,796 - INFO - Rejected chunk_id 2635: Too similar to original (41.2% overlap)
2026-08-06 02:31:38,472 - INFO - Rejected chunk_id 1227: Too similar to original (38.1% overlap)
2026-08-06 02:31:48,462 - INFO - Rejected chunk_id 1635: Too similar to original (42.6% overlap)
2026-08-06 02:31:51,284 - INFO - Rejected chunk_id 588: Too similar to original (45.2% overlap)
2026-08-06 02:31:53,425 - INFO - Rejected chunk_id 480: Contains 'Table'
2026-08-06 02:31:56,139 - INFO - Rejected chunk_id 1703: Too similar to original (48.1% overlap)
2026-08-06 02:31:57,983 - INFO - Rejected chunk_id 733: Contains 'Figure'
2026-08-06 02:31:59,544 - INFO - Rejected chunk_id 2472: Too similar to original (55.2% overlap)
2026-08-06 02:32:01,835 - INFO - Rejected chunk_id 2579: Too similar to original (44.6% overlap)
2026-08-06 02:32:03,940 - INFO - Rejected chunk_id 3860: Too similar to original (34.0% overlap)
2026-08-06 02:32:05,626 - INFO - Rejected chunk_id 3933: Too similar to original (34.7% overlap)
2026-08-06 02:32:09,744 - INFO - Rejected chunk_id 667: Too similar to original (49.3% overlap)
2026-08-06 02:32:12,208 - INFO - Rejected chunk_id 5708: Too similar to original (35.0% overlap)
2026-08-06 02:32:13,939 - INFO - Rejected chunk_id 1008: Too similar to original (39.1% overlap)
2026-08-06 02:32:18,301 - INFO - Rejected chunk_id 678: Too similar to original (39.7% overlap)
2026-08-06 02:32:21,045 - INFO - Rejected chunk_id 6834: Contains 'Table'
2026-08-06 02:32:22,785 - INFO - Rejected chunk_id 5201: Contains 'Table'
2026-08-06 02:32:24,641 - INFO - Rejected chunk_id 1692: Too similar to original (44.8% overlap)
2026-08-06 02:32:28,138 - INFO - Rejected chunk_id 700: Too similar to original (39.0% overlap)
2026-08-06 02:32:31,025 - INFO - Rejected chunk_id 83: Too similar to original (39.3% overlap)
2026-08-06 02:32:34,501 - INFO - Rejected chunk_id 1425: Too similar to original (46.4% overlap)
2026-08-06 02:32:36,112 - INFO - Rejected chunk_id 2790: Too similar to original (43.9% overlap)
2026-08-06 02:32:37,485 - INFO - Rejected chunk_id 684: Too similar to original (39.7% overlap)
2026-08-06 02:32:39,413 - INFO - Rejected chunk_id 1385: Too similar to original (46.5% overlap)
2026-08-06 02:32:41,734 - INFO - Rejected chunk_id 6873: Too similar to original (30.3% overlap)
2026-08-06 02:32:44,246 - INFO - Rejected chunk_id 213: Contains 'Table'
2026-08-06 02:32:47,629 - INFO - Rejected chunk_id 83: Too similar to original (48.1% overlap)
2026-08-06 02:32:56,083 - INFO - Rejected chunk_id 2009: Too similar to original (34.1% overlap)
2026-08-06 02:32:58,753 - INFO - Rejected chunk_id 867: Too similar to original (30.3% overlap)
2026-08-06 02:33:01,992 - INFO - Rejected chunk_id 47: Too similar to original (37.7% overlap)
2026-08-06 02:33:03,802 - INFO - Rejected chunk_id 190: Too similar to original (31.7% overlap)
2026-08-06 02:33:05,962 - INFO - Rejected chunk_id 504: Too similar to original (43.8% overlap)
2026-08-06 02:33:12,364 - INFO - Rejected chunk_id 43: Too similar to original (31.0% overlap)
2026-08-06 02:33:15,236 - INFO - Rejected chunk_id 175: Too similar to original (41.1% overlap)
2026-08-06 02:33:17,772 - INFO - Rejected chunk_id 6949: Contains 'Table'
2026-08-06 02:33:20,394 - INFO - Rejected chunk_id 2728: Too similar to original (37.5% overlap)
2026-08-06 02:33:22,137 - INFO - Rejected chunk_id 2521: Too similar to original (35.9% overlap)
2026-08-06 02:33:25,304 - INFO - Rejected chunk_id 65: Too similar to original (36.9% overlap)
2026-08-06 02:33:27,534 - INFO - Rejected chunk_id 714: Too similar to original (43.5% overlap)
2026-08-06 02:33:35,075 - INFO - Rejected chunk_id 4344: Contains 'Table'
2026-08-06 02:33:36,662 - INFO - Rejected chunk_id 587: Too similar to original (31.8% overlap)
2026-08-06 02:33:43,365 - INFO - Rejected chunk_id 5787: Contains 'Table'
2026-08-06 02:33:45,554 - INFO - Rejected chunk_id 2180: Contains repeated words
2026-08-06 02:33:48,420 - INFO - Rejected chunk_id 62: Too similar to original (41.9% overlap)
2026-08-06 02:33:52,040 - INFO - Rejected chunk_id 1522: Too similar to original (44.4% overlap)
2026-08-06 02:33:54,048 - INFO - Rejected chunk_id 995: Too similar to original (54.4% overlap)
2026-08-06 02:33:58,094 - INFO - Rejected chunk_id 179: Too similar to original (32.8% overlap)
2026-08-06 02:34:08,310 - INFO - Rejected chunk_id 993: Too similar to original (47.6% overlap)
2026-08-06 02:34:10,331 - INFO - Rejected chunk_id 1237: Too similar to original (56.1% overlap)
2026-08-06 02:34:13,464 - INFO - Rejected chunk_id 75: Too similar to original (46.7% overlap)
2026-08-06 02:34:16,761 - INFO - Rejected chunk_id 1444: Too similar to original (31.1% overlap)
2026-08-06 02:34:18,748 - INFO - Rejected chunk_id 2499: Too similar to original (44.6% overlap)
2026-08-06 02:34:25,532 - INFO - Rejected chunk_id 2918: Contains 'Table'
2026-08-06 02:34:27,057 - INFO - Rejected chunk_id 1671: Too similar to original (31.0% overlap)
2026-08-06 02:34:28,851 - INFO - Rejected chunk_id 76: Too similar to original (41.4% overlap)
2026-08-06 02:34:34,615 - INFO - Rejected chunk_id 2193: Too similar to original (46.4% overlap)
2026-08-06 02:34:36,269 - INFO - Rejected chunk_id 644: Too similar to original (39.6% overlap)
2026-08-06 02:34:38,310 - INFO - Rejected chunk_id 4490: Contains 'Table'
2026-08-06 02:34:42,412 - INFO - Rejected chunk_id 412: Too similar to original (54.5% overlap)
2026-08-06 02:34:44,283 - INFO - Rejected chunk_id 364: Too similar to original (47.1% overlap)
2026-08-06 02:34:45,753 - INFO - Rejected chunk_id 2632: Too similar to original (44.6% overlap)
2026-08-06 02:34:54,224 - INFO - Rejected chunk_id 158: Too similar to original (30.9% overlap)
2026-08-06 02:34:56,034 - INFO - Rejected chunk_id 1155: Too similar to original (50.8% overlap)
2026-08-06 02:34:57,883 - INFO - Rejected chunk_id 156: Too similar to original (40.6% overlap)
2026-08-06 02:35:02,382 - INFO - Rejected chunk_id 1754: Contains 'Table'
2026-08-06 02:35:04,357 - INFO - Rejected chunk_id 429: Too similar to original (43.9% overlap)
2026-08-06 02:35:06,645 - INFO - Rejected chunk_id 321: Too similar to original (41.8% overlap)
2026-08-06 02:35:08,327 - INFO - Rejected chunk_id 21: Too similar to original (57.6% overlap)
2026-08-06 02:35:10,481 - INFO - Rejected chunk_id 448: Too similar to original (50.8% overlap)
2026-08-06 02:35:13,148 - INFO - Rejected chunk_id 19: Contains 'Figure'
2026-08-06 02:35:15,481 - INFO - Rejected chunk_id 429: Too similar to original (42.6% overlap)
2026-08-06 02:35:17,515 - INFO - Rejected chunk_id 689: Too similar to original (32.8% overlap)
2026-08-06 02:35:21,412 - INFO - Rejected chunk_id 346: Too similar to original (41.3% overlap)
2026-08-06 02:35:23,534 - INFO - Rejected chunk_id 2205: Too similar to original (37.5% overlap)
2026-08-06 02:35:26,986 - INFO - Rejected chunk_id 1280: Too similar to original (42.7% overlap)
2026-08-06 02:35:28,735 - INFO - Rejected chunk_id 2937: Too similar to original (55.1% overlap)
2026-08-06 02:35:30,874 - INFO - Rejected chunk_id 2256: Too similar to original (50.0% overlap)
2026-08-06 02:35:32,556 - INFO - Rejected chunk_id 26: Too similar to original (36.5% overlap)
2026-08-06 02:35:34,038 - INFO - Rejected chunk_id 485: Too similar to original (41.0% overlap)
2026-08-06 02:35:37,092 - INFO - Rejected chunk_id 2644: Too similar to original (33.9% overlap)
2026-08-06 02:35:38,835 - INFO - Rejected chunk_id 994: Too similar to original (53.2% overlap)
2026-08-06 02:35:41,119 - INFO - Rejected chunk_id 195: Too similar to original (48.4% overlap)
2026-08-06 02:35:42,972 - INFO - Rejected chunk_id 884: Too similar to original (54.0% overlap)
2026-08-06 02:35:48,263 - INFO - Rejected chunk_id 914: Too similar to original (38.7% overlap)
2026-08-06 02:35:49,695 - INFO - Rejected chunk_id 608: Too similar to original (38.2% overlap)
2026-08-06 02:35:54,442 - INFO - Rejected chunk_id 3270: Too similar to original (35.2% overlap)
2026-08-06 02:36:02,401 - INFO - Rejected chunk_id 19: Too similar to original (35.5% overlap)
2026-08-06 02:36:05,987 - INFO - Rejected chunk_id 1543: Too similar to original (52.9% overlap)
2026-08-06 02:36:10,917 - INFO - Rejected chunk_id 373: Too similar to original (44.4% overlap)
2026-08-06 02:36:14,457 - INFO - Rejected chunk_id 1907: Too similar to original (66.7% overlap)
2026-08-06 02:36:17,055 - INFO - Rejected chunk_id 669: Too similar to original (37.8% overlap)
2026-08-06 02:36:18,712 - INFO - Rejected chunk_id 7665: Contains 'Table'
2026-08-06 02:36:20,606 - INFO - Rejected chunk_id 3301: Too similar to original (33.3% overlap)
2026-08-06 02:36:27,405 - INFO - Rejected chunk_id 239: Too similar to original (31.6% overlap)
2026-08-06 02:36:33,233 - INFO - Rejected chunk_id 3224: Too similar to original (55.7% overlap)
2026-08-06 02:36:36,246 - INFO - Rejected chunk_id 6913: Contains 'Table'
2026-08-06 02:36:38,270 - INFO - Rejected chunk_id 207: Too similar to original (41.7% overlap)
2026-08-06 02:36:40,171 - INFO - Rejected chunk_id 3259: Contains 'Table'
2026-08-06 02:36:42,794 - INFO - Rejected chunk_id 1869: Too similar to original (31.7% overlap)
2026-08-06 02:36:45,355 - INFO - Rejected chunk_id 499: Too similar to original (43.1% overlap)
2026-08-06 02:36:47,199 - INFO - Rejected chunk_id 3907: Too similar to original (36.5% overlap)
2026-08-06 02:36:49,524 - INFO - Rejected chunk_id 818: Too similar to original (43.8% overlap)
2026-08-06 02:36:54,866 - INFO - Rejected chunk_id 1756: Too similar to original (45.8% overlap)
2026-08-06 02:36:57,038 - INFO - Rejected chunk_id 73: Too similar to original (39.7% overlap)
2026-08-06 02:37:03,938 - INFO - Rejected chunk_id 1367: Too similar to original (39.1% overlap)
2026-08-06 02:37:05,332 - INFO - Rejected chunk_id 1327: Too similar to original (42.9% overlap)
2026-08-06 02:37:07,158 - INFO - Rejected chunk_id 466: Too similar to original (30.9% overlap)
2026-08-06 02:37:23,240 - INFO - Rejected chunk_id 668: Too similar to original (36.1% overlap)
2026-08-06 02:37:25,386 - INFO - Rejected chunk_id 120: Too similar to original (42.6% overlap)
2026-08-06 02:37:27,265 - INFO - Rejected chunk_id 93: Too similar to original (36.1% overlap)
2026-08-06 02:37:29,276 - INFO - Rejected chunk_id 2675: Too similar to original (42.4% overlap)
2026-08-06 02:37:30,890 - INFO - Rejected chunk_id 811: Too similar to original (40.3% overlap)
2026-08-06 02:37:33,171 - INFO - Rejected chunk_id 1714: Too similar to original (35.3% overlap)
2026-08-06 02:37:34,816 - INFO - Rejected chunk_id 2349: Too similar to original (36.7% overlap)
2026-08-06 02:37:36,715 - INFO - Rejected chunk_id 2170: Too similar to original (42.7% overlap)
2026-08-06 02:37:39,582 - INFO - Rejected chunk_id 89: Too similar to original (50.0% overlap)
2026-08-06 02:37:43,571 - INFO - Rejected chunk_id 408: Too similar to original (30.6% overlap)
2026-08-06 02:37:45,424 - INFO - Rejected chunk_id 5205: Too similar to original (31.5% overlap)
2026-08-06 02:37:47,262 - INFO - Rejected chunk_id 2232: Too similar to original (35.2% overlap)
2026-08-06 02:37:49,116 - INFO - Rejected chunk_id 925: Too similar to original (69.4% overlap)
2026-08-06 02:37:54,070 - INFO - Rejected chunk_id 2: Too similar to original (37.9% overlap)
2026-08-06 02:37:55,831 - INFO - Rejected chunk_id 580: Too similar to original (33.3% overlap)
2026-08-06 02:37:59,468 - INFO - Rejected chunk_id 2166: Too similar to original (33.9% overlap)
2026-08-06 02:38:02,104 - INFO - Rejected chunk_id 488: Too similar to original (34.8% overlap)
2026-08-06 02:38:03,725 - INFO - Rejected chunk_id 358: Too similar to original (41.8% overlap)
2026-08-06 02:38:05,501 - INFO - Rejected chunk_id 1557: Contains 'Figure'
2026-08-06 02:38:07,145 - INFO - Rejected chunk_id 83: Too similar to original (59.3% overlap)
2026-08-06 02:38:09,847 - INFO - Rejected chunk_id 453: Contains 'Figure'
2026-08-06 02:38:12,460 - INFO - Rejected chunk_id 6847: Contains 'Table'
2026-08-06 02:38:14,310 - INFO - Rejected chunk_id 1274: Too similar to original (40.9% overlap)
2026-08-06 02:38:16,516 - INFO - Rejected chunk_id 67: Too similar to original (44.1% overlap)
2026-08-06 02:38:17,680 - INFO - Rejected chunk_id 2211: Too similar to original (38.6% overlap)
2026-08-06 02:38:19,009 - INFO - Rejected chunk_id 729: Too similar to original (41.2% overlap)
2026-08-06 02:38:20,951 - INFO - Rejected chunk_id 1979: Too similar to original (48.0% overlap)
2026-08-06 02:38:23,291 - INFO - Rejected chunk_id 5641: Too similar to original (59.7% overlap)
2026-08-06 02:38:26,343 - INFO - Rejected chunk_id 980: Contains 'Table'
2026-08-06 02:38:31,191 - INFO - Rejected chunk_id 4554: Contains 'Table'
2026-08-06 02:38:36,267 - INFO - Rejected chunk_id 12: Too similar to original (37.5% overlap)
2026-08-06 02:38:41,662 - INFO - Rejected chunk_id 2697: Too similar to original (50.0% overlap)
2026-08-06 02:38:43,011 - INFO - Rejected chunk_id 2150: Too similar to original (53.8% overlap)
2026-08-06 02:38:44,394 - INFO - Rejected chunk_id 12: Too similar to original (34.6% overlap)
2026-08-06 02:38:47,407 - INFO - Rejected chunk_id 40: Too similar to original (41.4% overlap)
2026-08-06 02:38:48,748 - INFO - Rejected chunk_id 2003: Too similar to original (31.7% overlap)
2026-08-06 02:38:50,842 - INFO - Rejected chunk_id 4506: Too similar to original (35.7% overlap)
2026-08-06 02:38:52,543 - INFO - Rejected chunk_id 633: Too similar to original (42.6% overlap)
2026-08-06 02:38:54,599 - INFO - Rejected chunk_id 2021: Contains 'Table'
2026-08-06 02:38:58,775 - INFO - Rejected chunk_id 281: Too similar to original (34.6% overlap)
2026-08-06 02:39:00,211 - INFO - Rejected chunk_id 7402: Contains 'Table'
2026-08-06 02:39:02,474 - INFO - Rejected chunk_id 878: Too similar to original (38.5% overlap)
2026-08-06 02:39:04,410 - INFO - Rejected chunk_id 5904: Contains 'Figure'
2026-08-06 02:39:08,080 - INFO - Rejected chunk_id 187: Too similar to original (39.0% overlap)
2026-08-06 02:39:10,215 - INFO - Rejected chunk_id 171: Too similar to original (34.9% overlap)
2026-08-06 02:39:11,750 - INFO - Rejected chunk_id 2331: Too similar to original (41.9% overlap)
2026-08-06 02:39:13,586 - INFO - Rejected chunk_id 679: Too similar to original (47.3% overlap)
2026-08-06 02:39:15,356 - INFO - Rejected chunk_id 129: Too similar to original (31.2% overlap)
2026-08-06 02:39:17,297 - INFO - Rejected chunk_id 5232: Contains 'Table'
2026-08-06 02:39:21,423 - INFO - Rejected chunk_id 6721: Contains 'Table'
2026-08-06 02:39:24,309 - INFO - Rejected chunk_id 2235: Too similar to original (52.7% overlap)
2026-08-06 02:39:25,737 - INFO - Rejected chunk_id 2963: Too similar to original (55.4% overlap)
2026-08-06 02:39:27,540 - INFO - Rejected chunk_id 2700: Too similar to original (35.1% overlap)
2026-08-06 02:39:29,261 - INFO - Rejected chunk_id 145: Too similar to original (35.4% overlap)
2026-08-06 02:39:32,983 - INFO - Rejected chunk_id 434: Too similar to original (42.3% overlap)
2026-08-06 02:39:34,788 - INFO - Rejected chunk_id 2110: Too similar to original (41.7% overlap)
2026-08-06 02:39:38,880 - INFO - Rejected chunk_id 276: Too similar to original (34.4% overlap)
2026-08-06 02:39:42,036 - INFO - Rejected chunk_id 6: Too similar to original (55.1% overlap)
2026-08-06 02:39:43,720 - INFO - Rejected chunk_id 2320: Too similar to original (37.5% overlap)
2026-08-06 02:39:48,103 - INFO - Rejected chunk_id 1520: Too similar to original (56.0% overlap)
2026-08-06 02:39:49,521 - INFO - Rejected chunk_id 519: Too similar to original (33.9% overlap)
2026-08-06 02:39:54,592 - INFO - Rejected chunk_id 1416: Too similar to original (50.0% overlap)
2026-08-06 02:39:58,891 - INFO - Rejected chunk_id 1858: Too similar to original (33.3% overlap)
2026-08-06 02:40:00,334 - INFO - Rejected chunk_id 2141: Too similar to original (43.1% overlap)
2026-08-06 02:40:02,192 - INFO - Rejected chunk_id 2197: Too similar to original (34.4% overlap)
2026-08-06 02:40:05,739 - INFO - Rejected chunk_id 1811: Too similar to original (31.2% overlap)
2026-08-06 02:40:07,042 - INFO - Rejected chunk_id 76: Too similar to original (43.9% overlap)
2026-08-06 02:40:11,635 - INFO - Rejected chunk_id 708: Too similar to original (35.6% overlap)
2026-08-06 02:40:13,762 - INFO - Rejected chunk_id 1654: Too similar to original (45.7% overlap)
2026-08-06 02:40:18,788 - INFO - Rejected chunk_id 6702: Contains 'Figure'
2026-08-06 02:40:20,739 - INFO - Rejected chunk_id 757: Too similar to original (41.3% overlap)
2026-08-06 02:40:22,336 - INFO - Rejected chunk_id 2173: Too similar to original (34.5% overlap)
2026-08-06 02:40:25,429 - INFO - Rejected chunk_id 1679: Too similar to original (47.0% overlap)
2026-08-06 02:40:27,498 - INFO - Rejected chunk_id 4449: Contains 'Figure'
2026-08-06 02:40:33,067 - INFO - Rejected chunk_id 3735: Contains 'Table'
2026-08-06 02:40:36,297 - INFO - Rejected chunk_id 716: Too similar to original (44.8% overlap)
2026-08-06 02:40:38,136 - INFO - Rejected chunk_id 2660: Too similar to original (33.3% overlap)
2026-08-06 02:40:40,484 - INFO - Rejected chunk_id 471: Too similar to original (39.3% overlap)
2026-08-06 02:40:42,182 - INFO - Rejected chunk_id 3633: Contains 'Table'
2026-08-06 02:40:44,772 - INFO - Rejected chunk_id 3325: Contains 'Table'
2026-08-06 02:40:46,721 - INFO - Rejected chunk_id 478: Too similar to original (64.3% overlap)
2026-08-06 02:40:48,458 - INFO - Rejected chunk_id 360: Too similar to original (30.4% overlap)
2026-08-06 02:40:52,719 - INFO - Rejected chunk_id 2156: Too similar to original (36.5% overlap)
2026-08-06 02:40:56,947 - INFO - Rejected chunk_id 164: Too similar to original (36.6% overlap)
2026-08-06 02:40:58,226 - INFO - Rejected chunk_id 1259: Too similar to original (52.7% overlap)
2026-08-06 02:40:59,494 - INFO - Rejected chunk_id 30: Too similar to original (51.1% overlap)
2026-08-06 02:41:02,964 - INFO - Rejected chunk_id 923: Contains 'Table'
2026-08-06 02:41:05,963 - INFO - Rejected chunk_id 2608: Contains 'Table'
2026-08-06 02:41:12,132 - INFO - Rejected chunk_id 424: Too similar to original (37.3% overlap)
2026-08-06 02:41:14,400 - INFO - Rejected chunk_id 221: Too similar to original (57.4% overlap)
2026-08-06 02:41:16,126 - INFO - Rejected chunk_id 6386: Contains 'Table'
2026-08-06 02:41:19,167 - INFO - Rejected chunk_id 3210: Too similar to original (33.3% overlap)
2026-08-06 02:41:21,429 - INFO - Rejected chunk_id 97: Too similar to original (38.6% overlap)
2026-08-06 02:41:25,137 - INFO - Rejected chunk_id 1157: Too similar to original (39.1% overlap)
2026-08-06 02:41:27,161 - INFO - Rejected chunk_id 515: Too similar to original (36.5% overlap)
2026-08-06 02:41:30,599 - INFO - Rejected chunk_id 2506: Too similar to original (39.3% overlap)
2026-08-06 02:41:32,385 - INFO - Rejected chunk_id 1556: Contains 'Figure'
2026-08-06 02:41:36,879 - INFO - Rejected chunk_id 2590: Too similar to original (51.7% overlap)
2026-08-06 02:41:40,699 - INFO - Rejected chunk_id 503: Too similar to original (39.1% overlap)
2026-08-06 02:41:44,713 - INFO - Rejected chunk_id 30: Contains 'Figure'
2026-08-06 02:41:47,347 - INFO - Rejected chunk_id 339: Too similar to original (51.0% overlap)
2026-08-06 02:41:50,852 - INFO - Rejected chunk_id 943: Too similar to original (47.6% overlap)
2026-08-06 02:41:55,711 - INFO - Rejected chunk_id 19: Too similar to original (42.9% overlap)
2026-08-06 02:41:57,435 - INFO - Rejected chunk_id 2353: Too similar to original (43.1% overlap)
2026-08-06 02:41:58,987 - INFO - Rejected chunk_id 7305: Too similar to original (43.1% overlap)
2026-08-06 02:42:00,571 - INFO - Rejected chunk_id 552: Too similar to original (42.4% overlap)
2026-08-06 02:42:02,899 - INFO - Rejected chunk_id 187: Too similar to original (34.3% overlap)
2026-08-06 02:42:09,338 - INFO - Rejected chunk_id 1207: Too similar to original (45.3% overlap)
2026-08-06 02:42:12,772 - INFO - Rejected chunk_id 2599: Too similar to original (38.2% overlap)
2026-08-06 02:42:23,599 - INFO - Rejected chunk_id 495: Too similar to original (36.2% overlap)
2026-08-06 02:42:25,179 - INFO - Rejected chunk_id 1090: Too similar to original (43.5% overlap)
2026-08-06 02:42:27,014 - INFO - Rejected chunk_id 954: Too similar to original (50.8% overlap)
2026-08-06 02:42:29,321 - INFO - Rejected chunk_id 2665: Too similar to original (41.7% overlap)
2026-08-06 02:42:31,035 - INFO - Rejected chunk_id 437: Too similar to original (44.8% overlap)
2026-08-06 02:42:36,594 - INFO - Rejected chunk_id 296: Too similar to original (45.5% overlap)
2026-08-06 02:42:44,167 - INFO - Rejected chunk_id 3921: Contains 'Figure'
2026-08-06 02:42:45,968 - INFO - Rejected chunk_id 5618: Too similar to original (38.0% overlap)
2026-08-06 02:42:47,533 - INFO - Rejected chunk_id 916: Contains 'Table'
2026-08-06 02:42:50,116 - INFO - Rejected chunk_id 7436: Contains 'Table'
2026-08-06 02:42:55,112 - INFO - Rejected chunk_id 1209: Too similar to original (41.5% overlap)
2026-08-06 02:42:57,265 - INFO - Rejected chunk_id 300: Too similar to original (58.3% overlap)
2026-08-06 02:43:00,787 - INFO - Rejected chunk_id 904: Too similar to original (65.6% overlap)
2026-08-06 02:43:04,931 - INFO - Rejected chunk_id 254: Too similar to original (35.1% overlap)
2026-08-06 02:43:06,472 - INFO - Rejected chunk_id 4440: Contains 'Table'
2026-08-06 02:43:07,777 - INFO - Rejected chunk_id 1087: Too similar to original (40.7% overlap)
2026-08-06 02:43:09,205 - INFO - Rejected chunk_id 1070: Too similar to original (35.7% overlap)
2026-08-06 02:43:14,140 - INFO - Rejected chunk_id 2083: Too similar to original (45.1% overlap)
2026-08-06 02:43:16,081 - INFO - Rejected chunk_id 941: Too similar to original (30.1% overlap)
2026-08-06 02:43:18,861 - INFO - Rejected chunk_id 2514: Too similar to original (57.8% overlap)
2026-08-06 02:43:26,867 - INFO - Rejected chunk_id 2266: Too similar to original (45.6% overlap)
2026-08-06 02:43:31,983 - INFO - Rejected chunk_id 1623: Contains 'Table'
2026-08-06 02:43:35,798 - INFO - Rejected chunk_id 5618: Too similar to original (44.4% overlap)
2026-08-06 02:43:37,917 - INFO - Rejected chunk_id 1839: Contains 'Table'
2026-08-06 02:43:40,108 - INFO - Rejected chunk_id 3211: Too similar to original (38.9% overlap)
2026-08-06 02:43:42,317 - INFO - Rejected chunk_id 1870: Too similar to original (37.1% overlap)
2026-08-06 02:43:44,557 - INFO - Rejected chunk_id 2694: Too similar to original (47.5% overlap)
2026-08-06 02:43:49,829 - INFO - Rejected chunk_id 2803: Too similar to original (40.5% overlap)
2026-08-06 02:43:52,280 - INFO - Rejected chunk_id 2390: Too similar to original (55.2% overlap)
2026-08-06 02:43:55,393 - INFO - Rejected chunk_id 434: Too similar to original (61.5% overlap)
2026-08-06 02:43:57,175 - INFO - Rejected chunk_id 82: Too similar to original (35.8% overlap)
2026-08-06 02:44:00,672 - INFO - Rejected chunk_id 5151: Too similar to original (38.3% overlap)
2026-08-06 02:44:05,457 - INFO - Rejected chunk_id 333: Too similar to original (41.8% overlap)
2026-08-06 02:44:07,768 - INFO - Rejected chunk_id 821: Too similar to original (52.5% overlap)
2026-08-06 02:44:09,160 - INFO - Rejected chunk_id 1338: Too similar to original (44.8% overlap)
2026-08-06 02:44:11,344 - INFO - Rejected chunk_id 997: Too similar to original (50.8% overlap)
2026-08-06 02:44:13,294 - INFO - Rejected chunk_id 90: Too similar to original (30.9% overlap)
2026-08-06 02:44:15,488 - INFO - Rejected chunk_id 213: Too similar to original (42.4% overlap)
2026-08-06 02:44:17,755 - INFO - Rejected chunk_id 2178: Contains 'Table'
2026-08-06 02:44:20,445 - INFO - Rejected chunk_id 29: Too similar to original (37.5% overlap)
2026-08-06 02:44:23,190 - INFO - Rejected chunk_id 365: Too similar to original (30.6% overlap)
2026-08-06 02:44:25,180 - INFO - Rejected chunk_id 223: Too similar to original (35.8% overlap)
2026-08-06 02:44:29,808 - INFO - Rejected chunk_id 409: Too similar to original (38.7% overlap)
2026-08-06 02:44:36,780 - INFO - Rejected chunk_id 2717: Too similar to original (37.3% overlap)
2026-08-06 02:44:39,254 - INFO - Rejected chunk_id 6015: Contains 'Table'
2026-08-06 02:44:41,078 - INFO - Rejected chunk_id 2063: Too similar to original (30.2% overlap)
2026-08-06 02:44:56,888 - INFO - Rejected chunk_id 131: Too similar to original (35.5% overlap)
2026-08-06 02:44:58,621 - INFO - Rejected chunk_id 401: Too similar to original (57.8% overlap)
2026-08-06 02:45:01,972 - INFO - Rejected chunk_id 523: Too similar to original (33.3% overlap)
2026-08-06 02:45:03,924 - INFO - Rejected chunk_id 2161: Too similar to original (44.4% overlap)
2026-08-06 02:45:05,165 - INFO - Rejected chunk_id 634: Too similar to original (41.1% overlap)
2026-08-06 02:45:07,135 - INFO - Rejected chunk_id 660: Too similar to original (40.6% overlap)
2026-08-06 02:45:10,729 - INFO - Rejected chunk_id 57: Too similar to original (49.2% overlap)
2026-08-06 02:45:13,028 - INFO - Rejected chunk_id 7335: Too similar to original (37.3% overlap)
2026-08-06 02:45:14,605 - INFO - Rejected chunk_id 2595: Contains 'Table'
2026-08-06 02:45:15,670 - INFO - Rejected chunk_id 63: Too similar to original (30.2% overlap)
2026-08-06 02:45:17,951 - INFO - Rejected chunk_id 38: Too similar to original (34.7% overlap)
2026-08-06 02:45:20,977 - INFO - Rejected chunk_id 2590: Too similar to original (42.3% overlap)
2026-08-06 02:45:28,393 - INFO - Rejected chunk_id 882: Too similar to original (38.1% overlap)
2026-08-06 02:45:33,982 - INFO - Rejected chunk_id 1063: Too similar to original (47.2% overlap)
2026-08-06 02:45:41,638 - INFO - Rejected chunk_id 425: Too similar to original (49.1% overlap)
2026-08-06 02:45:45,224 - INFO - Rejected chunk_id 59: Too similar to original (37.1% overlap)
2026-08-06 02:45:46,910 - INFO - Rejected chunk_id 864: Too similar to original (39.4% overlap)
2026-08-06 02:45:48,763 - INFO - Rejected chunk_id 171: Too similar to original (35.4% overlap)
2026-08-06 02:45:53,213 - INFO - Rejected chunk_id 151: Too similar to original (40.7% overlap)
2026-08-06 02:45:58,063 - INFO - Rejected chunk_id 7449: Too similar to original (31.8% overlap)
2026-08-06 02:45:59,785 - INFO - Rejected chunk_id 154: Too similar to original (35.2% overlap)
2026-08-06 02:46:02,276 - INFO - Rejected chunk_id 567: Too similar to original (41.7% overlap)
2026-08-06 02:46:06,380 - INFO - Rejected chunk_id 2430: Too similar to original (38.2% overlap)
2026-08-06 02:46:08,067 - INFO - Rejected chunk_id 1620: Too similar to original (35.8% overlap)
2026-08-06 02:46:10,980 - INFO - Rejected chunk_id 239: Too similar to original (58.7% overlap)
2026-08-06 02:46:15,113 - INFO - Rejected chunk_id 639: Too similar to original (41.8% overlap)
2026-08-06 02:46:17,032 - INFO - Rejected chunk_id 6812: Too similar to original (41.0% overlap)
2026-08-06 02:46:24,702 - INFO - Rejected chunk_id 929: Too similar to original (56.2% overlap)
2026-08-06 02:46:25,873 - INFO - Rejected chunk_id 327: Too similar to original (48.9% overlap)
2026-08-06 02:46:29,265 - INFO - Rejected chunk_id 2882: Too similar to original (45.2% overlap)
2026-08-06 02:46:31,364 - INFO - Rejected chunk_id 2938: Too similar to original (40.0% overlap)
2026-08-06 02:46:33,739 - INFO - Rejected chunk_id 1034: Too similar to original (47.0% overlap)
2026-08-06 02:46:35,903 - INFO - Rejected chunk_id 1720: Too similar to original (55.7% overlap)
2026-08-06 02:46:37,954 - INFO - Rejected chunk_id 3259: Contains 'Table'
2026-08-06 02:46:40,654 - INFO - Rejected chunk_id 283: Too similar to original (34.0% overlap)
2026-08-06 02:46:44,117 - INFO - Rejected chunk_id 4384: Too similar to original (41.0% overlap)
2026-08-06 02:46:46,342 - INFO - Rejected chunk_id 2572: Too similar to original (58.1% overlap)
2026-08-06 02:46:48,140 - INFO - Rejected chunk_id 415: Contains 'Figure'
2026-08-06 02:46:49,613 - INFO - Rejected chunk_id 46: Too similar to original (44.1% overlap)
2026-08-06 02:46:51,257 - INFO - Rejected chunk_id 1056: Contains 'Table'
2026-08-06 02:46:58,256 - INFO - Rejected chunk_id 145: Too similar to original (42.6% overlap)
2026-08-06 02:46:59,831 - INFO - Rejected chunk_id 818: Too similar to original (31.7% overlap)
2026-08-06 02:47:01,723 - INFO - Rejected chunk_id 1561: Too similar to original (36.2% overlap)
2026-08-06 02:47:07,590 - INFO - Rejected chunk_id 465: Too similar to original (35.0% overlap)
2026-08-06 02:47:15,520 - INFO - Rejected chunk_id 1228: Too similar to original (54.2% overlap)
2026-08-06 02:47:17,419 - INFO - Rejected chunk_id 154: Too similar to original (40.5% overlap)
2026-08-06 02:47:20,400 - INFO - Rejected chunk_id 2031: Too similar to original (42.6% overlap)
2026-08-06 02:47:28,347 - INFO - Rejected chunk_id 1961: Too similar to original (31.3% overlap)
2026-08-06 02:47:31,407 - INFO - Rejected chunk_id 4478: Contains 'Table'
2026-08-06 02:47:32,818 - INFO - Rejected chunk_id 4455: Contains 'Table'
2026-08-06 02:47:34,656 - INFO - Rejected chunk_id 814: Too similar to original (40.9% overlap)
2026-08-06 02:47:37,802 - INFO - Rejected chunk_id 3093: Contains 'Table'
2026-08-06 02:47:45,018 - INFO - Rejected chunk_id 474: Too similar to original (44.4% overlap)
2026-08-06 02:47:55,830 - INFO - Rejected chunk_id 7252: Contains 'Table'
2026-08-06 02:47:58,631 - INFO - Rejected chunk_id 1066: Too similar to original (35.7% overlap)
2026-08-06 02:48:02,504 - INFO - Rejected chunk_id 1434: Too similar to original (32.2% overlap)
2026-08-06 02:48:09,065 - INFO - Rejected chunk_id 2903: Too similar to original (44.1% overlap)
2026-08-06 02:48:11,415 - INFO - Rejected chunk_id 2814: Too similar to original (38.2% overlap)
2026-08-06 02:48:14,036 - INFO - Rejected chunk_id 167: Contains 'Table'
2026-08-06 02:48:17,188 - INFO - Rejected chunk_id 2976: Too similar to original (63.6% overlap)
2026-08-06 02:48:18,831 - INFO - Rejected chunk_id 6764: Too similar to original (36.5% overlap)
2026-08-06 02:48:20,201 - INFO - Rejected chunk_id 445: Too similar to original (38.8% overlap)
2026-08-06 02:48:23,313 - INFO - Rejected chunk_id 901: Too similar to original (31.2% overlap)
2026-08-06 02:48:24,888 - INFO - Rejected chunk_id 193: Too similar to original (30.4% overlap)
2026-08-06 02:48:26,063 - INFO - Rejected chunk_id 58: Too similar to original (30.6% overlap)
2026-08-06 02:48:29,494 - INFO - Rejected chunk_id 1730: Too similar to original (39.4% overlap)
2026-08-06 02:48:34,634 - INFO - Rejected chunk_id 364: Too similar to original (49.1% overlap)
2026-08-06 02:48:40,832 - INFO - Rejected chunk_id 288: Too similar to original (47.7% overlap)
2026-08-06 02:48:41,988 - INFO - Rejected chunk_id 1218: Too similar to original (39.6% overlap)
2026-08-06 02:48:44,663 - INFO - Rejected chunk_id 2859: Too similar to original (53.6% overlap)
2026-08-06 02:48:46,917 - INFO - Rejected chunk_id 2879: Too similar to original (50.8% overlap)
2026-08-06 02:48:48,665 - INFO - Rejected chunk_id 2498: Too similar to original (38.3% overlap)
2026-08-06 02:48:51,203 - INFO - Rejected chunk_id 4320: Contains 'Table'
2026-08-06 02:48:53,495 - INFO - Rejected chunk_id 1147: Too similar to original (53.7% overlap)
2026-08-06 02:48:57,602 - INFO - Rejected chunk_id 7184: Too similar to original (34.5% overlap)
2026-08-06 02:49:02,446 - INFO - Rejected chunk_id 400: Too similar to original (36.8% overlap)
2026-08-06 02:49:04,558 - INFO - Rejected chunk_id 150: Too similar to original (32.9% overlap)
2026-08-06 02:49:07,718 - INFO - Rejected chunk_id 2305: Too similar to original (42.3% overlap)
2026-08-06 02:49:13,519 - INFO - Rejected chunk_id 296: Too similar to original (31.0% overlap)
2026-08-06 02:49:15,191 - INFO - Rejected chunk_id 2942: Too similar to original (35.7% overlap)
2026-08-06 02:49:17,816 - INFO - Rejected chunk_id 2128: Too similar to original (43.1% overlap)
2026-08-06 02:49:20,185 - INFO - Rejected chunk_id 589: Too similar to original (33.9% overlap)
2026-08-06 02:49:21,918 - INFO - Rejected chunk_id 2216: Too similar to original (43.1% overlap)
2026-08-06 02:49:24,170 - INFO - Rejected chunk_id 5909: Too similar to original (45.9% overlap)
2026-08-06 02:49:30,231 - INFO - Rejected chunk_id 69: Too similar to original (39.0% overlap)
2026-08-06 02:49:34,093 - INFO - Rejected chunk_id 96: Too similar to original (37.1% overlap)
2026-08-06 02:49:38,396 - INFO - Rejected chunk_id 5262: Contains 'Table'
2026-08-06 02:49:40,490 - INFO - Rejected chunk_id 360: Too similar to original (50.8% overlap)
2026-08-06 02:49:44,211 - INFO - Rejected chunk_id 1041: Too similar to original (35.4% overlap)
2026-08-06 02:49:50,806 - INFO - Rejected chunk_id 2217: Too similar to original (36.8% overlap)
2026-08-06 02:50:05,473 - INFO - Rejected chunk_id 339: Too similar to original (37.7% overlap)
2026-08-06 02:50:08,849 - INFO - Rejected chunk_id 2842: Too similar to original (40.6% overlap)
2026-08-06 02:50:12,671 - INFO - Rejected chunk_id 739: Too similar to original (34.8% overlap)
2026-08-06 02:50:17,858 - INFO - Rejected chunk_id 260: Too similar to original (46.0% overlap)
2026-08-06 02:50:19,870 - INFO - Rejected chunk_id 625: Too similar to original (45.5% overlap)
2026-08-06 02:50:31,960 - INFO - Rejected chunk_id 6705: Contains 'Figure'
2026-08-06 02:50:33,856 - INFO - Rejected chunk_id 41: Too similar to original (39.0% overlap)
2026-08-06 02:50:37,934 - INFO - Rejected chunk_id 444: Too similar to original (38.4% overlap)
2026-08-06 02:50:40,314 - INFO - Rejected chunk_id 1037: Too similar to original (32.8% overlap)
2026-08-06 02:50:45,122 - INFO - Rejected chunk_id 2301: Too similar to original (44.8% overlap)
2026-08-06 02:50:48,702 - INFO - Rejected chunk_id 262: Contains 'Figure'
2026-08-06 02:50:50,699 - INFO - Rejected chunk_id 6829: Contains 'Table'
2026-08-06 02:50:54,346 - INFO - Rejected chunk_id 2350: Too similar to original (46.2% overlap)
2026-08-06 02:50:57,544 - INFO - Rejected chunk_id 1874: Too similar to original (56.2% overlap)
2026-08-06 02:50:59,829 - INFO - Rejected chunk_id 253: Contains 'Figure'
2026-08-06 02:51:02,235 - INFO - Rejected chunk_id 2594: Too similar to original (53.0% overlap)
2026-08-06 02:51:06,053 - INFO - Rejected chunk_id 415: Too similar to original (34.8% overlap)
2026-08-06 02:51:07,496 - INFO - Rejected chunk_id 161: Too similar to original (50.9% overlap)
2026-08-06 02:51:09,230 - INFO - Rejected chunk_id 1923: Too similar to original (37.3% overlap)
2026-08-06 02:51:11,021 - INFO - Rejected chunk_id 123: Too similar to original (35.3% overlap)
2026-08-06 02:51:12,278 - INFO - Rejected chunk_id 65: Too similar to original (40.0% overlap)
2026-08-06 02:51:13,802 - INFO - Rejected chunk_id 578: Too similar to original (30.9% overlap)
2026-08-06 02:51:16,603 - INFO - Rejected chunk_id 3232: Contains 'Table'
2026-08-06 02:51:18,396 - INFO - Rejected chunk_id 953: Contains 'Table'
2026-08-06 02:51:20,099 - INFO - Rejected chunk_id 920: Contains 'Table'
2026-08-06 02:51:22,063 - INFO - Rejected chunk_id 1644: Contains 'Table'
2026-08-06 02:51:23,626 - INFO - Rejected chunk_id 160: Too similar to original (41.8% overlap)
2026-08-06 02:51:25,219 - INFO - Rejected chunk_id 903: Contains 'Table'
2026-08-06 02:51:27,021 - INFO - Rejected chunk_id 4466: Contains 'Table'
2026-08-06 02:51:28,781 - INFO - Rejected chunk_id 208: Too similar to original (39.7% overlap)
2026-08-06 02:51:31,500 - INFO - Rejected chunk_id 338: Too similar to original (40.7% overlap)
2026-08-06 02:51:33,427 - INFO - Rejected chunk_id 296: Too similar to original (36.2% overlap)
2026-08-06 02:51:35,091 - INFO - Rejected chunk_id 588: Contains 'Table'
2026-08-06 02:51:36,196 - INFO - Rejected chunk_id 2547: Too similar to original (34.8% overlap)
2026-08-06 02:51:41,998 - INFO - Rejected chunk_id 989: Too similar to original (37.8% overlap)
2026-08-06 02:51:46,469 - INFO - Rejected chunk_id 625: Too similar to original (48.4% overlap)
2026-08-06 02:51:51,208 - INFO - Rejected chunk_id 546: Too similar to original (35.7% overlap)
2026-08-06 02:51:52,821 - INFO - Rejected chunk_id 574: Too similar to original (36.9% overlap)
2026-08-06 02:51:58,141 - INFO - Rejected chunk_id 2097: Too similar to original (31.6% overlap)
2026-08-06 02:52:00,545 - INFO - Rejected chunk_id 1268: Too similar to original (47.5% overlap)
2026-08-06 02:52:02,330 - INFO - Rejected chunk_id 6378: Contains 'Table'
2026-08-06 02:52:04,267 - INFO - Rejected chunk_id 911: Too similar to original (43.7% overlap)
2026-08-06 02:52:06,325 - INFO - Rejected chunk_id 7063: Contains 'Table'
2026-08-06 02:52:08,150 - INFO - Rejected chunk_id 348: Too similar to original (37.0% overlap)
2026-08-06 02:52:10,066 - INFO - Rejected chunk_id 16: Too similar to original (32.4% overlap)
2026-08-06 02:52:11,661 - INFO - Rejected chunk_id 1344: Too similar to original (51.6% overlap)
2026-08-06 02:52:13,772 - INFO - Rejected chunk_id 1155: Too similar to original (37.8% overlap)
2026-08-06 02:52:15,325 - INFO - Rejected chunk_id 758: Too similar to original (46.3% overlap)
2026-08-06 02:52:20,519 - INFO - Rejected chunk_id 1538: Too similar to original (31.0% overlap)
2026-08-06 02:52:24,453 - INFO - Rejected chunk_id 1662: Contains 'Table'
2026-08-06 02:52:28,544 - INFO - Rejected chunk_id 350: Contains 'Figure'
2026-08-06 02:52:30,695 - INFO - Rejected chunk_id 3221: Too similar to original (47.1% overlap)
2026-08-06 02:52:33,801 - INFO - Rejected chunk_id 1449: Too similar to original (38.6% overlap)
2026-08-06 02:52:36,833 - INFO - Rejected chunk_id 106: Too similar to original (39.4% overlap)
2026-08-06 02:52:39,299 - INFO - Rejected chunk_id 979: Contains 'Table'
2026-08-06 02:52:40,906 - INFO - Rejected chunk_id 2425: Too similar to original (54.0% overlap)
2026-08-06 02:52:42,771 - INFO - Rejected chunk_id 968: Too similar to original (32.3% overlap)
2026-08-06 02:52:43,870 - INFO - Rejected chunk_id 59: Too similar to original (30.2% overlap)
2026-08-06 02:52:47,534 - INFO - Rejected chunk_id 484: Too similar to original (45.2% overlap)
2026-08-06 02:52:49,315 - INFO - Rejected chunk_id 928: Contains 'Table'
2026-08-06 02:52:56,765 - INFO - Rejected chunk_id 709: Too similar to original (39.7% overlap)
2026-08-06 02:52:58,677 - INFO - Rejected chunk_id 7426: Too similar to original (36.4% overlap)
2026-08-06 02:53:00,369 - INFO - Rejected chunk_id 5974: Too similar to original (42.1% overlap)
2026-08-06 02:53:02,519 - INFO - Rejected chunk_id 144: Too similar to original (44.3% overlap)
2026-08-06 02:53:04,170 - INFO - Rejected chunk_id 2474: Too similar to original (42.4% overlap)
2026-08-06 02:53:07,972 - INFO - Rejected chunk_id 866: Too similar to original (41.8% overlap)
2026-08-06 02:53:12,897 - INFO - Rejected chunk_id 26: Too similar to original (36.2% overlap)
2026-08-06 02:53:14,492 - INFO - Rejected chunk_id 2149: Too similar to original (50.0% overlap)
2026-08-06 02:53:16,092 - INFO - Rejected chunk_id 1076: Too similar to original (41.7% overlap)
2026-08-06 02:53:19,594 - INFO - Rejected chunk_id 2112: Too similar to original (46.8% overlap)
2026-08-06 02:53:20,950 - INFO - Rejected chunk_id 86: Too similar to original (37.5% overlap)
2026-08-06 02:53:26,382 - INFO - Rejected chunk_id 569: Too similar to original (32.3% overlap)
2026-08-06 02:53:28,177 - INFO - Rejected chunk_id 189: Too similar to original (31.8% overlap)
2026-08-06 02:53:30,399 - INFO - Rejected chunk_id 728: Too similar to original (48.5% overlap)
2026-08-06 02:53:31,664 - INFO - Rejected chunk_id 1479: Too similar to original (45.3% overlap)
2026-08-06 02:53:35,637 - INFO - Rejected chunk_id 162: Too similar to original (35.3% overlap)
2026-08-06 02:53:37,654 - INFO - Rejected chunk_id 898: Too similar to original (43.8% overlap)
2026-08-06 02:53:39,168 - INFO - Rejected chunk_id 2508: Too similar to original (49.1% overlap)
2026-08-06 02:53:41,630 - INFO - Rejected chunk_id 477: Too similar to original (33.3% overlap)
2026-08-06 02:53:46,941 - INFO - Rejected chunk_id 2055: Too similar to original (41.3% overlap)
2026-08-06 02:53:50,824 - INFO - Rejected chunk_id 145: Too similar to original (41.3% overlap)
2026-08-06 02:53:53,932 - INFO - Rejected chunk_id 289: Too similar to original (53.0% overlap)
2026-08-06 02:53:55,695 - INFO - Rejected chunk_id 940: Too similar to original (59.7% overlap)
2026-08-06 02:53:57,776 - INFO - Rejected chunk_id 1035: Too similar to original (31.9% overlap)
2026-08-06 02:54:02,427 - INFO - Rejected chunk_id 1880: Contains 'Figure'
2026-08-06 02:54:10,202 - INFO - Rejected chunk_id 29: Too similar to original (35.8% overlap)
2026-08-06 02:54:13,146 - INFO - Rejected chunk_id 479: Too similar to original (30.7% overlap)
2026-08-06 02:54:15,180 - INFO - Rejected chunk_id 1539: Too similar to original (50.0% overlap)
2026-08-06 02:54:16,833 - INFO - Rejected chunk_id 1950: Too similar to original (38.1% overlap)
2026-08-06 02:54:19,537 - INFO - Rejected chunk_id 229: Too similar to original (34.5% overlap)
2026-08-06 02:54:21,390 - INFO - Rejected chunk_id 1521: Too similar to original (47.9% overlap)
2026-08-06 02:54:23,146 - INFO - Rejected chunk_id 2265: Too similar to original (31.6% overlap)
2026-08-06 02:54:24,745 - INFO - Rejected chunk_id 762: Too similar to original (32.8% overlap)
2026-08-06 02:54:31,347 - INFO - Rejected chunk_id 2387: Too similar to original (47.8% overlap)
2026-08-06 02:54:33,750 - INFO - Rejected chunk_id 2575: Contains 'Table'
2026-08-06 02:54:35,277 - INFO - Rejected chunk_id 4528: Too similar to original (36.7% overlap)
2026-08-06 02:54:36,768 - INFO - Rejected chunk_id 1994: Too similar to original (35.6% overlap)
2026-08-06 02:54:39,367 - INFO - Rejected chunk_id 473: Too similar to original (53.8% overlap)
2026-08-06 02:54:40,841 - INFO - Rejected chunk_id 2147: Too similar to original (42.6% overlap)
2026-08-06 02:54:42,386 - INFO - Rejected chunk_id 2517: Too similar to original (42.9% overlap)
2026-08-06 02:54:43,943 - INFO - Rejected chunk_id 16: Too similar to original (46.6% overlap)
2026-08-06 02:54:45,837 - INFO - Rejected chunk_id 2829: Too similar to original (48.9% overlap)
2026-08-06 02:54:47,588 - INFO - Rejected chunk_id 2254: Too similar to original (54.0% overlap)
2026-08-06 02:54:49,785 - INFO - Rejected chunk_id 595: Too similar to original (47.6% overlap)
2026-08-06 02:54:59,748 - INFO - Rejected chunk_id 97: Too similar to original (39.3% overlap)
2026-08-06 02:55:03,537 - INFO - Rejected chunk_id 6804: Contains 'Table'
2026-08-06 02:55:06,912 - INFO - Rejected chunk_id 2275: Too similar to original (45.1% overlap)
2026-08-06 02:55:09,376 - INFO - Rejected chunk_id 458: Too similar to original (44.3% overlap)
2026-08-06 02:55:11,354 - INFO - Rejected chunk_id 2419: Too similar to original (60.3% overlap)
2026-08-06 02:55:14,701 - INFO - Rejected chunk_id 699: Too similar to original (38.9% overlap)
2026-08-06 02:55:21,378 - INFO - Rejected chunk_id 168: Too similar to original (38.6% overlap)
2026-08-06 02:55:23,672 - INFO - Rejected chunk_id 1753: Too similar to original (45.9% overlap)
2026-08-06 02:55:25,584 - INFO - Rejected chunk_id 1899: Too similar to original (41.8% overlap)
2026-08-06 02:55:31,033 - INFO - Rejected chunk_id 1225: Too similar to original (42.1% overlap)
2026-08-06 02:55:34,962 - INFO - Rejected chunk_id 1812: Too similar to original (50.9% overlap)
2026-08-06 02:55:36,663 - INFO - Rejected chunk_id 3276: Too similar to original (39.7% overlap)
2026-08-06 02:55:39,759 - INFO - Rejected chunk_id 1083: Too similar to original (43.1% overlap)
2026-08-06 02:55:41,459 - INFO - Rejected chunk_id 2137: Too similar to original (31.7% overlap)
2026-08-06 02:55:43,236 - INFO - Rejected chunk_id 63: Too similar to original (48.4% overlap)
2026-08-06 02:55:45,315 - INFO - Rejected chunk_id 637: Too similar to original (38.9% overlap)
2026-08-06 02:55:48,998 - INFO - Rejected chunk_id 216: Too similar to original (37.5% overlap)
2026-08-06 02:55:51,042 - INFO - Rejected chunk_id 752: Too similar to original (42.7% overlap)
2026-08-06 02:55:55,858 - INFO - Rejected chunk_id 917: Contains 'Figure'
2026-08-06 02:55:59,641 - INFO - Rejected chunk_id 1830: Contains 'Table'
2026-08-06 02:56:01,213 - INFO - Rejected chunk_id 1687: Too similar to original (40.4% overlap)
2026-08-06 02:56:03,176 - INFO - Rejected chunk_id 524: Too similar to original (42.9% overlap)
2026-08-06 02:56:04,641 - INFO - Rejected chunk_id 3296: Contains 'Table'
2026-08-06 02:56:05,980 - INFO - Rejected chunk_id 315: Too similar to original (37.7% overlap)
2026-08-06 02:56:08,061 - INFO - Rejected chunk_id 2750: Contains 'Table'
2026-08-06 02:56:12,222 - INFO - Rejected chunk_id 706: Too similar to original (35.1% overlap)
2026-08-06 02:56:17,332 - INFO - Rejected chunk_id 85: Too similar to original (40.4% overlap)
2026-08-06 02:56:18,813 - INFO - Rejected chunk_id 1066: Too similar to original (51.8% overlap)
2026-08-06 02:56:20,743 - INFO - Rejected chunk_id 42: Too similar to original (47.6% overlap)
2026-08-06 02:56:25,792 - INFO - Rejected chunk_id 585: Too similar to original (44.3% overlap)
2026-08-06 02:56:26,996 - INFO - Rejected chunk_id 2268: Too similar to original (40.8% overlap)
2026-08-06 02:56:28,308 - INFO - Rejected chunk_id 1290: Too similar to original (36.4% overlap)
2026-08-06 02:56:29,843 - INFO - Rejected chunk_id 1153: Too similar to original (36.7% overlap)
2026-08-06 02:56:32,829 - INFO - Rejected chunk_id 2870: Contains 'Table'
2026-08-06 02:56:37,275 - INFO - Rejected chunk_id 208: Too similar to original (39.1% overlap)
2026-08-06 02:56:39,126 - INFO - Rejected chunk_id 344: Too similar to original (35.0% overlap)
2026-08-06 02:56:40,644 - INFO - Rejected chunk_id 2967: Too similar to original (32.7% overlap)
2026-08-06 02:56:42,660 - INFO - Rejected chunk_id 2401: Too similar to original (40.5% overlap)
2026-08-06 02:56:44,487 - INFO - Rejected chunk_id 533: Too similar to original (34.8% overlap)
2026-08-06 02:56:48,519 - INFO - Rejected chunk_id 822: Too similar to original (38.8% overlap)
2026-08-06 02:56:50,424 - INFO - Rejected chunk_id 859: Too similar to original (46.6% overlap)
2026-08-06 02:56:57,588 - INFO - Rejected chunk_id 2496: Too similar to original (36.2% overlap)
2026-08-06 02:56:59,608 - INFO - Rejected chunk_id 6028: Contains 'Figure'
2026-08-06 02:57:02,862 - INFO - Rejected chunk_id 7408: Contains 'Table'
2026-08-06 02:57:04,776 - INFO - Rejected chunk_id 534: Too similar to original (36.2% overlap)
2026-08-06 02:57:08,313 - INFO - Rejected chunk_id 826: Contains 'Table'
2026-08-06 02:57:10,483 - INFO - Rejected chunk_id 1815: Too similar to original (30.6% overlap)
2026-08-06 02:57:12,193 - INFO - Rejected chunk_id 4: Too similar to original (34.8% overlap)
2026-08-06 02:57:13,663 - INFO - Rejected chunk_id 1061: Too similar to original (50.9% overlap)
2026-08-06 02:57:15,126 - INFO - Rejected chunk_id 1161: Too similar to original (42.1% overlap)
2026-08-06 02:57:18,417 - INFO - Rejected chunk_id 2059: Too similar to original (42.6% overlap)
2026-08-06 02:57:20,199 - INFO - Rejected chunk_id 875: Too similar to original (33.8% overlap)
2026-08-06 02:57:23,328 - INFO - Rejected chunk_id 1864: Too similar to original (42.6% overlap)
2026-08-06 02:57:25,489 - INFO - Rejected chunk_id 910: Too similar to original (36.8% overlap)
2026-08-06 02:57:31,143 - INFO - Rejected chunk_id 290: Too similar to original (35.1% overlap)
2026-08-06 02:57:33,225 - INFO - Rejected chunk_id 2255: Contains 'Table'
2026-08-06 02:57:35,101 - INFO - Rejected chunk_id 80: Too similar to original (45.5% overlap)
2026-08-06 02:57:41,122 - INFO - Rejected chunk_id 5968: Contains 'Table'
2026-08-06 02:57:45,264 - INFO - Rejected chunk_id 7365: Too similar to original (34.4% overlap)
2026-08-06 02:57:47,933 - INFO - Rejected chunk_id 153: Too similar to original (33.3% overlap)
2026-08-06 02:57:49,329 - INFO - Rejected chunk_id 2784: Too similar to original (36.4% overlap)
2026-08-06 02:57:51,096 - INFO - Rejected chunk_id 2466: Too similar to original (61.4% overlap)
2026-08-06 02:57:55,603 - INFO - Rejected chunk_id 1808: Too similar to original (39.3% overlap)
2026-08-06 02:58:00,050 - INFO - Rejected chunk_id 310: Too similar to original (53.7% overlap)
2026-08-06 02:58:04,825 - INFO - Rejected chunk_id 2002: Too similar to original (34.6% overlap)
2026-08-06 02:58:06,608 - INFO - Rejected chunk_id 581: Too similar to original (33.9% overlap)
2026-08-06 02:58:08,535 - INFO - Rejected chunk_id 577: Too similar to original (40.0% overlap)
2026-08-06 02:58:11,515 - INFO - Rejected chunk_id 3292: Too similar to original (39.7% overlap)
2026-08-06 02:58:14,331 - INFO - Rejected chunk_id 517: Too similar to original (35.9% overlap)
2026-08-06 02:58:16,485 - INFO - Rejected chunk_id 1901: Too similar to original (43.9% overlap)
2026-08-06 02:58:18,205 - INFO - Rejected chunk_id 70: Too similar to original (47.7% overlap)
2026-08-06 02:58:20,027 - INFO - Rejected chunk_id 159: Too similar to original (50.8% overlap)
2026-08-06 02:58:21,561 - INFO - Rejected chunk_id 4485: Contains 'Table'
2026-08-06 02:58:23,206 - INFO - Rejected chunk_id 21: Too similar to original (40.7% overlap)
2026-08-06 02:58:24,470 - INFO - Rejected chunk_id 2478: Too similar to original (38.1% overlap)
2026-08-06 02:58:26,243 - INFO - Rejected chunk_id 481: Too similar to original (40.9% overlap)
2026-08-06 02:58:29,379 - INFO - Rejected chunk_id 2516: Too similar to original (35.1% overlap)
2026-08-06 02:58:33,322 - INFO - Rejected chunk_id 1610: Too similar to original (30.9% overlap)
2026-08-06 02:58:36,030 - INFO - Rejected chunk_id 1205: Too similar to original (45.2% overlap)
2026-08-06 02:58:37,189 - INFO - Rejected chunk_id 130: Too similar to original (36.2% overlap)
2026-08-06 02:58:39,024 - INFO - Rejected chunk_id 77: Too similar to original (43.9% overlap)
2026-08-06 02:58:40,415 - INFO - Rejected chunk_id 283: Too similar to original (44.8% overlap)
2026-08-06 02:58:42,071 - INFO - Rejected chunk_id 2779: Too similar to original (37.0% overlap)
2026-08-06 02:58:43,852 - INFO - Rejected chunk_id 208: Too similar to original (40.3% overlap)
2026-08-06 02:58:47,180 - INFO - Rejected chunk_id 583: Too similar to original (38.7% overlap)
2026-08-06 02:58:52,409 - INFO - Rejected chunk_id 302: Too similar to original (35.6% overlap)
2026-08-06 02:58:57,696 - INFO - Rejected chunk_id 905: Contains 'Table'
2026-08-06 02:59:01,094 - INFO - Rejected chunk_id 41: Too similar to original (34.9% overlap)
2026-08-06 02:59:07,244 - INFO - Rejected chunk_id 2861: Too similar to original (57.4% overlap)
2026-08-06 02:59:08,500 - INFO - Rejected chunk_id 7365: Too similar to original (36.7% overlap)
2026-08-06 02:59:10,680 - INFO - Rejected chunk_id 2980: Contains 'Figure'
2026-08-06 02:59:14,517 - INFO - Rejected chunk_id 2957: Too similar to original (54.1% overlap)
2026-08-06 02:59:16,041 - INFO - Rejected chunk_id 315: Too similar to original (42.9% overlap)
2026-08-06 02:59:17,789 - INFO - Rejected chunk_id 2201: Too similar to original (40.6% overlap)
2026-08-06 02:59:19,993 - INFO - Rejected chunk_id 5429: Contains 'Table'
2026-08-06 02:59:26,218 - INFO - Rejected chunk_id 114: Too similar to original (31.9% overlap)
2026-08-06 02:59:28,505 - INFO - Rejected chunk_id 713: Too similar to original (54.4% overlap)
2026-08-06 02:59:30,850 - INFO - Rejected chunk_id 5593: Too similar to original (59.7% overlap)
2026-08-06 02:59:33,097 - INFO - Rejected chunk_id 2762: Too similar to original (42.4% overlap)
2026-08-06 02:59:35,268 - INFO - Rejected chunk_id 6785: Contains 'Table'
2026-08-06 02:59:38,387 - INFO - Rejected chunk_id 6792: Contains 'Table'
2026-08-06 02:59:41,123 - INFO - Rejected chunk_id 610: Too similar to original (40.3% overlap)
2026-08-06 02:59:42,908 - INFO - Rejected chunk_id 78: Too similar to original (40.0% overlap)
2026-08-06 02:59:44,780 - INFO - Rejected chunk_id 1057: Too similar to original (42.6% overlap)
2026-08-06 02:59:48,934 - INFO - Rejected chunk_id 276: Too similar to original (38.5% overlap)
2026-08-06 02:59:53,100 - INFO - Rejected chunk_id 267: Too similar to original (39.3% overlap)
2026-08-06 02:59:56,146 - INFO - Rejected chunk_id 732: Too similar to original (47.2% overlap)
2026-08-06 03:00:03,093 - INFO - Rejected chunk_id 63: Too similar to original (40.6% overlap)
2026-08-06 03:00:04,394 - INFO - Rejected chunk_id 70: Too similar to original (47.2% overlap)
2026-08-06 03:00:08,677 - INFO - Rejected chunk_id 50: Too similar to original (31.6% overlap)
2026-08-06 03:00:17,678 - INFO - Rejected chunk_id 739: Too similar to original (31.7% overlap)
2026-08-06 03:00:20,483 - INFO - Rejected chunk_id 877: Too similar to original (33.8% overlap)
2026-08-06 03:00:28,414 - INFO - Rejected chunk_id 506: Too similar to original (34.4% overlap)
2026-08-06 03:00:30,090 - INFO - Rejected chunk_id 3903: Contains 'Figure'
2026-08-06 03:00:31,655 - INFO - Rejected chunk_id 654: Too similar to original (34.5% overlap)
2026-08-06 03:00:33,206 - INFO - Rejected chunk_id 1068: Too similar to original (40.6% overlap)
2026-08-06 03:00:34,960 - INFO - Rejected chunk_id 468: Too similar to original (34.4% overlap)
2026-08-06 03:00:38,917 - INFO - Rejected chunk_id 294: Too similar to original (58.3% overlap)
2026-08-06 03:00:44,529 - INFO - Rejected chunk_id 159: Too similar to original (40.0% overlap)
2026-08-06 03:00:46,753 - INFO - Rejected chunk_id 219: Too similar to original (47.5% overlap)
2026-08-06 03:00:49,748 - INFO - Rejected chunk_id 7570: Contains 'Table'
2026-08-06 03:00:51,999 - INFO - Rejected chunk_id 3324: Contains 'Table'
2026-08-06 03:00:57,446 - INFO - Rejected chunk_id 1849: Too similar to original (31.7% overlap)
2026-08-06 03:00:59,283 - INFO - Rejected chunk_id 2431: Too similar to original (43.8% overlap)
2026-08-06 03:01:04,471 - INFO - Rejected chunk_id 1169: Too similar to original (31.5% overlap)
2026-08-06 03:01:07,177 - INFO - Rejected chunk_id 639: Too similar to original (32.0% overlap)
2026-08-06 03:01:09,918 - INFO - Rejected chunk_id 3762: Too similar to original (36.5% overlap)
2026-08-06 03:01:11,461 - INFO - Rejected chunk_id 240: Too similar to original (33.3% overlap)
2026-08-06 03:01:13,111 - INFO - Rejected chunk_id 281: Too similar to original (38.1% overlap)
2026-08-06 03:01:18,506 - INFO - Rejected chunk_id 2238: Too similar to original (46.0% overlap)
2026-08-06 03:01:24,624 - INFO - Rejected chunk_id 238: Too similar to original (31.4% overlap)
2026-08-06 03:01:27,052 - INFO - Rejected chunk_id 105: Too similar to original (42.4% overlap)
2026-08-06 03:01:29,611 - INFO - Rejected chunk_id 5960: Contains 'Table'
2026-08-06 03:01:31,003 - INFO - Rejected chunk_id 1609: Too similar to original (34.5% overlap)
2026-08-06 03:01:32,907 - INFO - Rejected chunk_id 7460: Contains 'Table'
2026-08-06 03:01:37,115 - INFO - Rejected chunk_id 557: Too similar to original (37.9% overlap)
2026-08-06 03:01:40,001 - INFO - Rejected chunk_id 7237: Too similar to original (33.3% overlap)
2026-08-06 03:01:41,936 - INFO - Rejected chunk_id 6233: Contains 'Table'
2026-08-06 03:01:44,111 - INFO - Rejected chunk_id 3269: Contains 'Figure'
2026-08-06 03:01:46,127 - INFO - Rejected chunk_id 41: Contains 'Figure'
2026-08-06 03:01:49,247 - INFO - Rejected chunk_id 243: Too similar to original (37.1% overlap)
2026-08-06 03:01:50,981 - INFO - Rejected chunk_id 270: Too similar to original (33.9% overlap)
2026-08-06 03:01:56,468 - INFO - Rejected chunk_id 294: Too similar to original (34.6% overlap)
2026-08-06 03:01:57,671 - INFO - Rejected chunk_id 90: Too similar to original (34.7% overlap)
2026-08-06 03:01:59,227 - INFO - Rejected chunk_id 131: Too similar to original (43.6% overlap)
2026-08-06 03:02:01,211 - INFO - Rejected chunk_id 5471: Too similar to original (41.2% overlap)
2026-08-06 03:02:03,063 - INFO - Rejected chunk_id 76: Too similar to original (38.6% overlap)
2026-08-06 03:02:04,655 - INFO - Rejected chunk_id 1326: Too similar to original (46.3% overlap)
2026-08-06 03:02:11,882 - INFO - Rejected chunk_id 25: Too similar to original (66.7% overlap)
2026-08-06 03:02:15,803 - INFO - Rejected chunk_id 2755: Too similar to original (30.3% overlap)
2026-08-06 03:02:17,673 - INFO - Rejected chunk_id 264: Contains 'Figure'
2026-08-06 03:02:20,115 - INFO - Rejected chunk_id 5242: Contains 'Table'
2026-08-06 03:02:22,329 - INFO - Rejected chunk_id 1407: Too similar to original (52.1% overlap)
2026-08-06 03:02:26,458 - INFO - Rejected chunk_id 1965: Too similar to original (52.4% overlap)
2026-08-06 03:02:28,270 - INFO - Rejected chunk_id 1170: Too similar to original (34.3% overlap)
2026-08-06 03:02:29,871 - INFO - Rejected chunk_id 54: Too similar to original (42.6% overlap)
2026-08-06 03:02:34,699 - INFO - Rejected chunk_id 2108: Contains 'Table'
2026-08-06 03:02:37,720 - INFO - Rejected chunk_id 512: Too similar to original (38.3% overlap)
2026-08-06 03:02:39,490 - INFO - Rejected chunk_id 719: Too similar to original (35.8% overlap)
2026-08-06 03:02:42,192 - INFO - Rejected chunk_id 2385: Too similar to original (40.8% overlap)
2026-08-06 03:02:43,388 - INFO - Rejected chunk_id 2669: Too similar to original (53.5% overlap)
2026-08-06 03:02:45,891 - INFO - Rejected chunk_id 51: Too similar to original (40.5% overlap)
2026-08-06 03:02:51,941 - INFO - Rejected chunk_id 1199: Too similar to original (51.7% overlap)
2026-08-06 03:02:56,966 - INFO - Rejected chunk_id 974: Contains 'Table'
2026-08-06 03:03:00,128 - INFO - Rejected chunk_id 67: Too similar to original (48.3% overlap)
2026-08-06 03:03:03,129 - INFO - Rejected chunk_id 2953: Too similar to original (48.2% overlap)
2026-08-06 03:03:07,937 - INFO - Rejected chunk_id 694: Contains 'Figure'
2026-08-06 03:03:10,271 - INFO - Rejected chunk_id 528: Too similar to original (36.6% overlap)
2026-08-06 03:03:12,131 - INFO - Rejected chunk_id 570: Too similar to original (35.1% overlap)
2026-08-06 03:03:16,323 - INFO - Rejected chunk_id 2672: Too similar to original (56.6% overlap)
2026-08-06 03:03:18,717 - INFO - Rejected chunk_id 988: Too similar to original (37.1% overlap)
2026-08-06 03:03:20,282 - INFO - Rejected chunk_id 3843: Too similar to original (35.3% overlap)
2026-08-06 03:03:23,368 - INFO - Rejected chunk_id 3061: Too similar to original (43.5% overlap)
2026-08-06 03:03:26,331 - INFO - Rejected chunk_id 67: Too similar to original (51.8% overlap)
2026-08-06 03:03:27,985 - INFO - Rejected chunk_id 1360: Contains 'Figure'
2026-08-06 03:03:29,974 - INFO - Rejected chunk_id 1271: Too similar to original (32.3% overlap)
2026-08-06 03:03:32,425 - INFO - Rejected chunk_id 210: Too similar to original (45.6% overlap)
2026-08-06 03:03:33,858 - INFO - Rejected chunk_id 4489: Contains 'Table'
2026-08-06 03:03:35,360 - INFO - Rejected chunk_id 1493: Too similar to original (32.8% overlap)
2026-08-06 03:03:37,479 - INFO - Rejected chunk_id 5876: Too similar to original (32.4% overlap)
2026-08-06 03:03:39,442 - INFO - Rejected chunk_id 1301: Too similar to original (56.9% overlap)
2026-08-06 03:03:46,477 - INFO - Rejected chunk_id 2921: Contains 'Table'
2026-08-06 03:03:49,929 - INFO - Rejected chunk_id 2728: Too similar to original (48.5% overlap)
2026-08-06 03:03:51,845 - INFO - Rejected chunk_id 2570: Too similar to original (46.9% overlap)
2026-08-06 03:03:56,461 - INFO - Rejected chunk_id 2621: Too similar to original (43.3% overlap)
2026-08-06 03:03:59,972 - INFO - Rejected chunk_id 1783: Too similar to original (58.3% overlap)
2026-08-06 03:04:03,306 - INFO - Rejected chunk_id 2798: Too similar to original (46.8% overlap)
2026-08-06 03:04:05,832 - INFO - Rejected chunk_id 60: Contains 'Table'
2026-08-06 03:04:07,643 - INFO - Rejected chunk_id 766: Too similar to original (33.8% overlap)
2026-08-06 03:04:10,296 - INFO - Rejected chunk_id 4481: Contains 'Figure'
2026-08-06 03:04:12,009 - INFO - Rejected chunk_id 119: Too similar to original (57.7% overlap)
2026-08-06 03:04:16,766 - INFO - Rejected chunk_id 1705: Too similar to original (44.8% overlap)
2026-08-06 03:04:20,782 - INFO - Rejected chunk_id 2160: Too similar to original (34.2% overlap)
2026-08-06 03:04:23,508 - INFO - Rejected chunk_id 1798: Too similar to original (41.7% overlap)
2026-08-06 03:04:25,227 - INFO - Rejected chunk_id 1377: Too similar to original (43.8% overlap)
2026-08-06 03:04:28,086 - INFO - Rejected chunk_id 879: Too similar to original (30.5% overlap)
2026-08-06 03:04:29,968 - INFO - Rejected chunk_id 668: Too similar to original (50.0% overlap)
2026-08-06 03:04:34,237 - INFO - Rejected chunk_id 2126: Too similar to original (40.0% overlap)
2026-08-06 03:04:43,717 - INFO - Rejected chunk_id 4600: Contains 'Table'
2026-08-06 03:04:46,780 - INFO - Rejected chunk_id 816: Too similar to original (39.7% overlap)
2026-08-06 03:04:48,236 - INFO - Rejected chunk_id 127: Too similar to original (32.0% overlap)
2026-08-06 03:04:49,833 - INFO - Rejected chunk_id 749: Too similar to original (31.7% overlap)
2026-08-06 03:04:51,573 - INFO - Rejected chunk_id 7378: Contains 'Table'
2026-08-06 03:04:53,891 - INFO - Rejected chunk_id 710: Too similar to original (47.5% overlap)
2026-08-06 03:04:57,992 - INFO - Rejected chunk_id 73: Too similar to original (48.3% overlap)
2026-08-06 03:04:59,760 - INFO - Rejected chunk_id 368: Too similar to original (33.3% overlap)
2026-08-06 03:05:01,979 - INFO - Rejected chunk_id 987: Too similar to original (33.9% overlap)
2026-08-06 03:05:08,998 - INFO - Rejected chunk_id 332: Too similar to original (38.8% overlap)
2026-08-06 03:05:10,958 - INFO - Rejected chunk_id 1863: Too similar to original (46.9% overlap)
2026-08-06 03:05:15,374 - INFO - Rejected chunk_id 1046: Too similar to original (51.9% overlap)
2026-08-06 03:05:17,182 - INFO - Rejected chunk_id 1093: Too similar to original (41.8% overlap)
2026-08-06 03:05:19,005 - INFO - Rejected chunk_id 1261: Contains 'Table'
2026-08-06 03:05:21,156 - INFO - Rejected chunk_id 3464: Contains 'Table'
2026-08-06 03:05:22,886 - INFO - Rejected chunk_id 308: Too similar to original (43.5% overlap)
2026-08-06 03:05:25,844 - INFO - Rejected chunk_id 113: Too similar to original (38.7% overlap)
2026-08-06 03:05:27,910 - INFO - Rejected chunk_id 225: Too similar to original (42.6% overlap)
2026-08-06 03:05:30,105 - INFO - Rejected chunk_id 596: Too similar to original (51.4% overlap)
2026-08-06 03:05:32,694 - INFO - Rejected chunk_id 3534: Contains 'Table'
2026-08-06 03:05:34,538 - INFO - Rejected chunk_id 6123: Contains 'Table'
2026-08-06 03:05:36,195 - INFO - Rejected chunk_id 507: Too similar to original (40.3% overlap)
2026-08-06 03:05:37,963 - INFO - Rejected chunk_id 491: Too similar to original (47.5% overlap)
2026-08-06 03:05:39,923 - INFO - Rejected chunk_id 254: Too similar to original (46.6% overlap)
2026-08-06 03:05:42,483 - INFO - Rejected chunk_id 852: Too similar to original (34.8% overlap)
2026-08-06 03:05:44,545 - INFO - Rejected chunk_id 402: Too similar to original (31.7% overlap)
2026-08-06 03:05:45,928 - INFO - Rejected chunk_id 1448: Too similar to original (44.2% overlap)
2026-08-06 03:05:47,647 - INFO - Rejected chunk_id 38: Too similar to original (51.8% overlap)
2026-08-06 03:05:49,426 - INFO - Rejected chunk_id 28: Too similar to original (45.2% overlap)
2026-08-06 03:05:51,224 - INFO - Rejected chunk_id 14: Too similar to original (30.1% overlap)
2026-08-06 03:05:54,402 - INFO - Rejected chunk_id 231: Too similar to original (38.2% overlap)
2026-08-06 03:05:56,245 - INFO - Rejected chunk_id 4425: Too similar to original (32.3% overlap)
2026-08-06 03:05:59,221 - INFO - Rejected chunk_id 4008: Contains 'Table'
2026-08-06 03:06:02,185 - INFO - Rejected chunk_id 6110: Contains 'Table'
2026-08-06 03:06:04,280 - INFO - Rejected chunk_id 4699: Contains 'Table'
2026-08-06 03:06:06,872 - INFO - Rejected chunk_id 81: Too similar to original (52.1% overlap)
2026-08-06 03:06:09,594 - INFO - Rejected chunk_id 2590: Contains 'Table'
2026-08-06 03:06:11,397 - INFO - Rejected chunk_id 841: Contains 'Figure'
2026-08-06 03:06:12,933 - INFO - Rejected chunk_id 300: Too similar to original (34.0% overlap)
2026-08-06 03:06:15,426 - INFO - Rejected chunk_id 6046: Contains 'Table'
2026-08-06 03:06:16,934 - INFO - Rejected chunk_id 2255: Too similar to original (51.0% overlap)
2026-08-06 03:06:18,921 - INFO - Rejected chunk_id 440: Too similar to original (53.3% overlap)
2026-08-06 03:06:20,858 - INFO - Rejected chunk_id 2229: Too similar to original (50.8% overlap)
2026-08-06 03:06:22,985 - INFO - Rejected chunk_id 95: Too similar to original (46.9% overlap)
2026-08-06 03:06:28,214 - INFO - Rejected chunk_id 389: Too similar to original (47.7% overlap)
2026-08-06 03:06:30,368 - INFO - Rejected chunk_id 6903: Contains 'Table'
2026-08-06 03:06:32,639 - INFO - Rejected chunk_id 2596: Too similar to original (40.3% overlap)
2026-08-06 03:06:34,655 - INFO - Rejected chunk_id 803: Too similar to original (30.6% overlap)
2026-08-06 03:06:36,489 - INFO - Rejected chunk_id 5910: Too similar to original (30.5% overlap)
2026-08-06 03:06:40,346 - INFO - Rejected chunk_id 3785: Too similar to original (31.4% overlap)
2026-08-06 03:06:43,027 - INFO - Rejected chunk_id 5631: Contains 'Table'
2026-08-06 03:06:44,622 - INFO - Rejected chunk_id 33: Too similar to original (43.3% overlap)
2026-08-06 03:06:46,105 - INFO - Rejected chunk_id 1267: Too similar to original (49.2% overlap)
2026-08-06 03:06:48,606 - INFO - Rejected chunk_id 969: Contains 'Table'
2026-08-06 03:06:51,981 - INFO - Rejected chunk_id 386: Too similar to original (31.5% overlap)
2026-08-06 03:06:53,454 - INFO - Rejected chunk_id 5595: Too similar to original (31.4% overlap)
2026-08-06 03:06:55,374 - INFO - Rejected chunk_id 1511: Too similar to original (42.1% overlap)
2026-08-06 03:06:58,721 - INFO - Rejected chunk_id 786: Too similar to original (39.0% overlap)
2026-08-06 03:07:04,045 - INFO - Rejected chunk_id 390: Too similar to original (50.9% overlap)
2026-08-06 03:07:06,439 - INFO - Rejected chunk_id 866: Too similar to original (32.8% overlap)
2026-08-06 03:07:09,024 - INFO - Rejected chunk_id 7316: Too similar to original (32.0% overlap)
2026-08-06 03:07:14,304 - INFO - Rejected chunk_id 2604: Too similar to original (39.5% overlap)
2026-08-06 03:07:16,202 - INFO - Rejected chunk_id 2701: Too similar to original (34.3% overlap)
2026-08-06 03:07:18,895 - INFO - Rejected chunk_id 2684: Contains 'Figure'
2026-08-06 03:07:20,732 - INFO - Rejected chunk_id 694: Too similar to original (41.8% overlap)
2026-08-06 03:07:22,730 - INFO - Rejected chunk_id 7370: Too similar to original (33.3% overlap)
2026-08-06 03:07:26,039 - INFO - Rejected chunk_id 761: Too similar to original (34.5% overlap)
2026-08-06 03:07:29,840 - INFO - Rejected chunk_id 1683: Too similar to original (43.7% overlap)
2026-08-06 03:07:32,903 - INFO - Rejected chunk_id 2883: Too similar to original (37.9% overlap)
2026-08-06 03:07:34,192 - INFO - Rejected chunk_id 2490: Too similar to original (41.3% overlap)
2026-08-06 03:07:37,520 - INFO - Rejected chunk_id 5150: Too similar to original (43.3% overlap)
2026-08-06 03:07:40,105 - INFO - Rejected chunk_id 2151: Too similar to original (48.3% overlap)
2026-08-06 03:07:41,867 - INFO - Rejected chunk_id 500: Too similar to original (37.9% overlap)
2026-08-06 03:07:43,476 - INFO - Rejected chunk_id 342: Too similar to original (62.1% overlap)
2026-08-06 03:07:45,552 - INFO - Rejected chunk_id 2135: Too similar to original (41.3% overlap)
2026-08-06 03:07:49,024 - INFO - Rejected chunk_id 971: Too similar to original (42.2% overlap)
2026-08-06 03:07:50,637 - INFO - Rejected chunk_id 2952: Too similar to original (32.8% overlap)
2026-08-06 03:07:52,549 - INFO - Rejected chunk_id 2157: Too similar to original (34.5% overlap)
2026-08-06 03:07:53,995 - INFO - Rejected chunk_id 146: Too similar to original (31.5% overlap)
2026-08-06 03:07:56,110 - INFO - Rejected chunk_id 161: Too similar to original (33.8% overlap)
2026-08-06 03:07:58,084 - INFO - Rejected chunk_id 1106: Too similar to original (34.6% overlap)
2026-08-06 03:07:59,755 - INFO - Rejected chunk_id 713: Too similar to original (53.8% overlap)
2026-08-06 03:08:03,327 - INFO - Rejected chunk_id 1228: Too similar to original (31.2% overlap)
2026-08-06 03:08:07,069 - INFO - Rejected chunk_id 5050: Too similar to original (42.9% overlap)
2026-08-06 03:08:08,530 - INFO - Rejected chunk_id 615: Too similar to original (49.1% overlap)
2026-08-06 03:08:10,439 - INFO - Rejected chunk_id 2: Too similar to original (37.0% overlap)
2026-08-06 03:08:11,613 - INFO - Rejected chunk_id 2588: Too similar to original (36.5% overlap)
2026-08-06 03:08:16,074 - INFO - Rejected chunk_id 1834: Too similar to original (31.7% overlap)
2026-08-06 03:08:17,848 - INFO - Rejected chunk_id 2783: Too similar to original (36.9% overlap)
2026-08-06 03:08:19,797 - INFO - Rejected chunk_id 1846: Too similar to original (45.0% overlap)
2026-08-06 03:08:21,126 - INFO - Rejected chunk_id 1380: Too similar to original (48.1% overlap)
2026-08-06 03:08:25,226 - INFO - Rejected chunk_id 1771: Contains 'Figure'
2026-08-06 03:08:36,647 - INFO - Rejected chunk_id 2264: Too similar to original (56.6% overlap)
2026-08-06 03:08:39,614 - INFO - Rejected chunk_id 5604: Too similar to original (62.8% overlap)
2026-08-06 03:08:41,342 - INFO - Rejected chunk_id 7439: Contains 'Figure'
2026-08-06 03:08:45,585 - INFO - Rejected chunk_id 18: Too similar to original (43.5% overlap)
2026-08-06 03:08:47,450 - INFO - Rejected chunk_id 311: Contains 'Table'
2026-08-06 03:08:49,646 - INFO - Rejected chunk_id 372: Too similar to original (34.4% overlap)
2026-08-06 03:08:52,108 - INFO - Rejected chunk_id 5144: Too similar to original (37.7% overlap)
2026-08-06 03:08:53,906 - INFO - Rejected chunk_id 682: Too similar to original (32.4% overlap)
2026-08-06 03:08:59,869 - INFO - Rejected chunk_id 2399: Too similar to original (41.3% overlap)
2026-08-06 03:09:06,640 - INFO - Rejected chunk_id 529: Too similar to original (47.1% overlap)
2026-08-06 03:09:09,074 - INFO - Rejected chunk_id 1963: Too similar to original (32.1% overlap)
2026-08-06 03:09:11,046 - INFO - Rejected chunk_id 604: Too similar to original (40.7% overlap)
2026-08-06 03:09:14,799 - INFO - Rejected chunk_id 1567: Too similar to original (36.4% overlap)
2026-08-06 03:09:20,441 - INFO - Rejected chunk_id 59: Too similar to original (35.4% overlap)
2026-08-06 03:09:27,480 - INFO - Rejected chunk_id 447: Contains 'Table'
2026-08-06 03:09:35,277 - INFO - Rejected chunk_id 629: Too similar to original (47.1% overlap)
2026-08-06 03:09:37,494 - INFO - Rejected chunk_id 1402: Too similar to original (30.4% overlap)
2026-08-06 03:09:39,239 - INFO - Rejected chunk_id 148: Too similar to original (32.2% overlap)
2026-08-06 03:09:44,974 - INFO - Rejected chunk_id 958: Too similar to original (36.6% overlap)
2026-08-06 03:09:46,982 - INFO - Rejected chunk_id 745: Too similar to original (40.9% overlap)
2026-08-06 03:09:52,260 - INFO - Rejected chunk_id 6398: Contains 'Table'
2026-08-06 03:09:54,797 - INFO - Rejected chunk_id 22: Too similar to original (34.9% overlap)
2026-08-06 03:09:58,752 - INFO - Rejected chunk_id 8: Too similar to original (35.5% overlap)
2026-08-06 03:10:00,843 - INFO - Rejected chunk_id 70: Too similar to original (36.7% overlap)
2026-08-06 03:10:04,225 - INFO - Rejected chunk_id 2329: Too similar to original (50.0% overlap)
2026-08-06 03:10:09,011 - INFO - Rejected chunk_id 200: Contains 'Figure'
2026-08-06 03:10:10,425 - INFO - Rejected chunk_id 929: Too similar to original (35.8% overlap)
2026-08-06 03:10:15,016 - INFO - Rejected chunk_id 4474: Too similar to original (47.3% overlap)
2026-08-06 03:10:17,762 - INFO - Rejected chunk_id 7552: Contains 'Table'
2026-08-06 03:10:20,095 - INFO - Rejected chunk_id 6807: Too similar to original (32.2% overlap)
2026-08-06 03:10:21,621 - INFO - Rejected chunk_id 650: Too similar to original (43.4% overlap)
2026-08-06 03:10:24,185 - INFO - Rejected chunk_id 6091: Contains 'Table'
2026-08-06 03:10:27,207 - INFO - Rejected chunk_id 131: Too similar to original (45.7% overlap)
2026-08-06 03:10:28,699 - INFO - Rejected chunk_id 776: Contains 'Table'
2026-08-06 03:10:35,523 - INFO - Rejected chunk_id 4784: Contains 'Table'
2026-08-06 03:10:37,143 - INFO - Rejected chunk_id 78: Too similar to original (45.0% overlap)
2026-08-06 03:10:44,729 - INFO - Rejected chunk_id 351: Too similar to original (50.0% overlap)
2026-08-06 03:10:46,360 - INFO - Rejected chunk_id 7664: Too similar to original (38.5% overlap)
2026-08-06 03:10:48,310 - INFO - Rejected chunk_id 270: Too similar to original (48.5% overlap)
2026-08-06 03:10:50,052 - INFO - Rejected chunk_id 4533: Too similar to original (33.8% overlap)
2026-08-06 03:10:52,267 - INFO - Rejected chunk_id 762: Too similar to original (31.1% overlap)
2026-08-06 03:10:54,230 - INFO - Rejected chunk_id 416: Too similar to original (42.2% overlap)
2026-08-06 03:10:58,134 - INFO - Rejected chunk_id 1234: Too similar to original (53.3% overlap)
2026-08-06 03:11:01,284 - INFO - Rejected chunk_id 2240: Contains 'Table'
2026-08-06 03:11:02,682 - INFO - Rejected chunk_id 523: Too similar to original (40.5% overlap)
2026-08-06 03:11:04,526 - INFO - Rejected chunk_id 3872: Contains 'Figure'
2026-08-06 03:11:08,910 - INFO - Rejected chunk_id 627: Too similar to original (55.0% overlap)
2026-08-06 03:11:12,206 - INFO - Rejected chunk_id 211: Contains 'Figure'
2026-08-06 03:11:14,136 - INFO - Rejected chunk_id 6745: Too similar to original (32.6% overlap)
2026-08-06 03:11:15,823 - INFO - Rejected chunk_id 130: Too similar to original (33.3% overlap)
2026-08-06 03:11:20,616 - INFO - Rejected chunk_id 551: Too similar to original (38.6% overlap)
2026-08-06 03:11:23,530 - INFO - Rejected chunk_id 59: Too similar to original (30.4% overlap)
2026-08-06 03:11:25,209 - INFO - Rejected chunk_id 1664: Too similar to original (30.5% overlap)
2026-08-06 03:11:27,095 - INFO - Rejected chunk_id 2458: Too similar to original (54.9% overlap)
2026-08-06 03:11:33,226 - INFO - Rejected chunk_id 1366: Too similar to original (38.6% overlap)
2026-08-06 03:11:35,047 - INFO - Rejected chunk_id 5894: Contains 'Table'
2026-08-06 03:11:36,486 - INFO - Rejected chunk_id 130: Too similar to original (33.3% overlap)
2026-08-06 03:11:38,395 - INFO - Rejected chunk_id 235: Too similar to original (43.9% overlap)
2026-08-06 03:11:41,924 - INFO - Rejected chunk_id 522: Too similar to original (41.4% overlap)
2026-08-06 03:11:43,763 - INFO - Rejected chunk_id 1336: Too similar to original (52.8% overlap)
2026-08-06 03:11:45,003 - INFO - Rejected chunk_id 954: Too similar to original (61.9% overlap)
2026-08-06 03:11:46,615 - INFO - Rejected chunk_id 2873: Too similar to original (49.2% overlap)
2026-08-06 03:11:48,106 - INFO - Rejected chunk_id 43: Too similar to original (46.0% overlap)
2026-08-06 03:11:49,626 - INFO - Rejected chunk_id 300: Too similar to original (35.2% overlap)
2026-08-06 03:11:52,372 - INFO - Rejected chunk_id 48: Too similar to original (43.5% overlap)
2026-08-06 03:11:53,763 - INFO - Rejected chunk_id 2146: Too similar to original (32.0% overlap)
2026-08-06 03:11:55,211 - INFO - Rejected chunk_id 1418: Too similar to original (49.2% overlap)
2026-08-06 03:11:56,894 - INFO - Rejected chunk_id 1375: Too similar to original (37.1% overlap)
2026-08-06 03:11:58,608 - INFO - Rejected chunk_id 62: Too similar to original (30.2% overlap)
2026-08-06 03:12:01,865 - INFO - Rejected chunk_id 391: Too similar to original (32.7% overlap)
2026-08-06 03:12:04,413 - INFO - Rejected chunk_id 56: Too similar to original (46.9% overlap)
2026-08-06 03:12:05,846 - INFO - Rejected chunk_id 2584: Too similar to original (46.6% overlap)
2026-08-06 03:12:10,417 - INFO - Rejected chunk_id 1879: Too similar to original (58.2% overlap)
2026-08-06 03:12:14,019 - INFO - Rejected chunk_id 1766: Too similar to original (65.0% overlap)
2026-08-06 03:12:20,857 - INFO - Rejected chunk_id 206: Too similar to original (32.8% overlap)
2026-08-06 03:12:24,060 - INFO - Rejected chunk_id 1885: Too similar to original (60.3% overlap)
2026-08-06 03:12:26,673 - INFO - Rejected chunk_id 436: Too similar to original (45.1% overlap)
2026-08-06 03:12:28,399 - INFO - Rejected chunk_id 948: Too similar to original (41.8% overlap)
2026-08-06 03:12:29,658 - INFO - Rejected chunk_id 2871: Too similar to original (39.6% overlap)
2026-08-06 03:12:31,961 - INFO - Rejected chunk_id 1009: Too similar to original (30.9% overlap)
2026-08-06 03:12:33,708 - INFO - Rejected chunk_id 34: Too similar to original (55.7% overlap)
2026-08-06 03:12:39,122 - INFO - Rejected chunk_id 2564: Too similar to original (43.1% overlap)
2026-08-06 03:12:40,863 - INFO - Rejected chunk_id 3935: Contains 'Table'
2026-08-06 03:12:45,046 - INFO - Rejected chunk_id 148: Too similar to original (41.1% overlap)
2026-08-06 03:12:49,587 - INFO - Rejected chunk_id 891: Too similar to original (40.0% overlap)
2026-08-06 03:12:56,388 - INFO - Rejected chunk_id 4108: Too similar to original (42.6% overlap)
2026-08-06 03:12:57,993 - INFO - Rejected chunk_id 446: Too similar to original (40.6% overlap)
2026-08-06 03:13:00,641 - INFO - Rejected chunk_id 592: Too similar to original (55.9% overlap)
2026-08-06 03:13:02,425 - INFO - Rejected chunk_id 1543: Too similar to original (60.0% overlap)
2026-08-06 03:13:05,637 - INFO - Rejected chunk_id 396: Too similar to original (56.5% overlap)
2026-08-06 03:13:09,122 - INFO - Rejected chunk_id 336: Too similar to original (38.9% overlap)
2026-08-06 03:13:12,491 - INFO - Rejected chunk_id 216: Too similar to original (36.2% overlap)
2026-08-06 03:13:14,046 - INFO - Rejected chunk_id 237: Too similar to original (34.5% overlap)
2026-08-06 03:13:16,230 - INFO - Rejected chunk_id 206: Too similar to original (30.8% overlap)
2026-08-06 03:13:18,932 - INFO - Rejected chunk_id 5636: Too similar to original (43.9% overlap)
2026-08-06 03:13:20,518 - INFO - Rejected chunk_id 653: Too similar to original (36.7% overlap)
2026-08-06 03:13:23,009 - INFO - Rejected chunk_id 612: Too similar to original (55.7% overlap)
2026-08-06 03:13:24,650 - INFO - Rejected chunk_id 236: Too similar to original (57.6% overlap)
2026-08-06 03:13:26,390 - INFO - Rejected chunk_id 1035: Too similar to original (44.8% overlap)
2026-08-06 03:13:28,512 - INFO - Rejected chunk_id 2317: Too similar to original (31.5% overlap)
2026-08-06 03:13:30,297 - INFO - Rejected chunk_id 1014: Too similar to original (45.0% overlap)
2026-08-06 03:13:31,625 - INFO - Rejected chunk_id 69: Too similar to original (38.0% overlap)
2026-08-06 03:13:33,692 - INFO - Rejected chunk_id 1516: Contains 'Figure'
2026-08-06 03:13:37,367 - INFO - Rejected chunk_id 569: Too similar to original (44.9% overlap)
2026-08-06 03:13:43,530 - INFO - Rejected chunk_id 1045: Too similar to original (41.0% overlap)
2026-08-06 03:13:51,579 - INFO - Rejected chunk_id 271: Too similar to original (52.8% overlap)
2026-08-06 03:13:54,793 - INFO - Rejected chunk_id 150: Too similar to original (42.9% overlap)
2026-08-06 03:13:59,565 - INFO - Rejected chunk_id 6823: Contains 'Table'
2026-08-06 03:14:01,785 - INFO - Rejected chunk_id 1323: Too similar to original (63.8% overlap)
2026-08-06 03:14:04,359 - INFO - Rejected chunk_id 921: Too similar to original (38.3% overlap)
2026-08-06 03:14:07,945 - INFO - Rejected chunk_id 2558: Too similar to original (43.4% overlap)
2026-08-06 03:14:10,815 - INFO - Rejected chunk_id 7008: Contains 'Table'
2026-08-06 03:14:14,602 - INFO - Rejected chunk_id 968: Too similar to original (44.4% overlap)
2026-08-06 03:14:16,522 - INFO - Rejected chunk_id 2103: Contains 'Table'
2026-08-06 03:14:24,953 - INFO - Rejected chunk_id 1184: Too similar to original (39.2% overlap)
2026-08-06 03:14:27,257 - INFO - Rejected chunk_id 45: Too similar to original (56.5% overlap)
2026-08-06 03:14:31,655 - INFO - Rejected chunk_id 4489: Too similar to original (38.5% overlap)
2026-08-06 03:14:33,527 - INFO - Rejected chunk_id 2851: Too similar to original (49.3% overlap)
2026-08-06 03:14:38,883 - INFO - Rejected chunk_id 383: Too similar to original (41.5% overlap)
2026-08-06 03:14:40,598 - INFO - Rejected chunk_id 5193: Contains 'Table'
2026-08-06 03:14:42,200 - INFO - Rejected chunk_id 834: Too similar to original (40.0% overlap)
2026-08-06 03:14:47,168 - INFO - Rejected chunk_id 82: Too similar to original (45.8% overlap)
2026-08-06 03:14:48,958 - INFO - Rejected chunk_id 1916: Too similar to original (45.6% overlap)
2026-08-06 03:14:50,918 - INFO - Rejected chunk_id 1767: Too similar to original (42.9% overlap)
2026-08-06 03:14:54,143 - INFO - Rejected chunk_id 453: Too similar to original (40.5% overlap)
2026-08-06 03:14:56,018 - INFO - Rejected chunk_id 3274: Contains 'Figure'
2026-08-06 03:14:58,422 - INFO - Rejected chunk_id 1451: Too similar to original (37.1% overlap)
2026-08-06 03:15:00,209 - INFO - Rejected chunk_id 2036: Too similar to original (39.7% overlap)
2026-08-06 03:15:01,961 - INFO - Rejected chunk_id 1657: Too similar to original (40.6% overlap)
2026-08-06 03:15:03,953 - INFO - Rejected chunk_id 241: Too similar to original (35.6% overlap)
2026-08-06 03:15:06,244 - INFO - Rejected chunk_id 3097: Contains 'Table'
2026-08-06 03:15:09,739 - INFO - Rejected chunk_id 1595: Too similar to original (44.1% overlap)
2026-08-06 03:15:14,837 - INFO - Rejected chunk_id 657: Too similar to original (53.8% overlap)
2026-08-06 03:15:17,158 - INFO - Rejected chunk_id 2155: Too similar to original (37.7% overlap)
2026-08-06 03:15:19,812 - INFO - Rejected chunk_id 427: Too similar to original (42.2% overlap)
2026-08-06 03:15:21,431 - INFO - Rejected chunk_id 182: Too similar to original (41.1% overlap)
2026-08-06 03:15:27,236 - INFO - Rejected chunk_id 555: Too similar to original (39.7% overlap)
2026-08-06 03:15:33,598 - INFO - Rejected chunk_id 668: Too similar to original (33.8% overlap)
2026-08-06 03:15:35,827 - INFO - Rejected chunk_id 883: Too similar to original (40.9% overlap)
2026-08-06 03:15:37,449 - INFO - Rejected chunk_id 4532: Contains 'Table'
2026-08-06 03:15:42,665 - INFO - Rejected chunk_id 749: Too similar to original (32.7% overlap)
2026-08-06 03:15:47,143 - INFO - Rejected chunk_id 545: Too similar to original (58.8% overlap)
2026-08-06 03:15:54,420 - INFO - Rejected chunk_id 5204: Too similar to original (36.9% overlap)
2026-08-06 03:16:06,838 - INFO - Rejected chunk_id 357: Too similar to original (51.7% overlap)
2026-08-06 03:16:10,605 - INFO - Rejected chunk_id 3219: Too similar to original (35.3% overlap)
2026-08-06 03:16:13,874 - INFO - Rejected chunk_id 162: Contains 'Table'
2026-08-06 03:16:15,623 - INFO - Rejected chunk_id 908: Too similar to original (47.5% overlap)
2026-08-06 03:16:17,088 - INFO - Rejected chunk_id 639: Too similar to original (35.0% overlap)
2026-08-06 03:16:19,504 - INFO - Rejected chunk_id 1468: Too similar to original (34.3% overlap)
2026-08-06 03:16:22,983 - INFO - Rejected chunk_id 1080: Too similar to original (47.5% overlap)
2026-08-06 03:16:26,788 - INFO - Rejected chunk_id 28: Too similar to original (43.2% overlap)
2026-08-06 03:16:31,301 - INFO - Rejected chunk_id 2784: Too similar to original (30.9% overlap)
2026-08-06 03:16:33,462 - INFO - Rejected chunk_id 381: Too similar to original (42.6% overlap)
2026-08-06 03:16:38,483 - INFO - Rejected chunk_id 1047: Too similar to original (36.0% overlap)
2026-08-06 03:16:41,791 - INFO - Rejected chunk_id 2708: Too similar to original (36.1% overlap)
2026-08-06 03:16:43,676 - INFO - Rejected chunk_id 3247: Too similar to original (33.3% overlap)
2026-08-06 03:16:45,173 - INFO - Rejected chunk_id 6749: Too similar to original (51.0% overlap)
2026-08-06 03:16:48,561 - INFO - Rejected chunk_id 3650: Contains 'Table'
2026-08-06 03:16:53,646 - INFO - Rejected chunk_id 168: Too similar to original (41.7% overlap)
2026-08-06 03:16:55,531 - INFO - Rejected chunk_id 914: Too similar to original (45.3% overlap)
2026-08-06 03:17:00,130 - INFO - Rejected chunk_id 1993: Too similar to original (35.0% overlap)
2026-08-06 03:17:03,543 - INFO - Rejected chunk_id 2287: Too similar to original (42.9% overlap)
2026-08-06 03:17:05,025 - INFO - Rejected chunk_id 341: Too similar to original (34.0% overlap)
2026-08-06 03:17:08,665 - INFO - Rejected chunk_id 2249: Contains 'Table'
2026-08-06 03:17:10,877 - INFO - Rejected chunk_id 461: Too similar to original (40.8% overlap)
2026-08-06 03:17:13,009 - INFO - Rejected chunk_id 568: Contains 'Table'
2026-08-06 03:17:15,192 - INFO - Rejected chunk_id 3083: Too similar to original (44.8% overlap)
2026-08-06 03:17:16,838 - INFO - Rejected chunk_id 70: Too similar to original (32.1% overlap)
2026-08-06 03:17:19,066 - INFO - Rejected chunk_id 1202: Too similar to original (33.8% overlap)
2026-08-06 03:17:22,258 - INFO - Rejected chunk_id 80: Too similar to original (30.2% overlap)
2026-08-06 03:17:23,826 - INFO - Rejected chunk_id 584: Too similar to original (32.8% overlap)
2026-08-06 03:17:29,795 - INFO - Rejected chunk_id 207: Too similar to original (55.2% overlap)
2026-08-06 03:17:32,688 - INFO - Rejected chunk_id 1506: Contains 'Table'
2026-08-06 03:17:34,935 - INFO - Rejected chunk_id 7424: Contains 'Table'
2026-08-06 03:17:36,793 - INFO - Rejected chunk_id 3965: Contains 'Table'
2026-08-06 03:17:41,039 - INFO - Rejected chunk_id 430: Too similar to original (40.0% overlap)
2026-08-06 03:17:43,456 - INFO - Rejected chunk_id 6694: Contains 'Table'
2026-08-06 03:17:46,153 - INFO - Rejected chunk_id 904: Contains 'Table'
2026-08-06 03:17:50,096 - INFO - Rejected chunk_id 740: Too similar to original (41.3% overlap)
2026-08-06 03:17:53,453 - INFO - Rejected chunk_id 1858: Too similar to original (44.0% overlap)
2026-08-06 03:17:57,449 - INFO - Rejected chunk_id 6715: Contains 'Table'
2026-08-06 03:17:59,262 - INFO - Rejected chunk_id 6041: Too similar to original (31.4% overlap)
2026-08-06 03:18:00,779 - INFO - Rejected chunk_id 1550: Too similar to original (47.2% overlap)
2026-08-06 03:18:03,086 - INFO - Rejected chunk_id 4485: Contains 'Table'
2026-08-06 03:18:05,447 - INFO - Rejected chunk_id 1027: Too similar to original (33.3% overlap)
2026-08-06 03:18:09,381 - INFO - Rejected chunk_id 4793: Too similar to original (30.8% overlap)
2026-08-06 03:18:10,701 - INFO - Rejected chunk_id 1727: Too similar to original (52.3% overlap)
2026-08-06 03:18:12,466 - INFO - Rejected chunk_id 6818: Too similar to original (42.6% overlap)
2026-08-06 03:18:15,873 - INFO - Rejected chunk_id 2211: Contains 'Table'
2026-08-06 03:18:17,245 - INFO - Rejected chunk_id 1530: Contains 'Table'
2026-08-06 03:18:19,346 - INFO - Rejected chunk_id 215: Too similar to original (34.2% overlap)
2026-08-06 03:18:21,464 - INFO - Rejected chunk_id 898: Too similar to original (34.5% overlap)
2026-08-06 03:18:23,575 - INFO - Rejected chunk_id 66: Too similar to original (43.4% overlap)
2026-08-06 03:18:25,525 - INFO - Rejected chunk_id 577: Too similar to original (31.6% overlap)
2026-08-06 03:18:26,841 - INFO - Rejected chunk_id 86: Too similar to original (45.3% overlap)
2026-08-06 03:18:29,067 - INFO - Rejected chunk_id 409: Too similar to original (33.3% overlap)
2026-08-06 03:18:30,810 - INFO - Rejected chunk_id 1952: Contains 'Table'
2026-08-06 03:18:36,753 - INFO - Rejected chunk_id 664: Too similar to original (32.4% overlap)
2026-08-06 03:18:40,926 - INFO - Rejected chunk_id 4718: Too similar to original (34.2% overlap)
2026-08-06 03:18:43,078 - INFO - Rejected chunk_id 4379: Too similar to original (42.9% overlap)
2026-08-06 03:18:47,683 - INFO - Rejected chunk_id 2076: Too similar to original (30.8% overlap)
2026-08-06 03:18:51,918 - INFO - Rejected chunk_id 2513: Too similar to original (35.1% overlap)
2026-08-06 03:18:53,659 - INFO - Rejected chunk_id 5245: Too similar to original (39.7% overlap)
2026-08-06 03:18:56,829 - INFO - Rejected chunk_id 2073: Too similar to original (37.5% overlap)
2026-08-06 03:18:58,546 - INFO - Rejected chunk_id 79: Too similar to original (35.7% overlap)
2026-08-06 03:19:00,483 - INFO - Rejected chunk_id 1024: Too similar to original (35.7% overlap)
2026-08-06 03:19:04,280 - INFO - Rejected chunk_id 238: Too similar to original (44.4% overlap)
2026-08-06 03:19:09,302 - INFO - Rejected chunk_id 647: Too similar to original (32.8% overlap)
2026-08-06 03:19:14,188 - INFO - Rejected chunk_id 5301: Contains 'Table'
2026-08-06 03:19:16,869 - INFO - Rejected chunk_id 959: Too similar to original (42.9% overlap)
2026-08-06 03:19:19,138 - INFO - Rejected chunk_id 2284: Too similar to original (35.9% overlap)
2026-08-06 03:19:22,232 - INFO - Rejected chunk_id 5124: Contains 'Figure'
2026-08-06 03:19:23,836 - INFO - Rejected chunk_id 1086: Too similar to original (36.4% overlap)
2026-08-06 03:19:28,499 - INFO - Rejected chunk_id 5902: Contains 'Table'
2026-08-06 03:19:30,813 - INFO - Rejected chunk_id 677: Too similar to original (34.0% overlap)
2026-08-06 03:19:36,847 - INFO - Rejected chunk_id 2726: Too similar to original (53.7% overlap)
2026-08-06 03:19:38,758 - INFO - Rejected chunk_id 1384: Too similar to original (43.1% overlap)
2026-08-06 03:19:41,919 - INFO - Rejected chunk_id 355: Too similar to original (36.5% overlap)
2026-08-06 03:19:43,562 - INFO - Rejected chunk_id 34: Too similar to original (51.7% overlap)
2026-08-06 03:19:45,323 - INFO - Rejected chunk_id 2229: Too similar to original (37.7% overlap)
2026-08-06 03:19:47,400 - INFO - Rejected chunk_id 3054: Too similar to original (37.7% overlap)
2026-08-06 03:19:50,105 - INFO - Rejected chunk_id 4453: Contains 'Table'
2026-08-06 03:19:55,603 - INFO - Rejected chunk_id 778: Too similar to original (31.8% overlap)
2026-08-06 03:19:58,960 - INFO - Rejected chunk_id 3863: Contains 'Table'
2026-08-06 03:20:00,329 - INFO - Rejected chunk_id 1089: Too similar to original (45.8% overlap)
2026-08-06 03:20:09,487 - INFO - Rejected chunk_id 6048: Contains 'Table'
2026-08-06 03:20:11,458 - INFO - Rejected chunk_id 2216: Contains 'Table'
2026-08-06 03:20:15,701 - INFO - Rejected chunk_id 5941: Too similar to original (31.1% overlap)
2026-08-06 03:20:17,612 - INFO - Rejected chunk_id 1282: Too similar to original (50.0% overlap)
2026-08-06 03:20:19,538 - INFO - Rejected chunk_id 1854: Too similar to original (30.9% overlap)
2026-08-06 03:20:25,399 - INFO - Rejected chunk_id 327: Contains 'Figure'
2026-08-06 03:20:30,266 - INFO - Rejected chunk_id 93: Too similar to original (33.8% overlap)
2026-08-06 03:20:31,713 - INFO - Rejected chunk_id 1983: Too similar to original (46.8% overlap)
2026-08-06 03:20:34,042 - INFO - Rejected chunk_id 4104: Too similar to original (34.2% overlap)
2026-08-06 03:20:36,013 - INFO - Rejected chunk_id 539: Too similar to original (58.2% overlap)
2026-08-06 03:20:38,264 - INFO - Rejected chunk_id 2527: Too similar to original (48.4% overlap)
2026-08-06 03:20:40,394 - INFO - Rejected chunk_id 1800: Contains 'Table'
2026-08-06 03:20:42,569 - INFO - Rejected chunk_id 762: Too similar to original (30.8% overlap)
2026-08-06 03:20:47,317 - INFO - Rejected chunk_id 474: Too similar to original (40.7% overlap)
2026-08-06 03:20:51,097 - INFO - Rejected chunk_id 2657: Too similar to original (45.7% overlap)
2026-08-06 03:20:52,801 - INFO - Rejected chunk_id 437: Too similar to original (47.3% overlap)
2026-08-06 03:20:57,653 - INFO - Rejected chunk_id 2140: Too similar to original (34.8% overlap)
2026-08-06 03:21:04,863 - INFO - Rejected chunk_id 1863: Contains 'Table'
2026-08-06 03:21:13,772 - INFO - Rejected chunk_id 990: Too similar to original (33.9% overlap)
2026-08-06 03:21:15,467 - INFO - Rejected chunk_id 1696: Too similar to original (47.6% overlap)
2026-08-06 03:21:18,229 - INFO - Rejected chunk_id 4838: Contains 'Table'
2026-08-06 03:21:23,088 - INFO - Rejected chunk_id 165: Too similar to original (45.2% overlap)
2026-08-06 03:21:25,288 - INFO - Rejected chunk_id 408: Too similar to original (41.4% overlap)
2026-08-06 03:21:30,023 - INFO - Rejected chunk_id 1509: Too similar to original (38.2% overlap)
2026-08-06 03:21:31,703 - INFO - Rejected chunk_id 927: Contains 'Table'
2026-08-06 03:21:33,442 - INFO - Rejected chunk_id 386: Too similar to original (33.9% overlap)
2026-08-06 03:21:38,188 - INFO - Rejected chunk_id 5936: Contains 'Figure'
2026-08-06 03:21:42,124 - INFO - Rejected chunk_id 104: Too similar to original (52.1% overlap)
2026-08-06 03:21:51,592 - INFO - Rejected chunk_id 1856: Too similar to original (30.2% overlap)
2026-08-06 03:21:53,451 - INFO - Rejected chunk_id 1206: Too similar to original (61.2% overlap)
2026-08-06 03:21:55,030 - INFO - Rejected chunk_id 7: Too similar to original (33.3% overlap)
2026-08-06 03:21:57,237 - INFO - Rejected chunk_id 946: Too similar to original (58.2% overlap)
2026-08-06 03:21:59,012 - INFO - Rejected chunk_id 1031: Too similar to original (67.2% overlap)
2026-08-06 03:22:01,412 - INFO - Rejected chunk_id 2224: Contains 'Table'
2026-08-06 03:22:04,768 - INFO - Rejected chunk_id 524: Too similar to original (32.3% overlap)
2026-08-06 03:22:07,190 - INFO - Rejected chunk_id 575: Too similar to original (46.6% overlap)
2026-08-06 03:22:11,818 - INFO - Rejected chunk_id 5136: Too similar to original (35.6% overlap)
2026-08-06 03:22:13,122 - INFO - Rejected chunk_id 365: Too similar to original (51.0% overlap)
2026-08-06 03:22:16,055 - INFO - Rejected chunk_id 2940: Too similar to original (67.9% overlap)
2026-08-06 03:22:18,106 - INFO - Rejected chunk_id 1692: Too similar to original (42.9% overlap)
2026-08-06 03:22:22,870 - INFO - Rejected chunk_id 2844: Too similar to original (46.9% overlap)
2026-08-06 03:22:28,627 - INFO - Rejected chunk_id 577: Contains 'Table'
2026-08-06 03:22:31,380 - INFO - Rejected chunk_id 182: Too similar to original (37.0% overlap)
2026-08-06 03:22:34,635 - INFO - Rejected chunk_id 5925: Too similar to original (38.2% overlap)
2026-08-06 03:22:43,451 - INFO - Rejected chunk_id 393: Too similar to original (42.9% overlap)
2026-08-06 03:22:45,719 - INFO - Rejected chunk_id 336: Too similar to original (31.0% overlap)
2026-08-06 03:22:47,342 - INFO - Rejected chunk_id 1884: Too similar to original (50.8% overlap)
2026-08-06 03:22:49,813 - INFO - Rejected chunk_id 418: Too similar to original (33.3% overlap)
2026-08-06 03:22:55,851 - INFO - Rejected chunk_id 246: Too similar to original (39.4% overlap)
2026-08-06 03:22:59,983 - INFO - Rejected chunk_id 2778: Too similar to original (37.8% overlap)
2026-08-06 03:23:02,797 - INFO - Rejected chunk_id 383: Too similar to original (38.6% overlap)
2026-08-06 03:23:05,404 - INFO - Rejected chunk_id 2827: Too similar to original (40.7% overlap)
2026-08-06 03:23:07,830 - INFO - Rejected chunk_id 7105: Contains 'Table'
2026-08-06 03:23:09,758 - INFO - Rejected chunk_id 4428: Too similar to original (31.8% overlap)
2026-08-06 03:23:16,225 - INFO - Rejected chunk_id 958: Too similar to original (31.4% overlap)
2026-08-06 03:23:20,507 - INFO - Rejected chunk_id 841: Too similar to original (47.5% overlap)
2026-08-06 03:23:24,322 - INFO - Rejected chunk_id 312: Too similar to original (30.3% overlap)
2026-08-06 03:23:26,991 - INFO - Rejected chunk_id 1685: Too similar to original (30.3% overlap)
2026-08-06 03:23:29,445 - INFO - Rejected chunk_id 2831: Too similar to original (47.8% overlap)
2026-08-06 03:23:31,756 - INFO - Rejected chunk_id 2503: Too similar to original (33.3% overlap)
2026-08-06 03:23:34,394 - INFO - Rejected chunk_id 3326: Contains 'Table'
2026-08-06 03:23:41,660 - INFO - Rejected chunk_id 1862: Too similar to original (48.5% overlap)
2026-08-06 03:23:47,413 - INFO - Rejected chunk_id 2796: Too similar to original (43.5% overlap)
2026-08-06 03:23:54,694 - INFO - Rejected chunk_id 287: Too similar to original (51.6% overlap)
2026-08-06 03:23:59,335 - INFO - Rejected chunk_id 2683: Contains 'Table'
2026-08-06 03:24:02,608 - INFO - Rejected chunk_id 317: Too similar to original (42.6% overlap)
2026-08-06 03:24:04,367 - INFO - Rejected chunk_id 1102: Too similar to original (46.8% overlap)
2026-08-06 03:24:10,420 - INFO - Rejected chunk_id 2621: Contains 'Table'
2026-08-06 03:24:12,433 - INFO - Rejected chunk_id 1218: Too similar to original (43.9% overlap)
2026-08-06 03:24:14,045 - INFO - Rejected chunk_id 832: Contains 'Table'
2026-08-06 03:24:17,337 - INFO - Rejected chunk_id 47: Too similar to original (38.2% overlap)
2026-08-06 03:24:22,350 - INFO - Rejected chunk_id 6535: Contains 'Table'
2026-08-06 03:24:24,636 - INFO - Rejected chunk_id 87: Contains 'Table'
2026-08-06 03:24:27,107 - INFO - Rejected chunk_id 535: Too similar to original (49.1% overlap)
2026-08-06 03:24:29,225 - INFO - Rejected chunk_id 2161: Too similar to original (57.7% overlap)
2026-08-06 03:24:34,169 - INFO - Rejected chunk_id 1656: Contains 'Table'
2026-08-06 03:24:36,090 - INFO - Rejected chunk_id 889: Too similar to original (39.4% overlap)
2026-08-06 03:24:40,418 - INFO - Rejected chunk_id 1210: Too similar to original (39.7% overlap)
2026-08-06 03:24:42,502 - INFO - Rejected chunk_id 2274: Too similar to original (36.8% overlap)
2026-08-06 03:24:44,036 - INFO - Rejected chunk_id 2447: Too similar to original (30.2% overlap)
2026-08-06 03:24:49,389 - INFO - Rejected chunk_id 2103: Contains 'Table'
2026-08-06 03:24:54,352 - INFO - Rejected chunk_id 2063: Too similar to original (46.4% overlap)
2026-08-06 03:24:57,373 - INFO - Rejected chunk_id 633: Too similar to original (46.7% overlap)
2026-08-06 03:24:58,901 - INFO - Rejected chunk_id 2233: Too similar to original (34.0% overlap)
2026-08-06 03:25:00,092 - INFO - Rejected chunk_id 400: Too similar to original (31.6% overlap)
2026-08-06 03:25:01,507 - INFO - Rejected chunk_id 538: Too similar to original (30.9% overlap)
2026-08-06 03:25:02,898 - INFO - Rejected chunk_id 2498: Too similar to original (40.7% overlap)
2026-08-06 03:25:05,842 - INFO - Rejected chunk_id 2162: Too similar to original (32.8% overlap)
2026-08-06 03:25:08,142 - INFO - Rejected chunk_id 459: Too similar to original (52.4% overlap)
2026-08-06 03:25:09,867 - INFO - Rejected chunk_id 2975: Too similar to original (61.4% overlap)
2026-08-06 03:25:12,031 - INFO - Rejected chunk_id 205: Too similar to original (46.4% overlap)
2026-08-06 03:25:15,129 - INFO - Rejected chunk_id 6617: Too similar to original (39.2% overlap)
2026-08-06 03:25:17,484 - INFO - Rejected chunk_id 4518: Too similar to original (40.0% overlap)
2026-08-06 03:25:19,002 - INFO - Rejected chunk_id 102: Too similar to original (31.7% overlap)
2026-08-06 03:25:25,606 - INFO - Rejected chunk_id 62: Too similar to original (35.1% overlap)
2026-08-06 03:25:27,655 - INFO - Rejected chunk_id 1520: Too similar to original (36.6% overlap)
2026-08-06 03:25:29,552 - INFO - Rejected chunk_id 685: Too similar to original (43.9% overlap)
2026-08-06 03:25:35,529 - INFO - Rejected chunk_id 1805: Contains 'Table'
2026-08-06 03:25:37,216 - INFO - Rejected chunk_id 565: Too similar to original (46.0% overlap)
2026-08-06 03:25:40,794 - INFO - Rejected chunk_id 547: Too similar to original (41.5% overlap)
2026-08-06 03:25:42,365 - INFO - Rejected chunk_id 590: Too similar to original (39.2% overlap)
2026-08-06 03:25:44,357 - INFO - Rejected chunk_id 5206: Too similar to original (36.1% overlap)
2026-08-06 03:25:46,502 - INFO - Rejected chunk_id 2651: Too similar to original (34.0% overlap)
2026-08-06 03:25:49,325 - INFO - Rejected chunk_id 323: Too similar to original (69.6% overlap)
2026-08-06 03:25:51,551 - INFO - Rejected chunk_id 740: Too similar to original (33.3% overlap)
2026-08-06 03:25:56,788 - INFO - Rejected chunk_id 1922: Too similar to original (43.1% overlap)
2026-08-06 03:26:01,102 - INFO - Rejected chunk_id 4686: Contains 'Table'
2026-08-06 03:26:03,363 - INFO - Rejected chunk_id 51: Too similar to original (42.3% overlap)
2026-08-06 03:26:07,595 - INFO - Rejected chunk_id 802: Too similar to original (39.3% overlap)
2026-08-06 03:26:09,485 - INFO - Rejected chunk_id 1403: Too similar to original (30.8% overlap)
2026-08-06 03:26:11,263 - INFO - Rejected chunk_id 255: Too similar to original (44.8% overlap)
2026-08-06 03:26:14,514 - INFO - Rejected chunk_id 2224: Too similar to original (39.7% overlap)
2026-08-06 03:26:23,898 - INFO - Rejected chunk_id 2711: Too similar to original (41.5% overlap)
2026-08-06 03:26:25,855 - INFO - Rejected chunk_id 2905: Contains 'Figure'
2026-08-06 03:26:29,781 - INFO - Rejected chunk_id 1023: Too similar to original (53.5% overlap)
2026-08-06 03:26:31,498 - INFO - Rejected chunk_id 2529: Too similar to original (34.4% overlap)
2026-08-06 03:26:34,333 - INFO - Rejected chunk_id 69: Too similar to original (31.5% overlap)
2026-08-06 03:26:36,539 - INFO - Rejected chunk_id 538: Too similar to original (40.3% overlap)
2026-08-06 03:26:39,386 - INFO - Rejected chunk_id 825: Contains 'Table'
2026-08-06 03:26:43,422 - INFO - Rejected chunk_id 691: Too similar to original (37.5% overlap)
2026-08-06 03:26:47,042 - INFO - Rejected chunk_id 6815: Too similar to original (47.2% overlap)
2026-08-06 03:26:49,225 - INFO - Rejected chunk_id 466: Too similar to original (46.0% overlap)
2026-08-06 03:26:57,711 - INFO - Rejected chunk_id 729: Too similar to original (33.3% overlap)
2026-08-06 03:27:02,987 - INFO - Rejected chunk_id 2131: Too similar to original (43.6% overlap)
2026-08-06 03:27:06,002 - INFO - Rejected chunk_id 5189: Too similar to original (33.3% overlap)
2026-08-06 03:27:07,415 - INFO - Rejected chunk_id 89: Too similar to original (30.5% overlap)
2026-08-06 03:27:10,448 - INFO - Rejected chunk_id 86: Too similar to original (35.7% overlap)
2026-08-06 03:27:12,071 - INFO - Rejected chunk_id 1380: Too similar to original (46.0% overlap)
2026-08-06 03:27:18,320 - INFO - Rejected chunk_id 2082: Too similar to original (40.9% overlap)
2026-08-06 03:27:20,090 - INFO - Rejected chunk_id 2665: Too similar to original (44.2% overlap)
2026-08-06 03:27:23,857 - INFO - Rejected chunk_id 506: Too similar to original (44.6% overlap)
2026-08-06 03:27:26,508 - INFO - Rejected chunk_id 342: Too similar to original (55.6% overlap)
2026-08-06 03:27:28,414 - INFO - Rejected chunk_id 671: Too similar to original (43.1% overlap)
2026-08-06 03:27:30,179 - INFO - Rejected chunk_id 3265: Too similar to original (51.1% overlap)
2026-08-06 03:27:32,181 - INFO - Rejected chunk_id 10: Too similar to original (31.2% overlap)
2026-08-06 03:27:33,470 - INFO - Rejected chunk_id 120: Too similar to original (41.1% overlap)
2026-08-06 03:27:36,766 - INFO - Rejected chunk_id 2552: Too similar to original (40.8% overlap)
2026-08-06 03:27:40,749 - INFO - Rejected chunk_id 1761: Too similar to original (54.0% overlap)
2026-08-06 03:27:42,517 - INFO - Rejected chunk_id 78: Contains 'Figure'
2026-08-06 03:27:46,568 - INFO - Rejected chunk_id 210: Too similar to original (40.0% overlap)
2026-08-06 03:27:47,977 - INFO - Rejected chunk_id 926: Too similar to original (45.8% overlap)
2026-08-06 03:27:49,621 - INFO - Rejected chunk_id 1152: Too similar to original (42.9% overlap)
2026-08-06 03:27:51,148 - INFO - Rejected chunk_id 4376: Too similar to original (34.9% overlap)
2026-08-06 03:27:53,441 - INFO - Rejected chunk_id 1733: Too similar to original (57.4% overlap)
2026-08-06 03:27:55,147 - INFO - Rejected chunk_id 1283: Too similar to original (47.5% overlap)
2026-08-06 03:27:56,817 - INFO - Rejected chunk_id 504: Too similar to original (31.1% overlap)
2026-08-06 03:27:59,315 - INFO - Rejected chunk_id 212: Too similar to original (42.0% overlap)
2026-08-06 03:28:01,105 - INFO - Rejected chunk_id 1388: Too similar to original (50.9% overlap)
2026-08-06 03:28:02,976 - INFO - Rejected chunk_id 1900: Too similar to original (42.4% overlap)
2026-08-06 03:28:10,805 - INFO - Rejected chunk_id 321: Too similar to original (50.0% overlap)
2026-08-06 03:28:12,666 - INFO - Rejected chunk_id 4509: Contains 'Table'
2026-08-06 03:28:17,103 - INFO - Rejected chunk_id 7329: Too similar to original (32.8% overlap)
2026-08-06 03:28:19,922 - INFO - Rejected chunk_id 358: Too similar to original (39.1% overlap)
2026-08-06 03:28:27,055 - INFO - Rejected chunk_id 2324: Too similar to original (44.9% overlap)
2026-08-06 03:28:30,915 - INFO - Rejected chunk_id 353: Too similar to original (30.6% overlap)
2026-08-06 03:28:36,105 - INFO - Rejected chunk_id 706: Too similar to original (32.4% overlap)
2026-08-06 03:28:37,938 - INFO - Rejected chunk_id 1162: Too similar to original (42.0% overlap)
2026-08-06 03:28:42,114 - INFO - Rejected chunk_id 6841: Contains 'Table'
2026-08-06 03:28:47,509 - INFO - Rejected chunk_id 4464: Too similar to original (30.3% overlap)
2026-08-06 03:28:48,770 - INFO - Rejected chunk_id 2539: Too similar to original (50.0% overlap)
2026-08-06 03:28:51,831 - INFO - Rejected chunk_id 1229: Too similar to original (43.6% overlap)
2026-08-06 03:28:54,819 - INFO - Rejected chunk_id 378: Too similar to original (31.4% overlap)
2026-08-06 03:28:58,545 - INFO - Rejected chunk_id 1523: Too similar to original (42.2% overlap)
2026-08-06 03:29:00,134 - INFO - Rejected chunk_id 600: Too similar to original (45.0% overlap)
2026-08-06 03:29:02,700 - INFO - Rejected chunk_id 3889: Contains 'Table'
2026-08-06 03:29:05,474 - INFO - Rejected chunk_id 872: Too similar to original (34.8% overlap)
2026-08-06 03:29:07,488 - INFO - Rejected chunk_id 2340: Too similar to original (43.5% overlap)
2026-08-06 03:29:10,347 - INFO - Rejected chunk_id 65: Too similar to original (35.5% overlap)
2026-08-06 03:29:12,742 - INFO - Rejected chunk_id 4473: Contains 'Table'
2026-08-06 03:29:16,451 - INFO - Rejected chunk_id 2575: Too similar to original (38.5% overlap)
2026-08-06 03:29:21,579 - INFO - Rejected chunk_id 280: Too similar to original (48.3% overlap)
2026-08-06 03:29:24,036 - INFO - Rejected chunk_id 82: Too similar to original (54.5% overlap)
2026-08-06 03:29:26,516 - INFO - Rejected chunk_id 796: Too similar to original (37.7% overlap)
2026-08-06 03:29:28,868 - INFO - Rejected chunk_id 5948: Contains 'Table'
2026-08-06 03:29:30,696 - INFO - Rejected chunk_id 1678: Too similar to original (37.1% overlap)
2026-08-06 03:29:33,728 - INFO - Rejected chunk_id 1069: Too similar to original (37.0% overlap)
2026-08-06 03:29:35,693 - INFO - Rejected chunk_id 447: Too similar to original (50.0% overlap)
2026-08-06 03:29:39,431 - INFO - Rejected chunk_id 1991: Too similar to original (48.5% overlap)
2026-08-06 03:29:43,541 - INFO - Rejected chunk_id 2826: Too similar to original (52.4% overlap)
2026-08-06 03:29:45,494 - INFO - Rejected chunk_id 1352: Too similar to original (30.2% overlap)
2026-08-06 03:29:48,618 - INFO - Rejected chunk_id 662: Too similar to original (33.3% overlap)
2026-08-06 03:29:50,642 - INFO - Rejected chunk_id 946: Too similar to original (37.3% overlap)
2026-08-06 03:29:55,536 - INFO - Rejected chunk_id 2430: Too similar to original (32.7% overlap)
2026-08-06 03:29:58,545 - INFO - Rejected chunk_id 850: Too similar to original (45.3% overlap)
2026-08-06 03:30:02,073 - INFO - Rejected chunk_id 7414: Contains 'Table'
2026-08-06 03:30:03,174 - INFO - Rejected chunk_id 175: Too similar to original (34.1% overlap)
2026-08-06 03:30:06,529 - INFO - Rejected chunk_id 1442: Too similar to original (30.9% overlap)
2026-08-06 03:30:08,353 - INFO - Rejected chunk_id 1163: Too similar to original (45.9% overlap)
2026-08-06 03:30:10,875 - INFO - Rejected chunk_id 2460: Too similar to original (45.5% overlap)
2026-08-06 03:30:13,069 - INFO - Rejected chunk_id 1073: Too similar to original (41.4% overlap)
2026-08-06 03:30:15,996 - INFO - Rejected chunk_id 197: Contains 'Figure'
2026-08-06 03:30:17,850 - INFO - Rejected chunk_id 93: Too similar to original (37.1% overlap)
2026-08-06 03:30:19,152 - INFO - Rejected chunk_id 394: Too similar to original (30.9% overlap)
2026-08-06 03:30:29,571 - INFO - Rejected chunk_id 5521: Contains 'Table'
2026-08-06 03:30:31,127 - INFO - Rejected chunk_id 1012: Contains 'Table'
2026-08-06 03:30:35,342 - INFO - Rejected chunk_id 1767: Too similar to original (54.1% overlap)
2026-08-06 03:30:37,419 - INFO - Rejected chunk_id 817: Too similar to original (32.4% overlap)
2026-08-06 03:30:39,827 - INFO - Rejected chunk_id 50: Too similar to original (65.6% overlap)
2026-08-06 03:30:41,536 - INFO - Rejected chunk_id 2160: Too similar to original (33.3% overlap)
2026-08-06 03:30:42,777 - INFO - Rejected chunk_id 1750: Too similar to original (34.0% overlap)
2026-08-06 03:30:44,686 - INFO - Rejected chunk_id 2989: Contains 'Table'
2026-08-06 03:30:46,782 - INFO - Rejected chunk_id 370: Too similar to original (32.1% overlap)
2026-08-06 03:30:48,561 - INFO - Rejected chunk_id 2482: Too similar to original (37.5% overlap)
2026-08-06 03:30:52,377 - INFO - Rejected chunk_id 4006: Too similar to original (35.3% overlap)
2026-08-06 03:30:53,923 - INFO - Rejected chunk_id 1636: Too similar to original (45.5% overlap)
2026-08-06 03:30:55,905 - INFO - Rejected chunk_id 5783: Contains 'Table'
2026-08-06 03:30:57,575 - INFO - Rejected chunk_id 5984: Too similar to original (41.7% overlap)
2026-08-06 03:31:01,801 - INFO - Rejected chunk_id 2497: Too similar to original (37.5% overlap)
2026-08-06 03:31:07,406 - INFO - Rejected chunk_id 3286: Too similar to original (45.6% overlap)
2026-08-06 03:31:11,228 - INFO - Rejected chunk_id 1615: Too similar to original (36.6% overlap)
2026-08-06 03:31:13,292 - INFO - Rejected chunk_id 219: Too similar to original (37.9% overlap)
2026-08-06 03:31:15,385 - INFO - Rejected chunk_id 2582: Too similar to original (46.4% overlap)
2026-08-06 03:31:17,048 - INFO - Rejected chunk_id 644: Too similar to original (60.8% overlap)
2026-08-06 03:31:18,647 - INFO - Rejected chunk_id 649: Too similar to original (50.8% overlap)
2026-08-06 03:31:20,072 - INFO - Rejected chunk_id 2043: Too similar to original (65.4% overlap)
2026-08-06 03:31:22,353 - INFO - Rejected chunk_id 1583: Too similar to original (42.2% overlap)
2026-08-06 03:31:27,101 - INFO - Rejected chunk_id 2212: Too similar to original (32.3% overlap)
2026-08-06 03:31:28,981 - INFO - Rejected chunk_id 2605: Too similar to original (57.6% overlap)
2026-08-06 03:31:30,393 - INFO - Rejected chunk_id 191: Too similar to original (44.2% overlap)
2026-08-06 03:31:32,254 - INFO - Rejected chunk_id 6755: Contains 'Table'
2026-08-06 03:31:34,506 - INFO - Rejected chunk_id 4653: Contains 'Table'
2026-08-06 03:31:36,246 - INFO - Rejected chunk_id 502: Too similar to original (56.0% overlap)
2026-08-06 03:31:37,494 - INFO - Rejected chunk_id 4404: Too similar to original (36.5% overlap)
2026-08-06 03:31:38,945 - INFO - Rejected chunk_id 1874: Too similar to original (38.2% overlap)
2026-08-06 03:31:43,393 - INFO - Rejected chunk_id 160: Too similar to original (38.5% overlap)
2026-08-06 03:31:45,210 - INFO - Rejected chunk_id 6395: Too similar to original (32.2% overlap)
2026-08-06 03:31:47,491 - INFO - Rejected chunk_id 201: Too similar to original (45.7% overlap)
2026-08-06 03:31:49,769 - INFO - Rejected chunk_id 3214: Too similar to original (33.9% overlap)
2026-08-06 03:31:52,821 - INFO - Rejected chunk_id 795: Too similar to original (32.3% overlap)
2026-08-06 03:31:54,383 - INFO - Rejected chunk_id 2219: Contains 'Table'
2026-08-06 03:31:57,537 - INFO - Rejected chunk_id 98: Too similar to original (35.8% overlap)
2026-08-06 03:31:58,988 - INFO - Rejected chunk_id 536: Too similar to original (39.0% overlap)
2026-08-06 03:32:00,391 - INFO - Rejected chunk_id 1169: Too similar to original (47.2% overlap)
2026-08-06 03:32:02,985 - INFO - Rejected chunk_id 5990: Too similar to original (40.5% overlap)
2026-08-06 03:32:05,255 - INFO - Rejected chunk_id 1365: Too similar to original (46.7% overlap)
2026-08-06 03:32:06,987 - INFO - Rejected chunk_id 377: Too similar to original (47.4% overlap)
2026-08-06 03:32:10,327 - INFO - Rejected chunk_id 1387: Too similar to original (41.9% overlap)
2026-08-06 03:32:12,801 - INFO - Rejected chunk_id 699: Too similar to original (35.7% overlap)
2026-08-06 03:32:15,885 - INFO - Rejected chunk_id 1008: Too similar to original (36.5% overlap)
2026-08-06 03:32:20,614 - INFO - Rejected chunk_id 2731: Too similar to original (41.1% overlap)
2026-08-06 03:32:24,124 - INFO - Rejected chunk_id 1935: Too similar to original (50.7% overlap)
2026-08-06 03:32:27,801 - INFO - Rejected chunk_id 25: Too similar to original (36.4% overlap)
2026-08-06 03:32:30,002 - INFO - Rejected chunk_id 2040: Too similar to original (61.9% overlap)
2026-08-06 03:32:32,286 - INFO - Rejected chunk_id 275: Too similar to original (32.9% overlap)
2026-08-06 03:32:35,585 - INFO - Rejected chunk_id 2089: Too similar to original (33.3% overlap)
2026-08-06 03:32:40,845 - INFO - Rejected chunk_id 345: Too similar to original (40.5% overlap)
2026-08-06 03:32:42,338 - INFO - Rejected chunk_id 1282: Too similar to original (44.8% overlap)
2026-08-06 03:32:45,649 - INFO - Rejected chunk_id 86: Too similar to original (43.5% overlap)
2026-08-06 03:32:53,995 - INFO - Rejected chunk_id 2729: Contains 'Table'
2026-08-06 03:32:55,626 - INFO - Rejected chunk_id 1043: Too similar to original (31.7% overlap)
2026-08-06 03:32:57,966 - INFO - Rejected chunk_id 418: Too similar to original (37.5% overlap)
2026-08-06 03:33:00,275 - INFO - Rejected chunk_id 921: Too similar to original (36.4% overlap)
2026-08-06 03:33:05,229 - INFO - Rejected chunk_id 140: Too similar to original (31.7% overlap)
2026-08-06 03:33:08,743 - INFO - Rejected chunk_id 2529: Contains 'Table'
2026-08-06 03:33:10,277 - INFO - Rejected chunk_id 1704: Too similar to original (38.5% overlap)
2026-08-06 03:33:12,128 - INFO - Rejected chunk_id 930: Too similar to original (36.5% overlap)
2026-08-06 03:33:14,145 - INFO - Rejected chunk_id 849: Too similar to original (57.4% overlap)
2026-08-06 03:33:16,562 - INFO - Rejected chunk_id 236: Too similar to original (31.6% overlap)
2026-08-06 03:33:19,973 - INFO - Rejected chunk_id 784: Too similar to original (32.7% overlap)
2026-08-06 03:33:26,144 - INFO - Rejected chunk_id 3773: Too similar to original (35.6% overlap)
2026-08-06 03:33:31,531 - INFO - Rejected chunk_id 921: Contains 'Table'
2026-08-06 03:33:33,301 - INFO - Rejected chunk_id 489: Too similar to original (50.0% overlap)
2026-08-06 03:33:34,859 - INFO - Rejected chunk_id 2816: Too similar to original (32.1% overlap)
2026-08-06 03:33:36,409 - INFO - Rejected chunk_id 2667: Too similar to original (54.5% overlap)
2026-08-06 03:33:38,987 - INFO - Rejected chunk_id 516: Too similar to original (32.8% overlap)
2026-08-06 03:33:44,383 - INFO - Rejected chunk_id 1404: Contains 'Figure'
2026-08-06 03:33:48,956 - INFO - Rejected chunk_id 5640: Contains 'Table'
2026-08-06 03:33:50,925 - INFO - Rejected chunk_id 66: Too similar to original (39.4% overlap)
2026-08-06 03:33:52,357 - INFO - Rejected chunk_id 6724: Contains 'Table'
2026-08-06 03:33:54,110 - INFO - Rejected chunk_id 161: Too similar to original (40.7% overlap)
2026-08-06 03:33:56,050 - INFO - Rejected chunk_id 87: Too similar to original (40.3% overlap)
2026-08-06 03:33:59,294 - INFO - Rejected chunk_id 5545: Too similar to original (30.8% overlap)
2026-08-06 03:34:01,244 - INFO - Rejected chunk_id 790: Too similar to original (38.6% overlap)
2026-08-06 03:34:03,725 - INFO - Rejected chunk_id 471: Too similar to original (40.3% overlap)
2026-08-06 03:34:06,495 - INFO - Rejected chunk_id 61: Contains 'Table'
2026-08-06 03:34:09,635 - INFO - Rejected chunk_id 7379: Too similar to original (38.2% overlap)
2026-08-06 03:34:12,476 - INFO - Rejected chunk_id 3540: Contains 'Table'
2026-08-06 03:34:14,423 - INFO - Rejected chunk_id 2032: Too similar to original (45.2% overlap)
2026-08-06 03:34:15,941 - INFO - Rejected chunk_id 1629: Too similar to original (57.7% overlap)
2026-08-06 03:34:17,945 - INFO - Rejected chunk_id 2645: Too similar to original (47.4% overlap)
2026-08-06 03:34:23,381 - INFO - Rejected chunk_id 446: Too similar to original (32.2% overlap)
2026-08-06 03:34:25,892 - INFO - Rejected chunk_id 2872: Too similar to original (49.2% overlap)
2026-08-06 03:34:28,636 - INFO - Rejected chunk_id 18: Contains 'Table'
2026-08-06 03:34:37,805 - INFO - Rejected chunk_id 145: Too similar to original (42.9% overlap)
2026-08-06 03:34:43,961 - INFO - Rejected chunk_id 6459: Contains 'Table'
2026-08-06 03:34:47,277 - INFO - Rejected chunk_id 133: Too similar to original (40.0% overlap)
2026-08-06 03:34:48,882 - INFO - Rejected chunk_id 168: Too similar to original (41.0% overlap)
2026-08-06 03:34:50,456 - INFO - Rejected chunk_id 2004: Too similar to original (38.9% overlap)
2026-08-06 03:34:51,868 - INFO - Rejected chunk_id 2448: Too similar to original (33.9% overlap)
2026-08-06 03:34:53,424 - INFO - Rejected chunk_id 6811: Contains 'Table'
2026-08-06 03:34:55,689 - INFO - Rejected chunk_id 1506: Too similar to original (36.4% overlap)
2026-08-06 03:34:59,659 - INFO - Rejected chunk_id 2127: Too similar to original (36.7% overlap)
2026-08-06 03:35:02,380 - INFO - Rejected chunk_id 1841: Too similar to original (46.4% overlap)
2026-08-06 03:35:03,714 - INFO - Rejected chunk_id 2864: Too similar to original (54.7% overlap)
2026-08-06 03:35:07,285 - INFO - Rejected chunk_id 7230: Too similar to original (31.9% overlap)
2026-08-06 03:35:10,225 - INFO - Rejected chunk_id 558: Too similar to original (50.9% overlap)
2026-08-06 03:35:16,461 - INFO - Rejected chunk_id 2080: Too similar to original (46.2% overlap)
2026-08-06 03:35:19,255 - INFO - Rejected chunk_id 1339: Too similar to original (40.0% overlap)
2026-08-06 03:35:20,729 - INFO - Rejected chunk_id 163: Too similar to original (53.6% overlap)
2026-08-06 03:35:22,432 - INFO - Rejected chunk_id 7334: Contains 'Table'
2026-08-06 03:35:27,213 - INFO - Rejected chunk_id 2697: Too similar to original (34.8% overlap)
2026-08-06 03:35:29,367 - INFO - Rejected chunk_id 162: Too similar to original (39.0% overlap)
2026-08-06 03:35:32,560 - INFO - Rejected chunk_id 1429: Contains 'Figure'
2026-08-06 03:35:35,131 - INFO - Rejected chunk_id 4727: Contains 'Table'
2026-08-06 03:35:39,761 - INFO - Rejected chunk_id 2527: Too similar to original (45.6% overlap)
2026-08-06 03:35:42,760 - INFO - Rejected chunk_id 326: Too similar to original (42.6% overlap)
2026-08-06 03:35:44,290 - INFO - Rejected chunk_id 1181: Too similar to original (38.3% overlap)
2026-08-06 03:35:46,474 - INFO - Rejected chunk_id 2544: Too similar to original (51.7% overlap)
2026-08-06 03:35:53,677 - INFO - Rejected chunk_id 454: Too similar to original (40.3% overlap)
2026-08-06 03:35:57,402 - INFO - Rejected chunk_id 1174: Too similar to original (47.5% overlap)
2026-08-06 03:35:58,600 - INFO - Rejected chunk_id 1897: Too similar to original (38.8% overlap)
2026-08-06 03:36:03,979 - INFO - Rejected chunk_id 570: Too similar to original (43.5% overlap)
2026-08-06 03:36:06,465 - INFO - Rejected chunk_id 602: Too similar to original (45.5% overlap)
2026-08-06 03:36:08,496 - INFO - Rejected chunk_id 7165: Too similar to original (35.7% overlap)
2026-08-06 03:36:10,050 - INFO - Rejected chunk_id 2773: Too similar to original (40.7% overlap)
2026-08-06 03:36:11,475 - INFO - Rejected chunk_id 857: Too similar to original (40.0% overlap)
2026-08-06 03:36:13,402 - INFO - Rejected chunk_id 1752: Too similar to original (38.0% overlap)
2026-08-06 03:36:15,114 - INFO - Rejected chunk_id 1041: Too similar to original (46.7% overlap)
2026-08-06 03:36:18,451 - INFO - Rejected chunk_id 856: Too similar to original (34.0% overlap)
2026-08-06 03:36:19,803 - INFO - Rejected chunk_id 1076: Too similar to original (52.8% overlap)
2026-08-06 03:36:22,229 - INFO - Rejected chunk_id 862: Too similar to original (43.2% overlap)
2026-08-06 03:36:23,958 - INFO - Rejected chunk_id 893: Too similar to original (31.7% overlap)
2026-08-06 03:36:25,452 - INFO - Rejected chunk_id 71: Too similar to original (31.1% overlap)
2026-08-06 03:36:27,631 - INFO - Rejected chunk_id 1017: Too similar to original (47.7% overlap)
2026-08-06 03:36:37,546 - INFO - Rejected chunk_id 1044: Too similar to original (37.3% overlap)
2026-08-06 03:36:39,426 - INFO - Rejected chunk_id 711: Too similar to original (34.4% overlap)
2026-08-06 03:36:42,531 - INFO - Rejected chunk_id 2784: Too similar to original (54.5% overlap)
2026-08-06 03:36:44,884 - INFO - Rejected chunk_id 854: Too similar to original (55.2% overlap)
2026-08-06 03:36:46,648 - INFO - Rejected chunk_id 1679: Too similar to original (48.1% overlap)
2026-08-06 03:36:48,217 - INFO - Rejected chunk_id 5771: Contains 'Table'
2026-08-06 03:36:52,919 - INFO - Rejected chunk_id 343: Contains 'Table'
2026-08-06 03:36:54,624 - INFO - Rejected chunk_id 119: Too similar to original (42.9% overlap)
2026-08-06 03:36:56,841 - INFO - Rejected chunk_id 953: Too similar to original (42.9% overlap)
2026-08-06 03:36:59,010 - INFO - Rejected chunk_id 318: Too similar to original (40.0% overlap)
2026-08-06 03:37:00,488 - INFO - Rejected chunk_id 28: Too similar to original (31.7% overlap)
2026-08-06 03:37:08,587 - INFO - Rejected chunk_id 677: Too similar to original (30.8% overlap)
2026-08-06 03:37:10,415 - INFO - Rejected chunk_id 917: Contains 'Figure'
2026-08-06 03:37:15,218 - INFO - Rejected chunk_id 1347: Too similar to original (45.0% overlap)
2026-08-06 03:37:20,865 - INFO - Rejected chunk_id 4518: Too similar to original (38.3% overlap)
2026-08-06 03:37:22,077 - INFO - Rejected chunk_id 160: Too similar to original (38.2% overlap)
2026-08-06 03:37:23,523 - INFO - Rejected chunk_id 1044: Too similar to original (48.1% overlap)
2026-08-06 03:37:27,616 - INFO - Rejected chunk_id 2329: Too similar to original (31.0% overlap)
2026-08-06 03:37:28,956 - INFO - Rejected chunk_id 1353: Too similar to original (35.7% overlap)
2026-08-06 03:37:34,298 - INFO - Rejected chunk_id 34: Too similar to original (40.9% overlap)
2026-08-06 03:37:41,168 - INFO - Rejected chunk_id 706: Too similar to original (34.4% overlap)
2026-08-06 03:37:44,389 - INFO - Rejected chunk_id 31: Too similar to original (30.2% overlap)
2026-08-06 03:37:57,546 - INFO - Rejected chunk_id 12: Too similar to original (59.3% overlap)
2026-08-06 03:38:01,250 - INFO - Rejected chunk_id 5137: Too similar to original (44.4% overlap)
2026-08-06 03:38:05,483 - INFO - Rejected chunk_id 1512: Too similar to original (37.7% overlap)
2026-08-06 03:38:10,184 - INFO - Rejected chunk_id 1641: Contains 'Table'
2026-08-06 03:38:11,433 - INFO - Rejected chunk_id 490: Too similar to original (37.5% overlap)
2026-08-06 03:38:12,847 - INFO - Rejected chunk_id 76: Too similar to original (50.0% overlap)
2026-08-06 03:38:14,468 - INFO - Rejected chunk_id 801: Too similar to original (49.2% overlap)
2026-08-06 03:38:16,552 - INFO - Rejected chunk_id 2896: Too similar to original (32.5% overlap)
2026-08-06 03:38:20,024 - INFO - Rejected chunk_id 760: Too similar to original (45.0% overlap)
2026-08-06 03:38:21,888 - INFO - Rejected chunk_id 1627: Too similar to original (48.2% overlap)
2026-08-06 03:38:23,559 - INFO - Rejected chunk_id 5644: Contains 'Figure'
2026-08-06 03:38:24,945 - INFO - Rejected chunk_id 956: Too similar to original (55.9% overlap)
2026-08-06 03:38:29,648 - INFO - Rejected chunk_id 1257: Too similar to original (41.0% overlap)
2026-08-06 03:38:31,804 - INFO - Rejected chunk_id 1004: Too similar to original (35.5% overlap)
2026-08-06 03:38:33,421 - INFO - Rejected chunk_id 1311: Too similar to original (49.1% overlap)
2026-08-06 03:38:35,930 - INFO - Rejected chunk_id 1246: Contains 'Table'
2026-08-06 03:38:37,830 - INFO - Rejected chunk_id 297: Too similar to original (50.0% overlap)
2026-08-06 03:38:41,920 - INFO - Rejected chunk_id 2252: Too similar to original (50.0% overlap)
2026-08-06 03:38:44,163 - INFO - Rejected chunk_id 177: Too similar to original (31.7% overlap)
2026-08-06 03:38:45,691 - INFO - Rejected chunk_id 595: Too similar to original (40.7% overlap)
2026-08-06 03:38:47,337 - INFO - Rejected chunk_id 26: Too similar to original (37.3% overlap)
2026-08-06 03:38:49,845 - INFO - Rejected chunk_id 2790: Too similar to original (32.9% overlap)
2026-08-06 03:38:52,672 - INFO - Rejected chunk_id 71: Too similar to original (51.1% overlap)
2026-08-06 03:38:55,318 - INFO - Rejected chunk_id 884: Too similar to original (34.9% overlap)
2026-08-06 03:38:57,057 - INFO - Rejected chunk_id 309: Too similar to original (30.6% overlap)
2026-08-06 03:39:04,169 - INFO - Rejected chunk_id 776: Too similar to original (41.5% overlap)
2026-08-06 03:39:05,861 - INFO - Rejected chunk_id 229: Too similar to original (47.5% overlap)
2026-08-06 03:39:07,551 - INFO - Rejected chunk_id 43: Too similar to original (46.9% overlap)
2026-08-06 03:39:09,346 - INFO - Rejected chunk_id 1861: Too similar to original (41.0% overlap)
2026-08-06 03:39:10,928 - INFO - Rejected chunk_id 83: Too similar to original (39.7% overlap)
2026-08-06 03:39:13,143 - INFO - Rejected chunk_id 375: Contains 'Table'
2026-08-06 03:39:15,183 - INFO - Rejected chunk_id 679: Too similar to original (30.2% overlap)
2026-08-06 03:39:17,487 - INFO - Rejected chunk_id 597: Too similar to original (50.9% overlap)
2026-08-06 03:39:20,477 - INFO - Rejected chunk_id 7420: Contains 'Table'
2026-08-06 03:39:23,062 - INFO - Rejected chunk_id 1182: Contains 'Table'
2026-08-06 03:39:24,895 - INFO - Rejected chunk_id 1443: Too similar to original (31.8% overlap)
2026-08-06 03:39:26,986 - INFO - Rejected chunk_id 1275: Too similar to original (42.4% overlap)
2026-08-06 03:39:32,325 - INFO - Rejected chunk_id 1000: Too similar to original (53.8% overlap)
2026-08-06 03:39:37,430 - INFO - Rejected chunk_id 1883: Too similar to original (37.1% overlap)
2026-08-06 03:39:39,116 - INFO - Rejected chunk_id 2754: Too similar to original (38.5% overlap)
2026-08-06 03:39:44,532 - INFO - Rejected chunk_id 129: Too similar to original (48.4% overlap)
2026-08-06 03:39:46,443 - INFO - Rejected chunk_id 4465: Contains 'Table'
2026-08-06 03:39:48,251 - INFO - Rejected chunk_id 7366: Contains 'Figure'
2026-08-06 03:39:49,835 - INFO - Rejected chunk_id 2245: Too similar to original (40.3% overlap)
2026-08-06 03:39:54,587 - INFO - Rejected chunk_id 2245: Too similar to original (51.8% overlap)
2026-08-06 03:39:58,148 - INFO - Rejected chunk_id 738: Too similar to original (40.0% overlap)
2026-08-06 03:40:02,961 - INFO - Rejected chunk_id 1596: Too similar to original (39.3% overlap)
2026-08-06 03:40:13,203 - INFO - Rejected chunk_id 1387: Too similar to original (38.8% overlap)
2026-08-06 03:40:20,135 - INFO - Rejected chunk_id 46: Too similar to original (31.8% overlap)
2026-08-06 03:40:22,615 - INFO - Rejected chunk_id 4652: Too similar to original (35.6% overlap)
2026-08-06 03:40:26,049 - INFO - Rejected chunk_id 1693: Too similar to original (37.5% overlap)
2026-08-06 03:40:35,858 - INFO - Rejected chunk_id 1499: Too similar to original (47.0% overlap)
2026-08-06 03:40:41,247 - INFO - Rejected chunk_id 1185: Too similar to original (38.9% overlap)
2026-08-06 03:40:43,076 - INFO - Rejected chunk_id 270: Too similar to original (32.4% overlap)
2026-08-06 03:40:45,125 - INFO - Rejected chunk_id 826: Too similar to original (32.8% overlap)
2026-08-06 03:40:46,852 - INFO - Rejected chunk_id 294: Too similar to original (35.5% overlap)
2026-08-06 03:40:48,855 - INFO - Rejected chunk_id 204: Too similar to original (38.2% overlap)
2026-08-06 03:40:50,919 - INFO - Rejected chunk_id 1790: Too similar to original (50.8% overlap)
2026-08-06 03:40:52,253 - INFO - Rejected chunk_id 6734: Too similar to original (37.5% overlap)
2026-08-06 03:40:56,740 - INFO - Rejected chunk_id 1824: Too similar to original (37.5% overlap)
2026-08-06 03:40:58,394 - INFO - Rejected chunk_id 396: Too similar to original (45.8% overlap)
2026-08-06 03:41:00,741 - INFO - Rejected chunk_id 110: Too similar to original (41.1% overlap)
2026-08-06 03:41:02,988 - INFO - Rejected chunk_id 492: Too similar to original (35.4% overlap)
2026-08-06 03:41:04,630 - INFO - Rejected chunk_id 792: Too similar to original (41.1% overlap)
2026-08-06 03:41:06,774 - INFO - Rejected chunk_id 1808: Contains repeated words
2026-08-06 03:41:08,229 - INFO - Rejected chunk_id 72: Too similar to original (34.5% overlap)
2026-08-06 03:41:10,982 - INFO - Rejected chunk_id 2509: Too similar to original (49.0% overlap)
2026-08-06 03:41:12,542 - INFO - Rejected chunk_id 2967: Too similar to original (50.0% overlap)
2026-08-06 03:41:16,410 - INFO - Rejected chunk_id 2841: Too similar to original (38.1% overlap)
2026-08-06 03:41:18,533 - INFO - Rejected chunk_id 573: Too similar to original (53.7% overlap)
2026-08-06 03:41:19,902 - INFO - Rejected chunk_id 1211: Too similar to original (40.0% overlap)
2026-08-06 03:41:23,405 - INFO - Rejected chunk_id 2090: Too similar to original (41.7% overlap)
2026-08-06 03:41:24,922 - INFO - Rejected chunk_id 611: Too similar to original (35.9% overlap)
2026-08-06 03:41:28,421 - INFO - Rejected chunk_id 50: Too similar to original (47.5% overlap)
2026-08-06 03:41:31,804 - INFO - Rejected chunk_id 651: Too similar to original (49.3% overlap)
2026-08-06 03:41:33,356 - INFO - Rejected chunk_id 172: Too similar to original (39.1% overlap)
2026-08-06 03:41:35,939 - INFO - Rejected chunk_id 364: Too similar to original (41.9% overlap)
2026-08-06 03:41:38,539 - INFO - Rejected chunk_id 673: Too similar to original (47.9% overlap)
2026-08-06 03:41:40,201 - INFO - Rejected chunk_id 2210: Too similar to original (40.9% overlap)
2026-08-06 03:41:41,693 - INFO - Rejected chunk_id 1098: Too similar to original (52.5% overlap)
2026-08-06 03:41:45,103 - INFO - Rejected chunk_id 2981: Too similar to original (35.6% overlap)
2026-08-06 03:41:48,546 - INFO - Rejected chunk_id 5730: Too similar to original (32.7% overlap)
2026-08-06 03:41:51,050 - INFO - Rejected chunk_id 642: Too similar to original (31.9% overlap)
2026-08-06 03:41:52,747 - INFO - Rejected chunk_id 5926: Contains 'Table'
2026-08-06 03:41:59,823 - INFO - Rejected chunk_id 294: Too similar to original (50.0% overlap)
2026-08-06 03:42:01,820 - INFO - Rejected chunk_id 2204: Too similar to original (47.8% overlap)
2026-08-06 03:42:03,310 - INFO - Rejected chunk_id 267: Too similar to original (44.3% overlap)
2026-08-06 03:42:06,739 - INFO - Rejected chunk_id 1009: Too similar to original (47.4% overlap)
2026-08-06 03:42:08,794 - INFO - Rejected chunk_id 996: Too similar to original (40.8% overlap)
2026-08-06 03:42:10,304 - INFO - Rejected chunk_id 1104: Too similar to original (56.4% overlap)
2026-08-06 03:42:14,377 - INFO - Rejected chunk_id 423: Too similar to original (37.5% overlap)
2026-08-06 03:42:16,212 - INFO - Rejected chunk_id 6714: Contains 'Table'
2026-08-06 03:42:19,951 - INFO - Rejected chunk_id 2815: Too similar to original (39.4% overlap)
2026-08-06 03:42:24,330 - INFO - Rejected chunk_id 2194: Too similar to original (45.2% overlap)
2026-08-06 03:42:28,593 - INFO - Rejected chunk_id 761: Too similar to original (50.9% overlap)
2026-08-06 03:42:30,819 - INFO - Rejected chunk_id 19: Too similar to original (30.9% overlap)
2026-08-06 03:42:34,476 - INFO - Rejected chunk_id 4816: Contains 'Table'
2026-08-06 03:42:37,412 - INFO - Rejected chunk_id 812: Too similar to original (33.3% overlap)
2026-08-06 03:42:40,586 - INFO - Rejected chunk_id 514: Too similar to original (35.9% overlap)
2026-08-06 03:42:41,981 - INFO - Rejected chunk_id 2113: Too similar to original (59.6% overlap)
2026-08-06 03:42:44,127 - INFO - Rejected chunk_id 2627: Too similar to original (50.9% overlap)
2026-08-06 03:42:46,145 - INFO - Rejected chunk_id 865: Too similar to original (42.6% overlap)
2026-08-06 03:42:47,709 - INFO - Rejected chunk_id 2478: Too similar to original (39.6% overlap)
2026-08-06 03:42:49,517 - INFO - Rejected chunk_id 158: Contains 'Figure'
2026-08-06 03:42:52,026 - INFO - Rejected chunk_id 1757: Contains 'Table'
2026-08-06 03:42:54,790 - INFO - Rejected chunk_id 317: Too similar to original (38.2% overlap)
2026-08-06 03:42:58,217 - INFO - Rejected chunk_id 201: Too similar to original (47.5% overlap)
2026-08-06 03:43:01,323 - INFO - Rejected chunk_id 270: Too similar to original (48.4% overlap)
2026-08-06 03:43:03,235 - INFO - Rejected chunk_id 620: Contains 'Table'
2026-08-06 03:43:04,966 - INFO - Rejected chunk_id 2526: Too similar to original (38.8% overlap)
2026-08-06 03:43:06,501 - INFO - Rejected chunk_id 133: Too similar to original (37.3% overlap)
2026-08-06 03:43:08,507 - INFO - Rejected chunk_id 5868: Contains 'Table'
2026-08-06 03:43:10,822 - INFO - Rejected chunk_id 451: Contains 'Figure'
2026-08-06 03:43:13,112 - INFO - Rejected chunk_id 6713: Contains 'Table'
2026-08-06 03:43:14,427 - INFO - Rejected chunk_id 131: Too similar to original (51.8% overlap)
2026-08-06 03:43:19,963 - INFO - Rejected chunk_id 1616: Too similar to original (56.4% overlap)
2026-08-06 03:43:21,944 - INFO - Rejected chunk_id 5193: Contains 'Table'
2026-08-06 03:43:23,405 - INFO - Rejected chunk_id 5028: Contains 'Table'
2026-08-06 03:43:25,330 - INFO - Rejected chunk_id 1533: Contains 'Table'
2026-08-06 03:43:27,092 - INFO - Rejected chunk_id 2013: Too similar to original (54.0% overlap)
2026-08-06 03:43:28,442 - INFO - Rejected chunk_id 1528: Too similar to original (40.7% overlap)
2026-08-06 03:43:32,153 - INFO - Rejected chunk_id 791: Too similar to original (35.1% overlap)
2026-08-06 03:43:36,680 - INFO - Rejected chunk_id 404: Too similar to original (40.4% overlap)
2026-08-06 03:43:38,810 - INFO - Rejected chunk_id 2965: Contains 'Table'
2026-08-06 03:43:40,614 - INFO - Rejected chunk_id 4649: Contains 'Table'
2026-08-06 03:43:42,811 - INFO - Rejected chunk_id 440: Too similar to original (50.8% overlap)
2026-08-06 03:43:52,056 - INFO - Rejected chunk_id 2566: Too similar to original (40.0% overlap)
2026-08-06 03:43:57,101 - INFO - Rejected chunk_id 3053: Too similar to original (32.8% overlap)
2026-08-06 03:44:02,259 - INFO - Rejected chunk_id 602: Too similar to original (33.8% overlap)
2026-08-06 03:44:03,922 - INFO - Rejected chunk_id 1597: Too similar to original (43.3% overlap)
2026-08-06 03:44:07,390 - INFO - Rejected chunk_id 254: Too similar to original (50.0% overlap)
2026-08-06 03:44:09,215 - INFO - Rejected chunk_id 4600: Contains 'Table'
2026-08-06 03:44:12,457 - INFO - Rejected chunk_id 3164: Too similar to original (32.9% overlap)
2026-08-06 03:44:16,396 - INFO - Rejected chunk_id 910: Too similar to original (36.5% overlap)
2026-08-06 03:44:18,040 - INFO - Rejected chunk_id 54: Too similar to original (49.3% overlap)
2026-08-06 03:44:19,965 - INFO - Rejected chunk_id 7573: Contains 'Table'
2026-08-06 03:44:21,979 - INFO - Rejected chunk_id 1003: Too similar to original (34.5% overlap)
2026-08-06 03:44:23,465 - INFO - Rejected chunk_id 136: Too similar to original (37.5% overlap)
2026-08-06 03:44:24,686 - INFO - Rejected chunk_id 326: Too similar to original (37.8% overlap)
2026-08-06 03:44:26,345 - INFO - Rejected chunk_id 2493: Too similar to original (64.8% overlap)
2026-08-06 03:44:29,532 - INFO - Rejected chunk_id 763: Contains 'Figure'
2026-08-06 03:44:34,346 - INFO - Rejected chunk_id 58: Too similar to original (33.3% overlap)
2026-08-06 03:44:39,871 - INFO - Rejected chunk_id 1995: Too similar to original (34.4% overlap)
2026-08-06 03:44:41,274 - INFO - Rejected chunk_id 1066: Too similar to original (32.7% overlap)
2026-08-06 03:44:42,881 - INFO - Rejected chunk_id 783: Contains 'Figure'
2026-08-06 03:44:47,507 - INFO - Rejected chunk_id 3570: Too similar to original (33.3% overlap)
2026-08-06 03:44:49,268 - INFO - Rejected chunk_id 850: Contains 'Table'
2026-08-06 03:44:53,781 - INFO - Rejected chunk_id 1926: Too similar to original (31.7% overlap)
2026-08-06 03:44:57,179 - INFO - Rejected chunk_id 707: Too similar to original (35.7% overlap)
2026-08-06 03:45:00,073 - INFO - Rejected chunk_id 715: Contains 'Figure'
2026-08-06 03:45:03,771 - INFO - Rejected chunk_id 2650: Too similar to original (31.0% overlap)
2026-08-06 03:45:05,409 - INFO - Rejected chunk_id 328: Too similar to original (32.8% overlap)
2026-08-06 03:45:11,846 - INFO - Rejected chunk_id 5217: Contains 'Table'
2026-08-06 03:45:13,858 - INFO - Rejected chunk_id 4439: Contains 'Table'
2026-08-06 03:45:17,246 - INFO - Rejected chunk_id 2487: Too similar to original (62.1% overlap)
2026-08-06 03:45:19,351 - INFO - Rejected chunk_id 334: Too similar to original (44.9% overlap)
2026-08-06 03:45:21,421 - INFO - Rejected chunk_id 56: Too similar to original (47.4% overlap)
2026-08-06 03:45:26,860 - INFO - Rejected chunk_id 956: Too similar to original (62.5% overlap)
2026-08-06 03:45:28,482 - INFO - Rejected chunk_id 3309: Contains 'Table'
2026-08-06 03:45:30,527 - INFO - Rejected chunk_id 2682: Too similar to original (31.9% overlap)
2026-08-06 03:45:34,975 - INFO - Rejected chunk_id 1650: Too similar to original (41.4% overlap)
2026-08-06 03:45:36,514 - INFO - Rejected chunk_id 659: Too similar to original (32.3% overlap)
2026-08-06 03:45:38,720 - INFO - Rejected chunk_id 523: Contains 'Figure'
2026-08-06 03:45:41,504 - INFO - Rejected chunk_id 856: Too similar to original (40.6% overlap)
2026-08-06 03:45:43,167 - INFO - Rejected chunk_id 121: Too similar to original (42.9% overlap)
2026-08-06 03:45:49,614 - INFO - Rejected chunk_id 120: Too similar to original (35.5% overlap)
2026-08-06 03:45:51,156 - INFO - Rejected chunk_id 2121: Too similar to original (37.0% overlap)
2026-08-06 03:45:53,007 - INFO - Rejected chunk_id 484: Too similar to original (42.2% overlap)
2026-08-06 03:45:54,640 - INFO - Rejected chunk_id 329: Too similar to original (31.3% overlap)
2026-08-06 03:45:56,922 - INFO - Rejected chunk_id 372: Too similar to original (41.8% overlap)
2026-08-06 03:46:01,490 - INFO - Rejected chunk_id 6057: Contains 'Table'
2026-08-06 03:46:04,033 - INFO - Rejected chunk_id 1518: Too similar to original (31.1% overlap)
2026-08-06 03:46:05,782 - INFO - Rejected chunk_id 1736: Too similar to original (55.6% overlap)
2026-08-06 03:46:11,011 - INFO - Rejected chunk_id 1559: Contains 'Table'
2026-08-06 03:46:13,042 - INFO - Rejected chunk_id 1209: Too similar to original (35.9% overlap)
2026-08-06 03:46:16,880 - INFO - Rejected chunk_id 420: Too similar to original (43.3% overlap)
2026-08-06 03:46:18,508 - INFO - Rejected chunk_id 195: Too similar to original (30.2% overlap)
2026-08-06 03:46:20,328 - INFO - Rejected chunk_id 31: Too similar to original (37.1% overlap)
2026-08-06 03:46:24,279 - INFO - Rejected chunk_id 4147: Contains 'Table'
2026-08-06 03:46:27,276 - INFO - Rejected chunk_id 718: Too similar to original (35.9% overlap)
2026-08-06 03:46:31,243 - INFO - Rejected chunk_id 2095: Too similar to original (45.2% overlap)
2026-08-06 03:46:33,016 - INFO - Rejected chunk_id 440: Too similar to original (36.4% overlap)
2026-08-06 03:46:41,163 - INFO - Rejected chunk_id 7397: Too similar to original (32.8% overlap)
2026-08-06 03:46:43,209 - INFO - Rejected chunk_id 11: Too similar to original (33.8% overlap)
2026-08-06 03:46:44,906 - INFO - Rejected chunk_id 744: Too similar to original (34.2% overlap)
2026-08-06 03:46:47,701 - INFO - Rejected chunk_id 85: Too similar to original (45.5% overlap)
2026-08-06 03:46:49,267 - INFO - Rejected chunk_id 2523: Too similar to original (41.9% overlap)
2026-08-06 03:46:51,511 - INFO - Rejected chunk_id 1168: Too similar to original (49.2% overlap)
2026-08-06 03:46:53,326 - INFO - Rejected chunk_id 140: Too similar to original (30.9% overlap)
2026-08-06 03:46:55,276 - INFO - Rejected chunk_id 1201: Too similar to original (41.2% overlap)
2026-08-06 03:46:57,299 - INFO - Rejected chunk_id 1878: Too similar to original (36.4% overlap)
2026-08-06 03:46:58,571 - INFO - Rejected chunk_id 1296: Too similar to original (42.4% overlap)
2026-08-06 03:47:00,403 - INFO - Rejected chunk_id 1152: Too similar to original (52.9% overlap)
2026-08-06 03:47:01,689 - INFO - Rejected chunk_id 71: Too similar to original (53.6% overlap)
2026-08-06 03:47:05,105 - INFO - Rejected chunk_id 1529: Too similar to original (43.5% overlap)
2026-08-06 03:47:06,660 - INFO - Rejected chunk_id 1150: Too similar to original (32.8% overlap)
2026-08-06 03:47:08,386 - INFO - Rejected chunk_id 193: Too similar to original (31.9% overlap)
2026-08-06 03:47:11,447 - INFO - Rejected chunk_id 894: Too similar to original (42.9% overlap)
2026-08-06 03:47:12,754 - INFO - Rejected chunk_id 2761: Contains 'Figure'
2026-08-06 03:47:16,355 - INFO - Rejected chunk_id 1911: Too similar to original (31.0% overlap)
2026-08-06 03:47:18,285 - INFO - Rejected chunk_id 25: Too similar to original (30.9% overlap)
2026-08-06 03:47:24,012 - INFO - Rejected chunk_id 236: Too similar to original (38.3% overlap)
2026-08-06 03:47:25,940 - INFO - Rejected chunk_id 1866: Too similar to original (47.5% overlap)
2026-08-06 03:47:28,284 - INFO - Rejected chunk_id 949: Too similar to original (42.0% overlap)
2026-08-06 03:47:34,189 - INFO - Rejected chunk_id 2154: Contains 'Table'
2026-08-06 03:47:36,680 - INFO - Rejected chunk_id 77: Too similar to original (46.4% overlap)
2026-08-06 03:47:38,498 - INFO - Rejected chunk_id 2507: Too similar to original (41.2% overlap)
2026-08-06 03:47:43,442 - INFO - Rejected chunk_id 224: Too similar to original (33.8% overlap)
2026-08-06 03:47:45,550 - INFO - Rejected chunk_id 2896: Too similar to original (40.2% overlap)
2026-08-06 03:47:49,130 - INFO - Rejected chunk_id 1175: Too similar to original (49.2% overlap)
2026-08-06 03:47:50,870 - INFO - Rejected chunk_id 2456: Too similar to original (48.3% overlap)
2026-08-06 03:47:51,989 - INFO - Rejected chunk_id 1505: Too similar to original (45.0% overlap)
2026-08-06 03:47:54,665 - INFO - Rejected chunk_id 486: Too similar to original (32.4% overlap)
2026-08-06 03:47:56,690 - INFO - Rejected chunk_id 2744: Too similar to original (32.4% overlap)
2026-08-06 03:47:58,395 - INFO - Rejected chunk_id 662: Too similar to original (37.9% overlap)
2026-08-06 03:48:00,102 - INFO - Rejected chunk_id 366: Too similar to original (61.5% overlap)
2026-08-06 03:48:01,464 - INFO - Rejected chunk_id 868: Contains 'Table'
2026-08-06 03:48:02,497 - INFO - Rejected chunk_id 193: Too similar to original (33.3% overlap)
2026-08-06 03:48:03,898 - INFO - Rejected chunk_id 905: Too similar to original (40.8% overlap)
2026-08-06 03:48:05,725 - INFO - Rejected chunk_id 858: Too similar to original (51.9% overlap)
2026-08-06 03:48:09,066 - INFO - Rejected chunk_id 2365: Too similar to original (44.3% overlap)
2026-08-06 03:48:11,807 - INFO - Rejected chunk_id 692: Too similar to original (38.8% overlap)
2026-08-06 03:48:13,647 - INFO - Rejected chunk_id 175: Too similar to original (35.6% overlap)
2026-08-06 03:48:15,206 - INFO - Rejected chunk_id 1685: Too similar to original (37.5% overlap)
2026-08-06 03:48:16,691 - INFO - Rejected chunk_id 2119: Too similar to original (57.4% overlap)
2026-08-06 03:48:20,309 - INFO - Rejected chunk_id 1780: Too similar to original (34.8% overlap)
2026-08-06 03:48:23,293 - INFO - Rejected chunk_id 345: Too similar to original (60.7% overlap)
2026-08-06 03:48:26,145 - INFO - Rejected chunk_id 145: Too similar to original (52.8% overlap)
2026-08-06 03:48:27,527 - INFO - Rejected chunk_id 442: Too similar to original (40.4% overlap)
2026-08-06 03:48:29,212 - INFO - Rejected chunk_id 5148: Too similar to original (33.9% overlap)
2026-08-06 03:48:30,731 - INFO - Rejected chunk_id 10: Too similar to original (42.9% overlap)
2026-08-06 03:48:32,852 - INFO - Rejected chunk_id 836: Too similar to original (47.3% overlap)
2026-08-06 03:48:35,275 - INFO - Rejected chunk_id 4918: Too similar to original (31.6% overlap)
2026-08-06 03:48:39,468 - INFO - Rejected chunk_id 2460: Too similar to original (48.5% overlap)
2026-08-06 03:48:43,194 - INFO - Rejected chunk_id 1260: Too similar to original (33.8% overlap)
2026-08-06 03:48:46,151 - INFO - Rejected chunk_id 751: Too similar to original (34.3% overlap)
2026-08-06 03:48:52,333 - INFO - Rejected chunk_id 92: Too similar to original (40.9% overlap)
2026-08-06 03:48:54,060 - INFO - Rejected chunk_id 529: Too similar to original (49.1% overlap)
2026-08-06 03:48:55,867 - INFO - Rejected chunk_id 4443: Too similar to original (31.4% overlap)
2026-08-06 03:48:58,856 - INFO - Rejected chunk_id 2595: Contains 'Table'
2026-08-06 03:49:03,404 - INFO - Rejected chunk_id 314: Too similar to original (46.6% overlap)
2026-08-06 03:49:08,713 - INFO - Rejected chunk_id 102: Too similar to original (32.8% overlap)
2026-08-06 03:49:09,815 - INFO - Rejected chunk_id 1332: Too similar to original (38.2% overlap)
2026-08-06 03:49:11,509 - INFO - Rejected chunk_id 6343: Contains 'Figure'
2026-08-06 03:49:14,302 - INFO - Rejected chunk_id 790: Too similar to original (34.2% overlap)
2026-08-06 03:49:15,895 - INFO - Rejected chunk_id 2595: Contains 'Table'
2026-08-06 03:49:18,297 - INFO - Rejected chunk_id 1641: Too similar to original (45.7% overlap)
2026-08-06 03:49:22,095 - INFO - Rejected chunk_id 643: Too similar to original (35.8% overlap)
2026-08-06 03:49:30,631 - INFO - Rejected chunk_id 487: Too similar to original (47.1% overlap)
2026-08-06 03:49:32,823 - INFO - Rejected chunk_id 343: Contains 'Figure'
2026-08-06 03:49:34,990 - INFO - Rejected chunk_id 53: Too similar to original (33.3% overlap)
2026-08-06 03:49:36,822 - INFO - Rejected chunk_id 1876: Too similar to original (53.7% overlap)
2026-08-06 03:49:40,795 - INFO - Rejected chunk_id 2791: Too similar to original (34.7% overlap)
2026-08-06 03:49:42,363 - INFO - Rejected chunk_id 2587: Too similar to original (43.3% overlap)
2026-08-06 03:49:47,458 - INFO - Rejected chunk_id 2214: Contains 'Figure'
2026-08-06 03:49:50,705 - INFO - Rejected chunk_id 211: Too similar to original (35.5% overlap)
2026-08-06 03:49:52,882 - INFO - Rejected chunk_id 2241: Too similar to original (32.7% overlap)
2026-08-06 03:49:56,464 - INFO - Rejected chunk_id 1373: Too similar to original (48.5% overlap)
2026-08-06 03:50:03,847 - INFO - Rejected chunk_id 1840: Too similar to original (42.3% overlap)
2026-08-06 03:50:05,054 - INFO - Rejected chunk_id 1087: Too similar to original (41.1% overlap)
2026-08-06 03:50:06,813 - INFO - Rejected chunk_id 234: Too similar to original (53.6% overlap)
2026-08-06 03:50:08,501 - INFO - Rejected chunk_id 1052: Too similar to original (49.1% overlap)
2026-08-06 03:50:10,955 - INFO - Rejected chunk_id 610: Too similar to original (40.9% overlap)
2026-08-06 03:50:12,647 - INFO - Rejected chunk_id 2869: Too similar to original (58.5% overlap)
2026-08-06 03:50:14,845 - INFO - Rejected chunk_id 5695: Too similar to original (32.7% overlap)
2026-08-06 03:50:19,909 - INFO - Rejected chunk_id 2248: Too similar to original (34.2% overlap)
2026-08-06 03:50:22,510 - INFO - Rejected chunk_id 1334: Contains 'Table'
2026-08-06 03:50:24,400 - INFO - Rejected chunk_id 5835: Contains 'Table'
2026-08-06 03:50:30,875 - INFO - Rejected chunk_id 3900: Contains 'Table'
2026-08-06 03:50:33,160 - INFO - Rejected chunk_id 495: Too similar to original (62.1% overlap)
2026-08-06 03:50:34,372 - INFO - Rejected chunk_id 1588: Too similar to original (38.6% overlap)
2026-08-06 03:50:38,837 - INFO - Rejected chunk_id 830: Too similar to original (37.7% overlap)
2026-08-06 03:50:40,292 - INFO - Rejected chunk_id 3299: Too similar to original (40.6% overlap)
2026-08-06 03:50:46,933 - INFO - Rejected chunk_id 80: Too similar to original (40.7% overlap)
2026-08-06 03:50:49,024 - INFO - Rejected chunk_id 2648: Too similar to original (45.9% overlap)
2026-08-06 03:50:51,080 - INFO - Rejected chunk_id 1952: Contains 'Table'
2026-08-06 03:50:54,872 - INFO - Rejected chunk_id 6822: Contains 'Table'
2026-08-06 03:50:58,365 - INFO - Rejected chunk_id 3969: Contains 'Table'
2026-08-06 03:51:01,847 - INFO - Rejected chunk_id 438: Too similar to original (37.5% overlap)
2026-08-06 03:51:06,550 - INFO - Rejected chunk_id 77: Too similar to original (35.7% overlap)
2026-08-06 03:51:08,956 - INFO - Rejected chunk_id 918: Too similar to original (64.2% overlap)
2026-08-06 03:51:12,058 - INFO - Rejected chunk_id 4416: Too similar to original (45.9% overlap)
2026-08-06 03:51:16,424 - INFO - Rejected chunk_id 2405: Too similar to original (43.1% overlap)
2026-08-06 03:51:21,194 - INFO - Rejected chunk_id 184: Too similar to original (35.0% overlap)
2026-08-06 03:51:24,148 - INFO - Rejected chunk_id 5918: Contains 'Figure'
2026-08-06 03:51:26,007 - INFO - Rejected chunk_id 1765: Too similar to original (42.2% overlap)
2026-08-06 03:51:27,449 - INFO - Rejected chunk_id 1085: Too similar to original (35.7% overlap)
2026-08-06 03:51:29,198 - INFO - Rejected chunk_id 3751: Contains 'Table'
2026-08-06 03:51:30,724 - INFO - Rejected chunk_id 1486: Too similar to original (44.9% overlap)
2026-08-06 03:51:38,046 - INFO - Rejected chunk_id 1914: Too similar to original (50.0% overlap)
2026-08-06 03:51:41,792 - INFO - Rejected chunk_id 809: Too similar to original (43.3% overlap)
2026-08-06 03:51:43,910 - INFO - Rejected chunk_id 975: Too similar to original (36.5% overlap)
2026-08-06 03:51:45,645 - INFO - Rejected chunk_id 1291: Too similar to original (50.9% overlap)
2026-08-06 03:51:48,421 - INFO - Rejected chunk_id 773: Too similar to original (40.6% overlap)
2026-08-06 03:51:53,564 - INFO - Rejected chunk_id 811: Too similar to original (46.3% overlap)
2026-08-06 03:51:59,141 - INFO - Rejected chunk_id 901: Too similar to original (44.8% overlap)
2026-08-06 03:52:02,030 - INFO - Rejected chunk_id 1929: Contains 'Table'
2026-08-06 03:52:04,432 - INFO - Rejected chunk_id 3672: Too similar to original (30.1% overlap)
2026-08-06 03:52:09,320 - INFO - Rejected chunk_id 1600: Too similar to original (40.7% overlap)
2026-08-06 03:52:11,351 - INFO - Rejected chunk_id 1011: Too similar to original (33.8% overlap)
2026-08-06 03:52:15,136 - INFO - Rejected chunk_id 229: Too similar to original (54.7% overlap)
2026-08-06 03:52:17,566 - INFO - Rejected chunk_id 53: Too similar to original (69.0% overlap)
2026-08-06 03:52:19,586 - INFO - Rejected chunk_id 2373: Too similar to original (51.6% overlap)
2026-08-06 03:52:23,180 - INFO - Rejected chunk_id 912: Too similar to original (40.3% overlap)
2026-08-06 03:52:30,059 - INFO - Rejected chunk_id 1059: Too similar to original (34.4% overlap)
2026-08-06 03:52:31,954 - INFO - Rejected chunk_id 1845: Contains 'Table'
2026-08-06 03:52:34,861 - INFO - Rejected chunk_id 361: Too similar to original (46.8% overlap)
2026-08-06 03:52:37,773 - INFO - Rejected chunk_id 1027: Contains 'Table'
2026-08-06 03:52:40,347 - INFO - Rejected chunk_id 1733: Contains 'Table'
2026-08-06 03:52:43,637 - INFO - Rejected chunk_id 530: Too similar to original (49.2% overlap)
2026-08-06 03:52:45,754 - INFO - Rejected chunk_id 2360: Too similar to original (53.1% overlap)
2026-08-06 03:52:47,461 - INFO - Rejected chunk_id 1042: Too similar to original (48.0% overlap)
2026-08-06 03:52:52,873 - INFO - Rejected chunk_id 1451: Too similar to original (37.9% overlap)
2026-08-06 03:53:04,143 - INFO - Rejected chunk_id 458: Too similar to original (46.2% overlap)
2026-08-06 03:53:06,332 - INFO - Rejected chunk_id 2830: Too similar to original (47.1% overlap)
2026-08-06 03:53:08,718 - INFO - Rejected chunk_id 2501: Too similar to original (44.4% overlap)
2026-08-06 03:53:10,145 - INFO - Rejected chunk_id 2462: Too similar to original (32.1% overlap)
2026-08-06 03:53:13,399 - INFO - Rejected chunk_id 919: Contains 'Figure'
2026-08-06 03:53:17,357 - INFO - Rejected chunk_id 48: Too similar to original (54.1% overlap)
2026-08-06 03:53:22,242 - INFO - Rejected chunk_id 1141: Too similar to original (68.3% overlap)
2026-08-06 03:53:25,616 - INFO - Rejected chunk_id 312: Too similar to original (36.8% overlap)
2026-08-06 03:53:28,144 - INFO - Rejected chunk_id 209: Too similar to original (45.9% overlap)
2026-08-06 03:53:29,846 - INFO - Rejected chunk_id 102: Too similar to original (34.0% overlap)
2026-08-06 03:53:35,964 - INFO - Rejected chunk_id 36: Too similar to original (34.0% overlap)
2026-08-06 03:53:40,494 - INFO - Rejected chunk_id 1059: Too similar to original (47.5% overlap)
2026-08-06 03:53:48,633 - INFO - Rejected chunk_id 2445: Contains 'Table'
2026-08-06 03:53:52,308 - INFO - Rejected chunk_id 1502: Contains 'Table'
2026-08-06 03:53:53,804 - INFO - Rejected chunk_id 7304: Too similar to original (43.9% overlap)
2026-08-06 03:53:54,975 - INFO - Rejected chunk_id 2503: Too similar to original (30.2% overlap)
2026-08-06 03:54:07,410 - INFO - Rejected chunk_id 348: Too similar to original (34.7% overlap)
2026-08-06 03:54:10,379 - INFO - Rejected chunk_id 788: Contains 'Table'
2026-08-06 03:54:11,710 - INFO - Rejected chunk_id 2615: Too similar to original (41.3% overlap)
2026-08-06 03:54:13,384 - INFO - Rejected chunk_id 1783: Too similar to original (38.3% overlap)
2026-08-06 03:54:19,550 - INFO - Rejected chunk_id 111: Too similar to original (37.0% overlap)
2026-08-06 03:54:21,198 - INFO - Rejected chunk_id 922: Contains 'Table'
2026-08-06 03:54:23,251 - INFO - Rejected chunk_id 927: Too similar to original (33.3% overlap)
2026-08-06 03:54:24,881 - INFO - Rejected chunk_id 981: Too similar to original (44.6% overlap)
2026-08-06 03:54:26,425 - INFO - Rejected chunk_id 149: Too similar to original (38.3% overlap)
2026-08-06 03:54:28,328 - INFO - Rejected chunk_id 1208: Too similar to original (48.6% overlap)
2026-08-06 03:54:29,946 - INFO - Rejected chunk_id 4533: Too similar to original (40.6% overlap)
2026-08-06 03:54:32,056 - INFO - Rejected chunk_id 1203: Too similar to original (35.0% overlap)
2026-08-06 03:54:34,323 - INFO - Rejected chunk_id 1074: Too similar to original (56.2% overlap)
2026-08-06 03:54:40,558 - INFO - Rejected chunk_id 499: Too similar to original (40.0% overlap)
2026-08-06 03:54:42,857 - INFO - Rejected chunk_id 3366: Too similar to original (36.7% overlap)
2026-08-06 03:54:44,559 - INFO - Rejected chunk_id 12: Too similar to original (39.7% overlap)
2026-08-06 03:54:46,313 - INFO - Rejected chunk_id 2876: Too similar to original (44.8% overlap)
2026-08-06 03:54:47,927 - INFO - Rejected chunk_id 728: Too similar to original (37.9% overlap)
2026-08-06 03:54:52,338 - INFO - Rejected chunk_id 19: Too similar to original (37.7% overlap)
2026-08-06 03:54:54,604 - INFO - Rejected chunk_id 637: Too similar to original (44.4% overlap)
2026-08-06 03:54:56,512 - INFO - Rejected chunk_id 947: Too similar to original (31.4% overlap)
2026-08-06 03:54:58,818 - INFO - Rejected chunk_id 336: Too similar to original (51.6% overlap)
2026-08-06 03:55:00,280 - INFO - Rejected chunk_id 2707: Too similar to original (53.8% overlap)
2026-08-06 03:55:04,464 - INFO - Rejected chunk_id 670: Too similar to original (41.8% overlap)
2026-08-06 03:55:05,875 - INFO - Rejected chunk_id 1907: Too similar to original (33.3% overlap)
2026-08-06 03:55:08,443 - INFO - Rejected chunk_id 560: Too similar to original (46.2% overlap)
2026-08-06 03:55:10,221 - INFO - Rejected chunk_id 1795: Too similar to original (50.8% overlap)
2026-08-06 03:55:14,069 - INFO - Rejected chunk_id 389: Too similar to original (43.3% overlap)
2026-08-06 03:55:19,962 - INFO - Rejected chunk_id 1923: Contains 'Table'
2026-08-06 03:55:24,331 - INFO - Rejected chunk_id 2862: Too similar to original (35.1% overlap)
2026-08-06 03:55:27,666 - INFO - Rejected chunk_id 560: Too similar to original (33.9% overlap)
2026-08-06 03:55:34,229 - INFO - Rejected chunk_id 335: Too similar to original (41.9% overlap)
2026-08-06 03:55:36,648 - INFO - Rejected chunk_id 2727: Too similar to original (50.8% overlap)
2026-08-06 03:55:37,928 - INFO - Rejected chunk_id 82: Too similar to original (30.6% overlap)
2026-08-06 03:55:41,343 - INFO - Rejected chunk_id 2528: Too similar to original (60.0% overlap)
2026-08-06 03:55:46,313 - INFO - Rejected chunk_id 632: Too similar to original (41.8% overlap)
2026-08-06 03:55:47,476 - INFO - Rejected chunk_id 969: Too similar to original (38.3% overlap)
2026-08-06 03:55:52,464 - INFO - Rejected chunk_id 1514: Too similar to original (43.3% overlap)
2026-08-06 03:55:55,649 - INFO - Rejected chunk_id 2289: Too similar to original (38.4% overlap)
2026-08-06 03:55:57,659 - INFO - Rejected chunk_id 4497: Too similar to original (43.4% overlap)
2026-08-06 03:56:01,272 - INFO - Rejected chunk_id 628: Too similar to original (48.5% overlap)
2026-08-06 03:56:05,309 - INFO - Rejected chunk_id 592: Too similar to original (32.3% overlap)
2026-08-06 03:56:09,905 - INFO - Rejected chunk_id 993: Too similar to original (35.9% overlap)
2026-08-06 03:56:11,795 - INFO - Rejected chunk_id 1324: Too similar to original (49.2% overlap)
2026-08-06 03:56:13,859 - INFO - Rejected chunk_id 5963: Too similar to original (52.9% overlap)
2026-08-06 03:56:15,925 - INFO - Rejected chunk_id 199: Too similar to original (50.7% overlap)
2026-08-06 03:56:20,443 - INFO - Rejected chunk_id 3911: Too similar to original (32.8% overlap)
2026-08-06 03:56:26,868 - INFO - Rejected chunk_id 5623: Contains 'Table'
2026-08-06 03:56:34,587 - INFO - Rejected chunk_id 714: Too similar to original (40.0% overlap)
2026-08-06 03:56:36,460 - INFO - Rejected chunk_id 66: Too similar to original (41.9% overlap)
2026-08-06 03:56:38,099 - INFO - Rejected chunk_id 2869: Too similar to original (60.0% overlap)
2026-08-06 03:56:40,547 - INFO - Rejected chunk_id 2518: Too similar to original (38.4% overlap)
2026-08-06 03:56:43,853 - INFO - Rejected chunk_id 134: Too similar to original (36.5% overlap)
2026-08-06 03:56:46,596 - INFO - Rejected chunk_id 373: Too similar to original (53.2% overlap)
2026-08-06 03:56:48,168 - INFO - Rejected chunk_id 4403: Too similar to original (40.7% overlap)
2026-08-06 03:56:50,003 - INFO - Rejected chunk_id 6267: Too similar to original (33.3% overlap)
2026-08-06 03:56:51,255 - INFO - Rejected chunk_id 1645: Too similar to original (45.5% overlap)
2026-08-06 03:56:56,412 - INFO - Rejected chunk_id 427: Too similar to original (41.7% overlap)
2026-08-06 03:56:58,053 - INFO - Rejected chunk_id 799: Too similar to original (50.0% overlap)
2026-08-06 03:57:00,818 - INFO - Rejected chunk_id 194: Too similar to original (40.4% overlap)
2026-08-06 03:57:02,617 - INFO - Rejected chunk_id 5923: Too similar to original (39.5% overlap)
2026-08-06 03:57:04,182 - INFO - Rejected chunk_id 1385: Too similar to original (41.0% overlap)
2026-08-06 03:57:05,280 - INFO - Rejected chunk_id 3190: Too similar to original (37.5% overlap)
2026-08-06 03:57:06,999 - INFO - Rejected chunk_id 4394: Too similar to original (39.7% overlap)
2026-08-06 03:57:08,921 - INFO - Rejected chunk_id 2765: Too similar to original (41.3% overlap)
2026-08-06 03:57:15,602 - INFO - Rejected chunk_id 884: Too similar to original (31.9% overlap)
2026-08-06 03:57:17,425 - INFO - Rejected chunk_id 7408: Contains 'Table'
2026-08-06 03:57:19,071 - INFO - Rejected chunk_id 1111: Too similar to original (34.5% overlap)
2026-08-06 03:57:20,941 - INFO - Rejected chunk_id 1795: Contains 'Table'
2026-08-06 03:57:22,353 - INFO - Rejected chunk_id 1343: Too similar to original (51.9% overlap)
2026-08-06 03:57:24,258 - INFO - Rejected chunk_id 799: Too similar to original (48.3% overlap)
2026-08-06 03:57:26,266 - INFO - Rejected chunk_id 2464: Too similar to original (42.6% overlap)
2026-08-06 03:57:28,287 - INFO - Rejected chunk_id 2372: Too similar to original (47.7% overlap)
2026-08-06 03:57:30,390 - INFO - Rejected chunk_id 2757: Too similar to original (38.5% overlap)
2026-08-06 03:57:32,327 - INFO - Rejected chunk_id 1175: Too similar to original (34.4% overlap)
2026-08-06 03:57:34,711 - INFO - Rejected chunk_id 567: Too similar to original (35.7% overlap)
2026-08-06 03:57:36,377 - INFO - Rejected chunk_id 1514: Too similar to original (48.4% overlap)
2026-08-06 03:57:38,531 - INFO - Rejected chunk_id 994: Too similar to original (32.9% overlap)
2026-08-06 03:57:40,522 - INFO - Rejected chunk_id 341: Too similar to original (41.0% overlap)
2026-08-06 03:57:42,278 - INFO - Rejected chunk_id 175: Too similar to original (39.1% overlap)
2026-08-06 03:57:43,515 - INFO - Rejected chunk_id 343: Too similar to original (37.7% overlap)
2026-08-06 03:57:49,100 - INFO - Rejected chunk_id 1071: Too similar to original (41.1% overlap)
2026-08-06 03:57:50,432 - INFO - Rejected chunk_id 6823: Contains 'Table'
2026-08-06 03:57:52,783 - INFO - Rejected chunk_id 503: Too similar to original (31.3% overlap)
2026-08-06 03:57:53,957 - INFO - Rejected chunk_id 981: Too similar to original (34.0% overlap)
2026-08-06 03:58:05,626 - INFO - Rejected chunk_id 5967: Contains 'Table'
2026-08-06 03:58:08,235 - INFO - Rejected chunk_id 5657: Contains 'Table'
2026-08-06 03:58:11,011 - INFO - Rejected chunk_id 1967: Too similar to original (30.2% overlap)
2026-08-06 03:58:12,663 - INFO - Rejected chunk_id 1101: Too similar to original (52.5% overlap)
2026-08-06 03:58:18,138 - INFO - Rejected chunk_id 38: Too similar to original (38.9% overlap)
2026-08-06 03:58:23,608 - INFO - Rejected chunk_id 795: Too similar to original (46.3% overlap)
2026-08-06 03:58:29,058 - INFO - Rejected chunk_id 6831: Contains 'Table'
2026-08-06 03:58:32,921 - INFO - Rejected chunk_id 1556: Contains 'Figure'
2026-08-06 03:58:37,854 - INFO - Rejected chunk_id 5254: Contains 'Table'
2026-08-06 03:58:40,532 - INFO - Rejected chunk_id 249: Too similar to original (34.8% overlap)
2026-08-06 03:58:42,721 - INFO - Rejected chunk_id 884: Too similar to original (31.4% overlap)
2026-08-06 03:58:45,291 - INFO - Rejected chunk_id 92: Too similar to original (35.4% overlap)
2026-08-06 03:58:47,984 - INFO - Rejected chunk_id 2321: Too similar to original (40.3% overlap)
2026-08-06 03:58:49,723 - INFO - Rejected chunk_id 1269: Too similar to original (50.0% overlap)
2026-08-06 03:58:51,783 - INFO - Rejected chunk_id 447: Contains 'Table'
2026-08-06 03:58:53,058 - INFO - Rejected chunk_id 2473: Too similar to original (34.7% overlap)
2026-08-06 03:58:55,025 - INFO - Rejected chunk_id 29: Too similar to original (36.0% overlap)
2026-08-06 03:58:58,714 - INFO - Rejected chunk_id 967: Too similar to original (36.6% overlap)
2026-08-06 03:59:02,772 - INFO - Rejected chunk_id 340: Contains 'Table'
2026-08-06 03:59:08,765 - INFO - Rejected chunk_id 88: Too similar to original (50.8% overlap)
2026-08-06 03:59:11,401 - INFO - Rejected chunk_id 1418: Too similar to original (40.4% overlap)
2026-08-06 03:59:15,246 - INFO - Rejected chunk_id 798: Too similar to original (37.3% overlap)
2026-08-06 03:59:16,978 - INFO - Rejected chunk_id 3870: Contains 'Table'
2026-08-06 03:59:18,950 - INFO - Rejected chunk_id 5594: Too similar to original (52.5% overlap)
2026-08-06 03:59:24,647 - INFO - Rejected chunk_id 579: Too similar to original (30.2% overlap)
2026-08-06 03:59:30,473 - INFO - Rejected chunk_id 2201: Contains 'Table'
2026-08-06 03:59:31,898 - INFO - Rejected chunk_id 81: Too similar to original (39.1% overlap)
2026-08-06 03:59:36,034 - INFO - Rejected chunk_id 1729: Too similar to original (55.6% overlap)
2026-08-06 03:59:37,757 - INFO - Rejected chunk_id 774: Too similar to original (50.0% overlap)
2026-08-06 03:59:39,612 - INFO - Rejected chunk_id 1709: Too similar to original (53.3% overlap)
2026-08-06 03:59:42,381 - INFO - Rejected chunk_id 337: Too similar to original (55.8% overlap)
2026-08-06 03:59:44,199 - INFO - Rejected chunk_id 977: Too similar to original (48.6% overlap)
2026-08-06 03:59:48,016 - INFO - Rejected chunk_id 4384: Too similar to original (49.1% overlap)
2026-08-06 03:59:49,830 - INFO - Rejected chunk_id 371: Too similar to original (46.6% overlap)
2026-08-06 03:59:51,698 - INFO - Rejected chunk_id 274: Too similar to original (35.2% overlap)
2026-08-06 03:59:57,756 - INFO - Rejected chunk_id 3327: Contains 'Table'
2026-08-06 04:00:05,286 - INFO - Rejected chunk_id 1551: Too similar to original (41.8% overlap)
2026-08-06 04:00:06,618 - INFO - Rejected chunk_id 1306: Too similar to original (36.0% overlap)
2026-08-06 04:00:09,302 - INFO - Rejected chunk_id 4598: Too similar to original (38.7% overlap)
2026-08-06 04:00:12,956 - INFO - Rejected chunk_id 2165: Too similar to original (38.6% overlap)
2026-08-06 04:00:16,529 - INFO - Rejected chunk_id 4963: Contains 'Table'
2026-08-06 04:00:20,973 - INFO - Rejected chunk_id 6730: Too similar to original (32.2% overlap)
2026-08-06 04:00:22,744 - INFO - Rejected chunk_id 424: Too similar to original (46.6% overlap)
2026-08-06 04:00:24,285 - INFO - Rejected chunk_id 1269: Too similar to original (40.7% overlap)
2026-08-06 04:00:27,221 - INFO - Rejected chunk_id 1149: Too similar to original (33.7% overlap)
2026-08-06 04:00:29,989 - INFO - Rejected chunk_id 2073: Too similar to original (51.1% overlap)
2026-08-06 04:00:31,475 - INFO - Rejected chunk_id 5189: Too similar to original (53.6% overlap)
2026-08-06 04:00:32,920 - INFO - Rejected chunk_id 326: Too similar to original (49.2% overlap)
2026-08-06 04:00:36,433 - INFO - Rejected chunk_id 39: Contains 'Table'
2026-08-06 04:00:38,077 - INFO - Rejected chunk_id 775: Too similar to original (37.5% overlap)
2026-08-06 04:00:39,919 - INFO - Rejected chunk_id 96: Too similar to original (49.3% overlap)
2026-08-06 04:00:43,160 - INFO - Rejected chunk_id 2743: Too similar to original (30.9% overlap)
2026-08-06 04:00:47,980 - INFO - Rejected chunk_id 590: Too similar to original (49.1% overlap)
2026-08-06 04:00:49,747 - INFO - Rejected chunk_id 135: Too similar to original (43.5% overlap)
2026-08-06 04:00:51,803 - INFO - Rejected chunk_id 17: Too similar to original (32.3% overlap)
2026-08-06 04:00:57,329 - INFO - Rejected chunk_id 1425: Contains 'Table'
2026-08-06 04:01:02,313 - INFO - Rejected chunk_id 2725: Too similar to original (35.8% overlap)
2026-08-06 04:01:03,738 - INFO - Rejected chunk_id 903: Too similar to original (36.4% overlap)
2026-08-06 04:01:06,677 - INFO - Rejected chunk_id 931: Too similar to original (33.9% overlap)
2026-08-06 04:01:10,188 - INFO - Rejected chunk_id 5633: Contains 'Table'
2026-08-06 04:01:11,905 - INFO - Rejected chunk_id 1740: Too similar to original (47.3% overlap)
2026-08-06 04:01:13,540 - INFO - Rejected chunk_id 1995: Too similar to original (47.1% overlap)
2026-08-06 04:01:14,856 - INFO - Rejected chunk_id 815: Too similar to original (35.7% overlap)
2026-08-06 04:01:17,174 - INFO - Rejected chunk_id 696: Too similar to original (51.6% overlap)
2026-08-06 04:01:20,307 - INFO - Rejected chunk_id 5229: Contains 'Table'
2026-08-06 04:01:22,300 - INFO - Rejected chunk_id 2280: Too similar to original (34.9% overlap)
2026-08-06 04:01:24,784 - INFO - Rejected chunk_id 5906: Contains 'Table'
2026-08-06 04:01:27,442 - INFO - Rejected chunk_id 867: Too similar to original (34.2% overlap)
2026-08-06 04:01:30,861 - INFO - Rejected chunk_id 2366: Too similar to original (53.0% overlap)
2026-08-06 04:01:33,366 - INFO - Rejected chunk_id 2367: Too similar to original (48.4% overlap)
2026-08-06 04:01:37,555 - INFO - Rejected chunk_id 2953: Too similar to original (46.7% overlap)
2026-08-06 04:01:39,086 - INFO - Rejected chunk_id 382: Too similar to original (33.3% overlap)
2026-08-06 04:01:40,876 - INFO - Rejected chunk_id 515: Too similar to original (40.3% overlap)
2026-08-06 04:01:43,334 - INFO - Rejected chunk_id 904: Too similar to original (34.9% overlap)
2026-08-06 04:01:45,829 - INFO - Rejected chunk_id 84: Too similar to original (30.6% overlap)
2026-08-06 04:01:48,178 - INFO - Rejected chunk_id 4435: Too similar to original (34.4% overlap)
2026-08-06 04:01:49,701 - INFO - Rejected chunk_id 1840: Too similar to original (31.7% overlap)
2026-08-06 04:01:53,392 - INFO - Rejected chunk_id 1754: Too similar to original (36.6% overlap)
2026-08-06 04:01:57,712 - INFO - Rejected chunk_id 81: Too similar to original (31.7% overlap)
2026-08-06 04:02:00,221 - INFO - Rejected chunk_id 1142: Too similar to original (43.8% overlap)
2026-08-06 04:02:02,166 - INFO - Rejected chunk_id 167: Too similar to original (34.5% overlap)
2026-08-06 04:02:03,734 - INFO - Rejected chunk_id 228: Too similar to original (35.3% overlap)
2026-08-06 04:02:07,199 - INFO - Rejected chunk_id 46: Too similar to original (49.2% overlap)
2026-08-06 04:02:09,110 - INFO - Rejected chunk_id 629: Too similar to original (36.5% overlap)
2026-08-06 04:02:10,732 - INFO - Rejected chunk_id 857: Too similar to original (49.1% overlap)
2026-08-06 04:02:12,946 - INFO - Rejected chunk_id 1605: Too similar to original (34.4% overlap)
2026-08-06 04:02:14,988 - INFO - Rejected chunk_id 6698: Too similar to original (51.7% overlap)
2026-08-06 04:02:16,487 - INFO - Rejected chunk_id 25: Too similar to original (46.0% overlap)
2026-08-06 04:02:18,191 - INFO - Rejected chunk_id 4392: Too similar to original (33.8% overlap)
2026-08-06 04:02:22,730 - INFO - Rejected chunk_id 1941: Too similar to original (32.9% overlap)
2026-08-06 04:02:25,961 - INFO - Rejected chunk_id 2514: Too similar to original (51.7% overlap)
2026-08-06 04:02:30,077 - INFO - Rejected chunk_id 2345: Too similar to original (43.9% overlap)
2026-08-06 04:02:31,836 - INFO - Rejected chunk_id 1384: Too similar to original (34.0% overlap)
2026-08-06 04:02:33,277 - INFO - Rejected chunk_id 2407: Too similar to original (35.3% overlap)
2026-08-06 04:02:35,770 - INFO - Rejected chunk_id 2722: Contains 'Table'
2026-08-06 04:02:37,678 - INFO - Rejected chunk_id 375: Too similar to original (70.2% overlap)
2026-08-06 04:02:39,352 - INFO - Rejected chunk_id 397: Too similar to original (37.3% overlap)
2026-08-06 04:02:41,764 - INFO - Rejected chunk_id 850: Contains 'Figure'
2026-08-06 04:02:46,154 - INFO - Rejected chunk_id 172: Too similar to original (36.9% overlap)
2026-08-06 04:02:48,706 - INFO - Rejected chunk_id 2407: Too similar to original (39.4% overlap)
2026-08-06 04:02:50,267 - INFO - Rejected chunk_id 301: Too similar to original (38.5% overlap)
2026-08-06 04:02:51,986 - INFO - Rejected chunk_id 2118: Too similar to original (54.1% overlap)
2026-08-06 04:02:54,242 - INFO - Rejected chunk_id 7669: Contains 'Figure'
2026-08-06 04:02:55,789 - INFO - Rejected chunk_id 381: Too similar to original (48.3% overlap)
2026-08-06 04:02:59,676 - INFO - Rejected chunk_id 4396: Too similar to original (36.4% overlap)
2026-08-06 04:03:01,727 - INFO - Rejected chunk_id 1790: Contains 'Table'
2026-08-06 04:03:05,374 - INFO - Rejected chunk_id 456: Too similar to original (38.7% overlap)
2026-08-06 04:03:10,642 - INFO - Rejected chunk_id 436: Too similar to original (43.2% overlap)
2026-08-06 04:03:12,234 - INFO - Rejected chunk_id 2390: Too similar to original (47.2% overlap)
2026-08-06 04:03:17,538 - INFO - Rejected chunk_id 2182: Too similar to original (40.0% overlap)
2026-08-06 04:03:23,137 - INFO - Rejected chunk_id 1392: Too similar to original (44.3% overlap)
2026-08-06 04:03:24,767 - INFO - Rejected chunk_id 194: Too similar to original (36.2% overlap)
2026-08-06 04:03:30,894 - INFO - Rejected chunk_id 979: Too similar to original (46.4% overlap)
2026-08-06 04:03:33,335 - INFO - Rejected chunk_id 1482: Contains 'Table'
2026-08-06 04:03:36,258 - INFO - Rejected chunk_id 2300: Too similar to original (38.9% overlap)
2026-08-06 04:03:47,340 - INFO - Rejected chunk_id 935: Too similar to original (42.9% overlap)
2026-08-06 04:03:49,098 - INFO - Rejected chunk_id 4491: Too similar to original (35.8% overlap)
2026-08-06 04:03:50,451 - INFO - Rejected chunk_id 1084: Too similar to original (39.6% overlap)
2026-08-06 04:03:52,258 - INFO - Rejected chunk_id 180: Too similar to original (34.8% overlap)
2026-08-06 04:03:58,821 - INFO - Rejected chunk_id 78: Too similar to original (50.0% overlap)
2026-08-06 04:04:01,242 - INFO - Rejected chunk_id 200: Too similar to original (49.2% overlap)
2026-08-06 04:04:03,220 - INFO - Rejected chunk_id 1162: Too similar to original (52.5% overlap)
2026-08-06 04:04:06,987 - INFO - Rejected chunk_id 2292: Too similar to original (52.7% overlap)
2026-08-06 04:04:09,889 - INFO - Rejected chunk_id 290: Too similar to original (38.7% overlap)
2026-08-06 04:04:12,639 - INFO - Rejected chunk_id 1052: Too similar to original (36.1% overlap)
2026-08-06 04:04:15,313 - INFO - Rejected chunk_id 412: Too similar to original (45.6% overlap)
2026-08-06 04:04:20,380 - INFO - Rejected chunk_id 2721: Too similar to original (41.2% overlap)
2026-08-06 04:04:24,974 - INFO - Rejected chunk_id 2333: Too similar to original (44.6% overlap)
2026-08-06 04:04:26,361 - INFO - Rejected chunk_id 1848: Too similar to original (47.9% overlap)
2026-08-06 04:04:27,738 - INFO - Rejected chunk_id 49: Too similar to original (35.8% overlap)
2026-08-06 04:04:29,850 - INFO - Rejected chunk_id 1638: Too similar to original (36.8% overlap)
2026-08-06 04:04:31,753 - INFO - Rejected chunk_id 3458: Too similar to original (40.3% overlap)
2026-08-06 04:04:33,552 - INFO - Rejected chunk_id 3256: Too similar to original (37.9% overlap)
2026-08-06 04:04:35,195 - INFO - Rejected chunk_id 2312: Too similar to original (41.1% overlap)
2026-08-06 04:04:41,655 - INFO - Rejected chunk_id 52: Too similar to original (53.8% overlap)
2026-08-06 04:04:45,210 - INFO - Rejected chunk_id 5968: Contains 'Table'
2026-08-06 04:04:46,841 - INFO - Rejected chunk_id 102: Too similar to original (44.2% overlap)
2026-08-06 04:04:50,010 - INFO - Rejected chunk_id 6460: Too similar to original (33.8% overlap)
2026-08-06 04:04:57,615 - INFO - Rejected chunk_id 6687: Too similar to original (46.0% overlap)
2026-08-06 04:04:59,561 - INFO - Rejected chunk_id 727: Too similar to original (35.4% overlap)
2026-08-06 04:05:01,652 - INFO - Rejected chunk_id 2975: Too similar to original (33.8% overlap)
2026-08-06 04:05:02,927 - INFO - Rejected chunk_id 37: Too similar to original (60.8% overlap)
2026-08-06 04:05:04,446 - INFO - Rejected chunk_id 7343: Contains 'Table'
2026-08-06 04:05:08,065 - INFO - Rejected chunk_id 1118: Too similar to original (51.5% overlap)
2026-08-06 04:05:09,754 - INFO - Rejected chunk_id 5: Too similar to original (32.4% overlap)
2026-08-06 04:05:11,069 - INFO - Rejected chunk_id 47: Too similar to original (38.0% overlap)
2026-08-06 04:05:12,599 - INFO - Rejected chunk_id 665: Too similar to original (40.7% overlap)
2026-08-06 04:05:15,249 - INFO - Rejected chunk_id 444: Too similar to original (32.9% overlap)
2026-08-06 04:05:18,036 - INFO - Rejected chunk_id 388: Too similar to original (43.4% overlap)
2026-08-06 04:05:20,412 - INFO - Rejected chunk_id 2730: Too similar to original (32.7% overlap)
2026-08-06 04:05:22,266 - INFO - Rejected chunk_id 3853: Too similar to original (33.8% overlap)
2026-08-06 04:05:24,072 - INFO - Rejected chunk_id 56: Too similar to original (39.1% overlap)
2026-08-06 04:05:26,427 - INFO - Rejected chunk_id 599: Too similar to original (41.8% overlap)
2026-08-06 04:05:28,121 - INFO - Rejected chunk_id 2218: Too similar to original (37.9% overlap)
2026-08-06 04:05:30,907 - INFO - Rejected chunk_id 278: Too similar to original (47.4% overlap)
2026-08-06 04:05:32,623 - INFO - Rejected chunk_id 2179: Too similar to original (33.9% overlap)
2026-08-06 04:05:34,972 - INFO - Rejected chunk_id 3242: Too similar to original (43.3% overlap)
2026-08-06 04:05:37,248 - INFO - Rejected chunk_id 5991: Contains 'Figure'
2026-08-06 04:05:38,951 - INFO - Rejected chunk_id 78: Contains 'Figure'
2026-08-06 04:05:40,768 - INFO - Rejected chunk_id 818: Too similar to original (46.2% overlap)
2026-08-06 04:05:43,047 - INFO - Rejected chunk_id 422: Too similar to original (36.1% overlap)
2026-08-06 04:05:46,454 - INFO - Rejected chunk_id 516: Too similar to original (43.2% overlap)
2026-08-06 04:05:49,153 - INFO - Rejected chunk_id 2474: Too similar to original (43.1% overlap)
2026-08-06 04:05:50,969 - INFO - Rejected chunk_id 813: Too similar to original (30.6% overlap)
2026-08-06 04:05:52,742 - INFO - Rejected chunk_id 266: Too similar to original (35.3% overlap)
2026-08-06 04:05:54,161 - INFO - Rejected chunk_id 2093: Too similar to original (36.8% overlap)
2026-08-06 04:05:58,596 - INFO - Rejected chunk_id 35: Too similar to original (41.5% overlap)
2026-08-06 04:06:00,211 - INFO - Rejected chunk_id 2411: Too similar to original (58.2% overlap)
2026-08-06 04:06:03,047 - INFO - Rejected chunk_id 3150: Too similar to original (41.4% overlap)
2026-08-06 04:06:06,169 - INFO - Rejected chunk_id 703: Too similar to original (50.0% overlap)
2026-08-06 04:06:08,447 - INFO - Rejected chunk_id 2412: Too similar to original (44.4% overlap)
2026-08-06 04:06:10,006 - INFO - Rejected chunk_id 1863: Too similar to original (41.1% overlap)
2026-08-06 04:06:13,322 - INFO - Rejected chunk_id 23: Too similar to original (35.0% overlap)
2026-08-06 04:06:15,118 - INFO - Rejected chunk_id 6360: Too similar to original (50.0% overlap)
2026-08-06 04:06:20,048 - INFO - Rejected chunk_id 303: Too similar to original (47.5% overlap)
2026-08-06 04:06:22,284 - INFO - Rejected chunk_id 1536: Contains 'Table'
2026-08-06 04:06:24,824 - INFO - Rejected chunk_id 99: Too similar to original (33.3% overlap)
2026-08-06 04:06:31,995 - INFO - Rejected chunk_id 2388: Too similar to original (40.0% overlap)
2026-08-06 04:06:33,981 - INFO - Rejected chunk_id 4005: Too similar to original (37.3% overlap)
2026-08-06 04:06:40,159 - INFO - Rejected chunk_id 4671: Contains 'Table'
2026-08-06 04:06:41,713 - INFO - Rejected chunk_id 71: Too similar to original (57.1% overlap)
2026-08-06 04:06:44,053 - INFO - Rejected chunk_id 5894: Contains 'Table'
2026-08-06 04:06:46,680 - INFO - Rejected chunk_id 227: Too similar to original (50.0% overlap)
2026-08-06 04:06:50,397 - INFO - Rejected chunk_id 1708: Too similar to original (44.3% overlap)
2026-08-06 04:06:52,637 - INFO - Rejected chunk_id 1571: Too similar to original (31.3% overlap)
2026-08-06 04:07:03,512 - INFO - Rejected chunk_id 966: Too similar to original (33.3% overlap)
2026-08-06 04:07:07,136 - INFO - Rejected chunk_id 2234: Too similar to original (40.3% overlap)
2026-08-06 04:07:08,297 - INFO - Rejected chunk_id 211: Too similar to original (30.2% overlap)
2026-08-06 04:07:16,597 - INFO - Rejected chunk_id 1357: Too similar to original (41.9% overlap)
2026-08-06 04:07:18,578 - INFO - Rejected chunk_id 169: Too similar to original (41.5% overlap)
2026-08-06 04:07:20,298 - INFO - Rejected chunk_id 2477: Too similar to original (50.0% overlap)
2026-08-06 04:07:21,771 - INFO - Rejected chunk_id 1979: Too similar to original (47.9% overlap)
2026-08-06 04:07:24,033 - INFO - Rejected chunk_id 527: Too similar to original (32.1% overlap)
2026-08-06 04:07:28,721 - INFO - Rejected chunk_id 1595: Too similar to original (37.9% overlap)
2026-08-06 04:07:31,063 - INFO - Rejected chunk_id 630: Too similar to original (37.9% overlap)
2026-08-06 04:07:33,471 - INFO - Rejected chunk_id 2668: Too similar to original (35.3% overlap)
2026-08-06 04:07:35,741 - INFO - Rejected chunk_id 1597: Too similar to original (52.2% overlap)
2026-08-06 04:07:37,473 - INFO - Rejected chunk_id 1110: Too similar to original (45.0% overlap)
2026-08-06 04:07:39,811 - INFO - Rejected chunk_id 1094: Too similar to original (52.1% overlap)
2026-08-06 04:07:41,209 - INFO - Rejected chunk_id 113: Too similar to original (36.2% overlap)
2026-08-06 04:07:44,354 - INFO - Rejected chunk_id 89: Too similar to original (50.8% overlap)
2026-08-06 04:07:45,942 - INFO - Rejected chunk_id 2586: Too similar to original (47.5% overlap)
2026-08-06 04:07:50,429 - INFO - Rejected chunk_id 631: Too similar to original (45.9% overlap)
2026-08-06 04:07:53,822 - INFO - Rejected chunk_id 2593: Too similar to original (50.0% overlap)
2026-08-06 04:07:55,813 - INFO - Rejected chunk_id 1745: Too similar to original (50.9% overlap)
2026-08-06 04:07:57,908 - INFO - Rejected chunk_id 71: Too similar to original (59.1% overlap)
2026-08-06 04:08:00,120 - INFO - Rejected chunk_id 1141: Contains 'Table'
2026-08-06 04:08:01,430 - INFO - Rejected chunk_id 169: Too similar to original (45.6% overlap)
2026-08-06 04:08:03,129 - INFO - Rejected chunk_id 175: Too similar to original (43.5% overlap)
2026-08-06 04:08:04,732 - INFO - Rejected chunk_id 9: Too similar to original (39.0% overlap)
2026-08-06 04:08:08,412 - INFO - Rejected chunk_id 2178: Too similar to original (49.2% overlap)
2026-08-06 04:08:10,386 - INFO - Rejected chunk_id 2097: Too similar to original (34.9% overlap)
2026-08-06 04:08:11,846 - INFO - Rejected chunk_id 29: Too similar to original (31.7% overlap)
2026-08-06 04:08:13,711 - INFO - Rejected chunk_id 5166: Too similar to original (41.5% overlap)
2026-08-06 04:08:15,691 - INFO - Rejected chunk_id 1676: Too similar to original (33.3% overlap)
2026-08-06 04:08:18,698 - INFO - Rejected chunk_id 26: Too similar to original (37.9% overlap)
2026-08-06 04:08:22,457 - INFO - Rejected chunk_id 6690: Too similar to original (38.5% overlap)
2026-08-06 04:08:28,238 - INFO - Rejected chunk_id 2335: Too similar to original (38.3% overlap)
2026-08-06 04:08:29,707 - INFO - Rejected chunk_id 159: Too similar to original (41.1% overlap)
2026-08-06 04:08:31,391 - INFO - Rejected chunk_id 1025: Too similar to original (43.4% overlap)
2026-08-06 04:08:33,137 - INFO - Rejected chunk_id 46: Too similar to original (36.2% overlap)
2026-08-06 04:08:35,010 - INFO - Rejected chunk_id 4069: Too similar to original (30.2% overlap)
2026-08-06 04:08:36,522 - INFO - Rejected chunk_id 85: Too similar to original (47.4% overlap)
2026-08-06 04:08:38,220 - INFO - Rejected chunk_id 957: Too similar to original (39.4% overlap)
2026-08-06 04:08:42,811 - INFO - Rejected chunk_id 898: Too similar to original (43.1% overlap)
2026-08-06 04:08:44,358 - INFO - Rejected chunk_id 770: Contains 'Table'
2026-08-06 04:08:47,000 - INFO - Rejected chunk_id 878: Too similar to original (51.6% overlap)
2026-08-06 04:08:51,420 - INFO - Rejected chunk_id 340: Too similar to original (33.9% overlap)
2026-08-06 04:08:59,648 - INFO - Rejected chunk_id 2657: Too similar to original (43.8% overlap)
2026-08-06 04:09:02,978 - INFO - Rejected chunk_id 203: Too similar to original (31.3% overlap)
2026-08-06 04:09:04,979 - INFO - Rejected chunk_id 363: Too similar to original (48.3% overlap)
2026-08-06 04:09:07,078 - INFO - Rejected chunk_id 1855: Too similar to original (43.8% overlap)
2026-08-06 04:09:09,220 - INFO - Rejected chunk_id 7555: Contains 'Table'
2026-08-06 04:09:13,932 - INFO - Rejected chunk_id 25: Too similar to original (46.0% overlap)
2026-08-06 04:09:15,830 - INFO - Rejected chunk_id 155: Too similar to original (34.0% overlap)
2026-08-06 04:09:17,701 - INFO - Rejected chunk_id 1015: Too similar to original (37.9% overlap)
2026-08-06 04:09:19,619 - INFO - Rejected chunk_id 5502: Contains 'Table'
2026-08-06 04:09:23,396 - INFO - Rejected chunk_id 521: Too similar to original (39.5% overlap)
2026-08-06 04:09:25,672 - INFO - Rejected chunk_id 112: Too similar to original (42.4% overlap)
2026-08-06 04:09:28,647 - INFO - Rejected chunk_id 855: Too similar to original (36.8% overlap)
2026-08-06 04:09:31,077 - INFO - Rejected chunk_id 476: Too similar to original (44.3% overlap)
2026-08-06 04:09:36,233 - INFO - Rejected chunk_id 190: Too similar to original (42.4% overlap)
2026-08-06 04:09:38,769 - INFO - Rejected chunk_id 5903: Contains 'Table'
2026-08-06 04:09:41,072 - INFO - Rejected chunk_id 877: Contains 'Figure'
2026-08-06 04:09:42,884 - INFO - Rejected chunk_id 330: Too similar to original (35.6% overlap)
2026-08-06 04:09:46,326 - INFO - Rejected chunk_id 257: Too similar to original (40.0% overlap)
2026-08-06 04:09:51,170 - INFO - Rejected chunk_id 45: Too similar to original (51.6% overlap)
2026-08-06 04:09:53,221 - INFO - Rejected chunk_id 1333: Too similar to original (39.0% overlap)
2026-08-06 04:09:56,826 - INFO - Rejected chunk_id 2411: Too similar to original (34.0% overlap)
2026-08-06 04:09:59,216 - INFO - Rejected chunk_id 550: Too similar to original (37.7% overlap)
2026-08-06 04:10:01,129 - INFO - Rejected chunk_id 2504: Too similar to original (45.9% overlap)
2026-08-06 04:10:02,803 - INFO - Rejected chunk_id 1307: Too similar to original (41.9% overlap)
2026-08-06 04:10:04,126 - INFO - Rejected chunk_id 2245: Too similar to original (34.7% overlap)
2026-08-06 04:10:10,741 - INFO - Rejected chunk_id 1662: Too similar to original (50.0% overlap)
2026-08-06 04:10:13,525 - INFO - Rejected chunk_id 637: Too similar to original (46.5% overlap)
2026-08-06 04:10:15,981 - INFO - Rejected chunk_id 2946: Too similar to original (48.2% overlap)
2026-08-06 04:10:19,148 - INFO - Rejected chunk_id 150: Too similar to original (40.0% overlap)
2026-08-06 04:10:25,201 - INFO - Rejected chunk_id 256: Too similar to original (35.0% overlap)
2026-08-06 04:10:27,164 - INFO - Rejected chunk_id 1422: Too similar to original (32.3% overlap)
2026-08-06 04:10:32,284 - INFO - Rejected chunk_id 2445: Too similar to original (30.3% overlap)
2026-08-06 04:10:43,433 - INFO - Rejected chunk_id 7139: Contains 'Table'
2026-08-06 04:10:48,385 - INFO - Rejected chunk_id 928: Contains 'Table'
2026-08-06 04:10:49,699 - INFO - Rejected chunk_id 2411: Too similar to original (40.5% overlap)
2026-08-06 04:10:53,052 - INFO - Rejected chunk_id 4475: Too similar to original (35.3% overlap)
2026-08-06 04:10:58,595 - INFO - Rejected chunk_id 1518: Too similar to original (43.5% overlap)
2026-08-06 04:11:00,946 - INFO - Rejected chunk_id 1036: Too similar to original (48.7% overlap)
2026-08-06 04:11:04,955 - INFO - Rejected chunk_id 5995: Contains 'Figure'
2026-08-06 04:11:08,108 - INFO - Rejected chunk_id 489: Too similar to original (53.2% overlap)
2026-08-06 04:11:10,504 - INFO - Rejected chunk_id 475: Too similar to original (33.8% overlap)
2026-08-06 04:11:17,627 - INFO - Rejected chunk_id 882: Contains 'Table'
2026-08-06 04:11:20,127 - INFO - Rejected chunk_id 2593: Too similar to original (40.7% overlap)
2026-08-06 04:11:21,633 - INFO - Rejected chunk_id 220: Too similar to original (35.6% overlap)
2026-08-06 04:11:23,954 - INFO - Rejected chunk_id 493: Too similar to original (32.8% overlap)
2026-08-06 04:11:25,908 - INFO - Rejected chunk_id 1750: Too similar to original (43.3% overlap)
2026-08-06 04:11:28,766 - INFO - Rejected chunk_id 3952: Contains 'Table'
2026-08-06 04:11:31,723 - INFO - Rejected chunk_id 1847: Contains 'Table'
2026-08-06 04:11:41,646 - INFO - Rejected chunk_id 2292: Too similar to original (50.8% overlap)
2026-08-06 04:11:43,409 - INFO - Rejected chunk_id 1694: Too similar to original (30.2% overlap)
2026-08-06 04:11:47,953 - INFO - Rejected chunk_id 292: Too similar to original (33.9% overlap)
2026-08-06 04:11:50,062 - INFO - Rejected chunk_id 1469: Too similar to original (43.6% overlap)
2026-08-06 04:11:53,710 - INFO - Rejected chunk_id 2683: Too similar to original (41.0% overlap)
2026-08-06 04:11:58,931 - INFO - Rejected chunk_id 2591: Too similar to original (52.4% overlap)
2026-08-06 04:12:02,462 - INFO - Rejected chunk_id 693: Too similar to original (30.2% overlap)
2026-08-06 04:12:04,215 - INFO - Rejected chunk_id 1258: Too similar to original (45.5% overlap)
2026-08-06 04:12:05,618 - INFO - Rejected chunk_id 2421: Too similar to original (31.6% overlap)
2026-08-06 04:12:12,208 - INFO - Rejected chunk_id 652: Too similar to original (44.6% overlap)
2026-08-06 04:12:16,398 - INFO - Rejected chunk_id 2858: Too similar to original (35.6% overlap)
2026-08-06 04:12:19,204 - INFO - Rejected chunk_id 2825: Too similar to original (51.0% overlap)
2026-08-06 04:12:20,715 - INFO - Rejected chunk_id 1220: Too similar to original (41.7% overlap)
2026-08-06 04:12:22,284 - INFO - Rejected chunk_id 3288: Contains 'Table'
2026-08-06 04:12:27,685 - INFO - Rejected chunk_id 2748: Too similar to original (61.3% overlap)
2026-08-06 04:12:32,252 - INFO - Rejected chunk_id 2730: Too similar to original (43.8% overlap)
2026-08-06 04:12:33,721 - INFO - Rejected chunk_id 380: Too similar to original (44.6% overlap)
2026-08-06 04:12:38,209 - INFO - Rejected chunk_id 80: Too similar to original (37.9% overlap)
2026-08-06 04:12:42,541 - INFO - Rejected chunk_id 2403: Too similar to original (50.7% overlap)
2026-08-06 04:12:45,609 - INFO - Rejected chunk_id 600: Too similar to original (54.8% overlap)
2026-08-06 04:12:47,297 - INFO - Rejected chunk_id 384: Too similar to original (31.2% overlap)
2026-08-06 04:12:48,816 - INFO - Rejected chunk_id 1383: Too similar to original (46.2% overlap)
2026-08-06 04:12:50,296 - INFO - Rejected chunk_id 578: Too similar to original (31.4% overlap)
2026-08-06 04:12:53,590 - INFO - Rejected chunk_id 4668: Too similar to original (34.5% overlap)
2026-08-06 04:12:55,751 - INFO - Rejected chunk_id 359: Too similar to original (40.8% overlap)
2026-08-06 04:13:00,591 - INFO - Rejected chunk_id 284: Too similar to original (66.1% overlap)
2026-08-06 04:13:03,001 - INFO - Rejected chunk_id 1908: Too similar to original (49.3% overlap)
2026-08-06 04:13:04,697 - INFO - Rejected chunk_id 231: Too similar to original (42.9% overlap)
2026-08-06 04:13:07,447 - INFO - Rejected chunk_id 2506: Too similar to original (44.0% overlap)
2026-08-06 04:13:09,621 - INFO - Rejected chunk_id 947: Too similar to original (32.8% overlap)
2026-08-06 04:13:12,034 - INFO - Rejected chunk_id 364: Too similar to original (37.0% overlap)
2026-08-06 04:13:13,806 - INFO - Rejected chunk_id 89: Too similar to original (37.1% overlap)
2026-08-06 04:13:15,556 - INFO - Rejected chunk_id 287: Contains 'Table'
2026-08-06 04:13:16,542 - INFO - Rejected chunk_id 2427: Too similar to original (46.2% overlap)
2026-08-06 04:13:19,480 - INFO - Rejected chunk_id 779: Too similar to original (37.5% overlap)
2026-08-06 04:13:21,926 - INFO - Rejected chunk_id 813: Too similar to original (46.9% overlap)
2026-08-06 04:13:23,218 - INFO - Rejected chunk_id 113: Too similar to original (44.2% overlap)
2026-08-06 04:13:27,724 - INFO - Rejected chunk_id 1432: Too similar to original (54.9% overlap)
2026-08-06 04:13:30,393 - INFO - Rejected chunk_id 2625: Too similar to original (41.5% overlap)
2026-08-06 04:13:31,411 - INFO - Rejected chunk_id 155: Too similar to original (39.0% overlap)
2026-08-06 04:13:33,119 - INFO - Rejected chunk_id 2239: Too similar to original (45.1% overlap)
2026-08-06 04:13:34,365 - INFO - Rejected chunk_id 4469: Too similar to original (37.0% overlap)
2026-08-06 04:13:39,648 - INFO - Rejected chunk_id 5892: Too similar to original (45.2% overlap)
2026-08-06 04:13:44,216 - INFO - Rejected chunk_id 4946: Contains 'Table'
2026-08-06 04:13:46,480 - INFO - Rejected chunk_id 4382: Too similar to original (40.3% overlap)
2026-08-06 04:13:48,245 - INFO - Rejected chunk_id 103: Starts with punctuation
2026-08-06 04:13:51,663 - INFO - Rejected chunk_id 2949: Too similar to original (31.9% overlap)
2026-08-06 04:13:53,321 - INFO - Rejected chunk_id 2170: Too similar to original (32.3% overlap)
2026-08-06 04:13:54,912 - INFO - Rejected chunk_id 2922: Too similar to original (49.2% overlap)
2026-08-06 04:13:59,128 - INFO - Rejected chunk_id 146: Contains 'Figure'
2026-08-06 04:14:01,217 - INFO - Rejected chunk_id 676: Too similar to original (47.9% overlap)
2026-08-06 04:14:05,073 - INFO - Rejected chunk_id 2094: Too similar to original (50.8% overlap)
2026-08-06 04:14:07,091 - INFO - Rejected chunk_id 684: Contains 'Table'
2026-08-06 04:14:08,882 - INFO - Rejected chunk_id 2728: Too similar to original (32.3% overlap)
2026-08-06 04:14:10,354 - INFO - Rejected chunk_id 40: Too similar to original (62.3% overlap)
2026-08-06 04:14:11,821 - INFO - Rejected chunk_id 54: Too similar to original (34.0% overlap)
2026-08-06 04:14:15,758 - INFO - Rejected chunk_id 248: Too similar to original (34.4% overlap)
2026-08-06 04:14:17,213 - INFO - Rejected chunk_id 4455: Contains 'Table'
2026-08-06 04:14:18,937 - INFO - Rejected chunk_id 766: Too similar to original (33.8% overlap)
2026-08-06 04:14:20,945 - INFO - Rejected chunk_id 801: Too similar to original (30.6% overlap)
2026-08-06 04:14:22,844 - INFO - Rejected chunk_id 2600: Too similar to original (33.3% overlap)
2026-08-06 04:14:26,454 - INFO - Rejected chunk_id 550: Too similar to original (35.3% overlap)
2026-08-06 04:14:29,732 - INFO - Rejected chunk_id 908: Too similar to original (40.4% overlap)
2026-08-06 04:14:31,678 - INFO - Rejected chunk_id 5196: Contains 'Table'
2026-08-06 04:14:33,236 - INFO - Rejected chunk_id 1878: Too similar to original (31.5% overlap)
2026-08-06 04:14:43,782 - INFO - Rejected chunk_id 2503: Contains 'Table'
2026-08-06 04:14:45,334 - INFO - Rejected chunk_id 1909: Too similar to original (31.0% overlap)
2026-08-06 04:14:48,793 - INFO - Rejected chunk_id 614: Too similar to original (52.7% overlap)
2026-08-06 04:14:51,968 - INFO - Rejected chunk_id 159: Too similar to original (33.9% overlap)
2026-08-06 04:14:53,262 - INFO - Rejected chunk_id 2889: Too similar to original (47.9% overlap)
2026-08-06 04:14:55,340 - INFO - Rejected chunk_id 6215: Contains 'Table'
2026-08-06 04:14:58,745 - INFO - Rejected chunk_id 388: Too similar to original (51.7% overlap)
2026-08-06 04:15:03,770 - INFO - Rejected chunk_id 7186: Contains 'Table'
2026-08-06 04:15:06,066 - INFO - Rejected chunk_id 1563: Too similar to original (30.3% overlap)
2026-08-06 04:15:08,012 - INFO - Rejected chunk_id 233: Too similar to original (43.5% overlap)
2026-08-06 04:15:09,425 - INFO - Rejected chunk_id 766: Too similar to original (45.5% overlap)
2026-08-06 04:15:10,902 - INFO - Rejected chunk_id 1474: Too similar to original (37.5% overlap)
2026-08-06 04:15:12,674 - INFO - Rejected chunk_id 25: Too similar to original (30.3% overlap)
2026-08-06 04:15:18,706 - INFO - Rejected chunk_id 1110: Contains 'Table'
2026-08-06 04:15:21,628 - INFO - Rejected chunk_id 1849: Too similar to original (46.9% overlap)
2026-08-06 04:15:30,831 - INFO - Rejected chunk_id 4627: Contains 'Table'
2026-08-06 04:15:32,882 - INFO - Rejected chunk_id 302: Too similar to original (37.9% overlap)
2026-08-06 04:15:34,825 - INFO - Rejected chunk_id 44: Too similar to original (35.9% overlap)
2026-08-06 04:15:36,236 - INFO - Rejected chunk_id 5616: Too similar to original (44.2% overlap)
2026-08-06 04:15:37,878 - INFO - Rejected chunk_id 2537: Too similar to original (37.5% overlap)
2026-08-06 04:15:39,178 - INFO - Rejected chunk_id 71: Too similar to original (35.7% overlap)
2026-08-06 04:15:41,121 - INFO - Rejected chunk_id 200: Too similar to original (50.0% overlap)
2026-08-06 04:15:42,969 - INFO - Rejected chunk_id 126: Too similar to original (50.0% overlap)
2026-08-06 04:15:44,543 - INFO - Rejected chunk_id 1059: Too similar to original (69.2% overlap)
2026-08-06 04:15:47,238 - INFO - Rejected chunk_id 2173: Too similar to original (34.0% overlap)
2026-08-06 04:15:49,021 - INFO - Rejected chunk_id 35: Too similar to original (37.9% overlap)
2026-08-06 04:15:50,518 - INFO - Rejected chunk_id 48: Too similar to original (45.8% overlap)
2026-08-06 04:15:52,404 - INFO - Rejected chunk_id 1070: Too similar to original (44.3% overlap)
2026-08-06 04:15:55,672 - INFO - Rejected chunk_id 117: Too similar to original (35.4% overlap)
2026-08-06 04:15:57,204 - INFO - Rejected chunk_id 394: Too similar to original (42.4% overlap)
2026-08-06 04:15:59,084 - INFO - Rejected chunk_id 1953: Contains 'Figure'
2026-08-06 04:16:00,783 - INFO - Rejected chunk_id 1383: Too similar to original (30.3% overlap)
2026-08-06 04:16:02,155 - INFO - Rejected chunk_id 2348: Too similar to original (38.9% overlap)
2026-08-06 04:16:04,096 - INFO - Rejected chunk_id 776: Too similar to original (50.0% overlap)
2026-08-06 04:16:06,449 - INFO - Rejected chunk_id 197: Too similar to original (40.6% overlap)
2026-08-06 04:16:12,386 - INFO - Rejected chunk_id 786: Too similar to original (33.8% overlap)
2026-08-06 04:16:15,738 - INFO - Rejected chunk_id 955: Too similar to original (44.9% overlap)
2026-08-06 04:16:22,284 - INFO - Rejected chunk_id 184: Too similar to original (40.3% overlap)
2026-08-06 04:16:23,749 - INFO - Rejected chunk_id 64: Too similar to original (43.6% overlap)
2026-08-06 04:16:27,723 - INFO - Rejected chunk_id 155: Too similar to original (32.8% overlap)
2026-08-06 04:16:33,244 - INFO - Rejected chunk_id 116: Too similar to original (46.3% overlap)
2026-08-06 04:16:35,386 - INFO - Rejected chunk_id 705: Too similar to original (40.3% overlap)
2026-08-06 04:16:37,329 - INFO - Rejected chunk_id 2175: Too similar to original (44.2% overlap)
2026-08-06 04:16:38,895 - INFO - Rejected chunk_id 2362: Too similar to original (38.3% overlap)
2026-08-06 04:16:41,816 - INFO - Rejected chunk_id 84: Too similar to original (35.6% overlap)
2026-08-06 04:16:43,910 - INFO - Rejected chunk_id 51: Too similar to original (42.2% overlap)
2026-08-06 04:16:46,534 - INFO - Rejected chunk_id 1305: Contains 'Table'
2026-08-06 04:16:50,810 - INFO - Rejected chunk_id 2: Too similar to original (32.9% overlap)
2026-08-06 04:16:52,656 - INFO - Rejected chunk_id 147: Too similar to original (41.7% overlap)
2026-08-06 04:16:54,034 - INFO - Rejected chunk_id 2735: Contains 'Table'
2026-08-06 04:16:57,637 - INFO - Rejected chunk_id 332: Too similar to original (46.8% overlap)
2026-08-06 04:16:59,439 - INFO - Rejected chunk_id 3570: Contains 'Figure'
2026-08-06 04:17:01,593 - INFO - Rejected chunk_id 111: Too similar to original (43.5% overlap)
2026-08-06 04:17:03,517 - INFO - Rejected chunk_id 1217: Too similar to original (50.0% overlap)
2026-08-06 04:17:08,236 - INFO - Rejected chunk_id 114: Too similar to original (31.4% overlap)
2026-08-06 04:17:11,792 - INFO - Rejected chunk_id 2372: Too similar to original (54.3% overlap)
2026-08-06 04:17:16,603 - INFO - Rejected chunk_id 3068: Too similar to original (32.9% overlap)
2026-08-06 04:17:21,730 - INFO - Rejected chunk_id 228: Too similar to original (36.5% overlap)
2026-08-06 04:17:24,370 - INFO - Rejected chunk_id 728: Too similar to original (31.3% overlap)
2026-08-06 04:17:26,719 - INFO - Rejected chunk_id 3049: Too similar to original (57.1% overlap)
2026-08-06 04:17:28,564 - INFO - Rejected chunk_id 121: Too similar to original (43.8% overlap)
2026-08-06 04:17:30,351 - INFO - Rejected chunk_id 450: Too similar to original (40.7% overlap)
2026-08-06 04:17:32,361 - INFO - Rejected chunk_id 2203: Contains 'Table'
2026-08-06 04:17:34,001 - INFO - Rejected chunk_id 2142: Too similar to original (32.8% overlap)
2026-08-06 04:17:37,531 - INFO - Rejected chunk_id 2058: Too similar to original (40.9% overlap)
2026-08-06 04:17:40,608 - INFO - Rejected chunk_id 2325: Too similar to original (41.7% overlap)
2026-08-06 04:17:42,671 - INFO - Rejected chunk_id 5984: Too similar to original (39.4% overlap)
2026-08-06 04:17:44,971 - INFO - Rejected chunk_id 2782: Too similar to original (45.1% overlap)
2026-08-06 04:17:50,130 - INFO - Rejected chunk_id 1142: Too similar to original (43.9% overlap)
2026-08-06 04:17:53,482 - INFO - Rejected chunk_id 226: Too similar to original (44.2% overlap)
2026-08-06 04:17:58,007 - INFO - Rejected chunk_id 337: Too similar to original (36.8% overlap)
2026-08-06 04:18:00,391 - INFO - Rejected chunk_id 5202: Contains 'Table'
2026-08-06 04:18:01,966 - INFO - Rejected chunk_id 1405: Too similar to original (52.1% overlap)
2026-08-06 04:18:05,454 - INFO - Rejected chunk_id 255: Too similar to original (39.6% overlap)
2026-08-06 04:18:07,628 - INFO - Rejected chunk_id 212: Too similar to original (41.8% overlap)
2026-08-06 04:18:09,284 - INFO - Rejected chunk_id 5568: Contains 'Table'
2026-08-06 04:18:10,500 - INFO - Rejected chunk_id 2096: Too similar to original (44.8% overlap)
2026-08-06 04:18:13,687 - INFO - Rejected chunk_id 2738: Contains 'Figure'
2026-08-06 04:18:15,323 - INFO - Rejected chunk_id 1876: Too similar to original (40.0% overlap)
2026-08-06 04:18:21,161 - INFO - Rejected chunk_id 1800: Contains 'Table'
2026-08-06 04:18:23,155 - INFO - Rejected chunk_id 2666: Too similar to original (32.3% overlap)
2026-08-06 04:18:27,336 - INFO - Rejected chunk_id 666: Too similar to original (41.7% overlap)
2026-08-06 04:18:29,092 - INFO - Rejected chunk_id 2469: Too similar to original (51.2% overlap)
2026-08-06 04:18:31,040 - INFO - Rejected chunk_id 936: Too similar to original (40.4% overlap)
2026-08-06 04:18:34,778 - INFO - Rejected chunk_id 6410: Contains 'Table'
2026-08-06 04:18:36,538 - INFO - Rejected chunk_id 628: Too similar to original (41.3% overlap)
2026-08-06 04:18:39,958 - INFO - Rejected chunk_id 2144: Too similar to original (61.0% overlap)
2026-08-06 04:18:41,979 - INFO - Rejected chunk_id 2583: Too similar to original (45.2% overlap)
2026-08-06 04:18:44,401 - INFO - Rejected chunk_id 1084: Too similar to original (42.2% overlap)
2026-08-06 04:18:49,175 - INFO - Rejected chunk_id 2115: Too similar to original (60.0% overlap)
2026-08-06 04:18:52,176 - INFO - Rejected chunk_id 2944: Contains 'Table'
2026-08-06 04:18:54,772 - INFO - Rejected chunk_id 481: Too similar to original (45.3% overlap)
2026-08-06 04:18:59,161 - INFO - Rejected chunk_id 1092: Too similar to original (41.2% overlap)
2026-08-06 04:19:01,044 - INFO - Rejected chunk_id 221: Too similar to original (37.3% overlap)
2026-08-06 04:19:04,432 - INFO - Rejected chunk_id 89: Too similar to original (30.5% overlap)
2026-08-06 04:19:06,165 - INFO - Rejected chunk_id 200: Too similar to original (31.4% overlap)
2026-08-06 04:19:11,323 - INFO - Rejected chunk_id 40: Too similar to original (50.8% overlap)
2026-08-06 04:19:13,024 - INFO - Rejected chunk_id 3085: Too similar to original (61.4% overlap)
2026-08-06 04:19:16,358 - INFO - Rejected chunk_id 750: Too similar to original (34.2% overlap)
2026-08-06 04:19:19,896 - INFO - Rejected chunk_id 198: Too similar to original (51.7% overlap)
2026-08-06 04:19:22,265 - INFO - Rejected chunk_id 1102: Too similar to original (51.4% overlap)
2026-08-06 04:19:24,211 - INFO - Rejected chunk_id 77: Too similar to original (31.6% overlap)
2026-08-06 04:19:29,457 - INFO - Rejected chunk_id 557: Too similar to original (48.5% overlap)
2026-08-06 04:19:35,994 - INFO - Rejected chunk_id 829: Too similar to original (37.3% overlap)
2026-08-06 04:19:37,838 - INFO - Rejected chunk_id 437: Too similar to original (33.3% overlap)
2026-08-06 04:19:41,985 - INFO - Rejected chunk_id 6783: Contains 'Figure'
2026-08-06 04:19:43,826 - INFO - Rejected chunk_id 364: Too similar to original (43.8% overlap)
2026-08-06 04:19:46,022 - INFO - Rejected chunk_id 6734: Contains 'Table'
2026-08-06 04:19:49,713 - INFO - Rejected chunk_id 464: Too similar to original (38.3% overlap)
2026-08-06 04:19:52,084 - INFO - Rejected chunk_id 2120: Too similar to original (42.3% overlap)
2026-08-06 04:19:54,342 - INFO - Rejected chunk_id 347: Too similar to original (50.0% overlap)
2026-08-06 04:19:56,468 - INFO - Rejected chunk_id 190: Too similar to original (38.9% overlap)
2026-08-06 04:20:00,286 - INFO - Rejected chunk_id 2138: Too similar to original (37.0% overlap)
2026-08-06 04:20:04,948 - INFO - Rejected chunk_id 971: Contains 'Table'
2026-08-06 04:20:08,400 - INFO - Rejected chunk_id 2693: Too similar to original (50.0% overlap)
2026-08-06 04:20:09,889 - INFO - Rejected chunk_id 162: Too similar to original (35.2% overlap)
2026-08-06 04:20:12,489 - INFO - Rejected chunk_id 4448: Contains 'Table'
2026-08-06 04:20:14,920 - INFO - Rejected chunk_id 1011: Too similar to original (36.0% overlap)
2026-08-06 04:20:16,794 - INFO - Rejected chunk_id 860: Too similar to original (42.4% overlap)
2026-08-06 04:20:25,021 - INFO - Rejected chunk_id 5133: Too similar to original (38.5% overlap)
2026-08-06 04:20:31,932 - INFO - Rejected chunk_id 23: Contains 'Figure'
2026-08-06 04:20:38,891 - INFO - Rejected chunk_id 1267: Too similar to original (36.7% overlap)
2026-08-06 04:20:43,553 - INFO - Rejected chunk_id 646: Too similar to original (48.2% overlap)
2026-08-06 04:20:45,763 - INFO - Rejected chunk_id 1548: Too similar to original (36.6% overlap)
2026-08-06 04:20:51,653 - INFO - Rejected chunk_id 369: Too similar to original (35.6% overlap)
2026-08-06 04:20:56,032 - INFO - Rejected chunk_id 442: Too similar to original (34.2% overlap)
2026-08-06 04:20:57,577 - INFO - Rejected chunk_id 1252: Too similar to original (41.8% overlap)
2026-08-06 04:21:00,656 - INFO - Rejected chunk_id 331: Too similar to original (38.1% overlap)
2026-08-06 04:21:03,152 - INFO - Rejected chunk_id 2075: Too similar to original (41.3% overlap)
2026-08-06 04:21:05,527 - INFO - Rejected chunk_id 537: Too similar to original (34.4% overlap)
2026-08-06 04:21:06,944 - INFO - Rejected chunk_id 991: Too similar to original (44.4% overlap)
2026-08-06 04:21:08,732 - INFO - Rejected chunk_id 71: Too similar to original (40.0% overlap)
2026-08-06 04:21:11,924 - INFO - Rejected chunk_id 3901: Too similar to original (41.8% overlap)
2026-08-06 04:21:19,499 - INFO - Rejected chunk_id 1877: Too similar to original (40.3% overlap)
2026-08-06 04:21:21,253 - INFO - Rejected chunk_id 1389: Too similar to original (30.9% overlap)
2026-08-06 04:21:22,989 - INFO - Rejected chunk_id 168: Too similar to original (33.9% overlap)
2026-08-06 04:21:25,419 - INFO - Rejected chunk_id 301: Too similar to original (39.1% overlap)
2026-08-06 04:21:27,638 - INFO - Rejected chunk_id 1784: Too similar to original (41.4% overlap)
2026-08-06 04:21:29,770 - INFO - Rejected chunk_id 2172: Too similar to original (37.7% overlap)
2026-08-06 04:21:32,088 - INFO - Rejected chunk_id 5637: Too similar to original (35.7% overlap)
2026-08-06 04:21:34,659 - INFO - Rejected chunk_id 2543: Too similar to original (32.4% overlap)
2026-08-06 04:21:42,186 - INFO - Rejected chunk_id 304: Too similar to original (38.0% overlap)
2026-08-06 04:21:44,571 - INFO - Rejected chunk_id 453: Too similar to original (41.2% overlap)
2026-08-06 04:21:48,501 - INFO - Rejected chunk_id 513: Too similar to original (46.0% overlap)
2026-08-06 04:21:55,003 - INFO - Rejected chunk_id 232: Too similar to original (36.7% overlap)
2026-08-06 04:21:57,356 - INFO - Rejected chunk_id 2377: Too similar to original (52.8% overlap)
2026-08-06 04:22:00,063 - INFO - Rejected chunk_id 2154: Too similar to original (41.0% overlap)
2026-08-06 04:22:01,675 - INFO - Rejected chunk_id 1378: Too similar to original (47.5% overlap)
2026-08-06 04:22:03,537 - INFO - Rejected chunk_id 881: Too similar to original (37.5% overlap)
2026-08-06 04:22:05,463 - INFO - Rejected chunk_id 96: Too similar to original (40.0% overlap)
2026-08-06 04:22:10,015 - INFO - Rejected chunk_id 2454: Too similar to original (44.6% overlap)
2026-08-06 04:22:18,126 - INFO - Rejected chunk_id 1853: Contains 'Table'
2026-08-06 04:22:23,277 - INFO - Rejected chunk_id 571: Too similar to original (35.1% overlap)
2026-08-06 04:22:24,740 - INFO - Rejected chunk_id 1225: Too similar to original (30.2% overlap)
2026-08-06 04:22:29,872 - INFO - Rejected chunk_id 233: Too similar to original (30.6% overlap)
2026-08-06 04:22:33,515 - INFO - Rejected chunk_id 606: Too similar to original (32.4% overlap)
2026-08-06 04:22:38,172 - INFO - Rejected chunk_id 40: Too similar to original (40.4% overlap)
2026-08-06 04:22:39,709 - INFO - Rejected chunk_id 63: Too similar to original (39.3% overlap)
2026-08-06 04:22:41,651 - INFO - Rejected chunk_id 2079: Too similar to original (32.8% overlap)
2026-08-06 04:22:43,694 - INFO - Rejected chunk_id 1172: Contains 'Table'
2026-08-06 04:22:46,098 - INFO - Rejected chunk_id 496: Contains 'Table'
2026-08-06 04:22:48,631 - INFO - Rejected chunk_id 7633: Contains 'Table'
2026-08-06 04:22:51,251 - INFO - Rejected chunk_id 7589: Contains 'Table'
2026-08-06 04:22:53,357 - INFO - Rejected chunk_id 631: Too similar to original (39.6% overlap)
2026-08-06 04:22:55,180 - INFO - Rejected chunk_id 656: Too similar to original (50.0% overlap)
2026-08-06 04:22:56,792 - INFO - Rejected chunk_id 484: Too similar to original (32.3% overlap)
2026-08-06 04:23:03,933 - INFO - Rejected chunk_id 4810: Too similar to original (34.5% overlap)
2026-08-06 04:23:05,337 - INFO - Rejected chunk_id 525: Too similar to original (30.2% overlap)
2026-08-06 04:23:07,356 - INFO - Rejected chunk_id 175: Too similar to original (41.2% overlap)
2026-08-06 04:23:09,031 - INFO - Rejected chunk_id 1270: Too similar to original (40.6% overlap)
2026-08-06 04:23:12,020 - INFO - Rejected chunk_id 2623: Too similar to original (39.0% overlap)
2026-08-06 04:23:14,161 - INFO - Rejected chunk_id 868: Too similar to original (55.7% overlap)
2026-08-06 04:23:15,912 - INFO - Rejected chunk_id 1097: Too similar to original (47.7% overlap)
2026-08-06 04:23:17,814 - INFO - Rejected chunk_id 220: Too similar to original (46.2% overlap)
2026-08-06 04:23:19,670 - INFO - Rejected chunk_id 5980: Contains 'Table'
2026-08-06 04:23:21,401 - INFO - Rejected chunk_id 166: Too similar to original (44.1% overlap)
2026-08-06 04:23:25,227 - INFO - Rejected chunk_id 341: Too similar to original (40.3% overlap)
2026-08-06 04:23:27,096 - INFO - Rejected chunk_id 881: Too similar to original (37.9% overlap)
2026-08-06 04:23:28,994 - INFO - Rejected chunk_id 2797: Too similar to original (41.8% overlap)
2026-08-06 04:23:30,642 - INFO - Rejected chunk_id 4455: Too similar to original (36.7% overlap)
2026-08-06 04:23:35,430 - INFO - Rejected chunk_id 4537: Too similar to original (40.9% overlap)
2026-08-06 04:23:37,544 - INFO - Rejected chunk_id 574: Too similar to original (41.0% overlap)
2026-08-06 04:23:41,400 - INFO - Rejected chunk_id 256: Contains 'Figure'
2026-08-06 04:23:43,281 - INFO - Rejected chunk_id 1719: Too similar to original (65.4% overlap)
2026-08-06 04:23:44,769 - INFO - Rejected chunk_id 2861: Too similar to original (41.4% overlap)
2026-08-06 04:23:46,188 - INFO - Rejected chunk_id 1288: Too similar to original (45.5% overlap)
2026-08-06 04:23:48,248 - INFO - Rejected chunk_id 2308: Too similar to original (44.3% overlap)
2026-08-06 04:23:50,691 - INFO - Rejected chunk_id 1894: Too similar to original (35.6% overlap)
2026-08-06 04:23:51,951 - INFO - Rejected chunk_id 2490: Too similar to original (38.6% overlap)
2026-08-06 04:23:56,674 - INFO - Rejected chunk_id 54: Too similar to original (37.8% overlap)
2026-08-06 04:23:59,032 - INFO - Rejected chunk_id 267: Too similar to original (46.7% overlap)
2026-08-06 04:24:01,074 - INFO - Rejected chunk_id 246: Too similar to original (37.3% overlap)
2026-08-06 04:24:03,338 - INFO - Rejected chunk_id 5151: Too similar to original (44.7% overlap)
2026-08-06 04:24:05,644 - INFO - Rejected chunk_id 5889: Too similar to original (36.5% overlap)
2026-08-06 04:24:09,210 - INFO - Rejected chunk_id 112: Too similar to original (35.2% overlap)
2026-08-06 04:24:12,863 - INFO - Rejected chunk_id 4054: Contains 'Table'
2026-08-06 04:24:18,330 - INFO - Rejected chunk_id 51: Too similar to original (34.4% overlap)
2026-08-06 04:24:19,728 - INFO - Rejected chunk_id 6695: Contains 'Table'
2026-08-06 04:24:22,626 - INFO - Rejected chunk_id 1299: Too similar to original (48.0% overlap)
2026-08-06 04:24:24,168 - INFO - Rejected chunk_id 1062: Too similar to original (52.4% overlap)
2026-08-06 04:24:25,457 - INFO - Rejected chunk_id 2433: Too similar to original (44.2% overlap)
2026-08-06 04:24:27,845 - INFO - Rejected chunk_id 567: Too similar to original (46.8% overlap)
2026-08-06 04:24:33,171 - INFO - Rejected chunk_id 6011: Too similar to original (32.8% overlap)
2026-08-06 04:24:34,918 - INFO - Rejected chunk_id 6749: Contains 'Table'
2026-08-06 04:24:38,481 - INFO - Rejected chunk_id 1164: Too similar to original (44.4% overlap)
2026-08-06 04:24:42,827 - INFO - Rejected chunk_id 1082: Too similar to original (37.0% overlap)
2026-08-06 04:24:44,197 - INFO - Rejected chunk_id 1065: Too similar to original (43.6% overlap)
2026-08-06 04:24:45,929 - INFO - Rejected chunk_id 2589: Too similar to original (41.2% overlap)
2026-08-06 04:24:47,341 - INFO - Rejected chunk_id 1751: Too similar to original (49.1% overlap)
2026-08-06 04:24:48,451 - INFO - Rejected chunk_id 759: Too similar to original (39.0% overlap)
2026-08-06 04:24:49,738 - INFO - Rejected chunk_id 1655: Too similar to original (50.0% overlap)
2026-08-06 04:24:58,784 - INFO - Rejected chunk_id 2045: Too similar to original (36.1% overlap)
2026-08-06 04:25:01,444 - INFO - Rejected chunk_id 2935: Too similar to original (42.2% overlap)
2026-08-06 04:25:07,098 - INFO - Rejected chunk_id 1773: Contains 'Figure'
2026-08-06 04:25:08,679 - INFO - Rejected chunk_id 2772: Contains 'Table'
2026-08-06 04:25:10,257 - INFO - Rejected chunk_id 2303: Too similar to original (44.4% overlap)
2026-08-06 04:25:13,516 - INFO - Rejected chunk_id 207: Too similar to original (41.6% overlap)
2026-08-06 04:25:18,424 - INFO - Rejected chunk_id 1087: Too similar to original (40.3% overlap)
2026-08-06 04:25:20,473 - INFO - Rejected chunk_id 52: Too similar to original (63.1% overlap)
2026-08-06 04:25:23,811 - INFO - Rejected chunk_id 2238: Too similar to original (60.0% overlap)
2026-08-06 04:25:25,401 - INFO - Rejected chunk_id 392: Too similar to original (49.2% overlap)
2026-08-06 04:25:33,050 - INFO - Rejected chunk_id 2919: Too similar to original (36.9% overlap)
2026-08-06 04:25:34,305 - INFO - Rejected chunk_id 1705: Too similar to original (37.0% overlap)
2026-08-06 04:25:38,478 - INFO - Rejected chunk_id 754: Too similar to original (44.3% overlap)
2026-08-06 04:25:41,549 - INFO - Rejected chunk_id 1516: Too similar to original (38.6% overlap)
2026-08-06 04:25:45,836 - INFO - Rejected chunk_id 759: Too similar to original (47.6% overlap)
2026-08-06 04:25:49,193 - INFO - Rejected chunk_id 4381: Too similar to original (31.9% overlap)
2026-08-06 04:25:50,517 - INFO - Rejected chunk_id 4458: Too similar to original (31.4% overlap)
2026-08-06 04:25:53,777 - INFO - Rejected chunk_id 593: Too similar to original (30.1% overlap)
2026-08-06 04:25:55,579 - INFO - Rejected chunk_id 603: Too similar to original (43.8% overlap)
2026-08-06 04:25:57,295 - INFO - Rejected chunk_id 2251: Too similar to original (51.8% overlap)
2026-08-06 04:25:59,293 - INFO - Rejected chunk_id 2875: Too similar to original (45.8% overlap)
2026-08-06 04:26:01,515 - INFO - Rejected chunk_id 6488: Contains 'Figure'
2026-08-06 04:26:02,718 - INFO - Rejected chunk_id 2254: Too similar to original (33.3% overlap)
2026-08-06 04:26:04,008 - INFO - Rejected chunk_id 1041: Too similar to original (31.9% overlap)
2026-08-06 04:26:06,046 - INFO - Rejected chunk_id 269: Too similar to original (52.2% overlap)
2026-08-06 04:26:07,975 - INFO - Rejected chunk_id 1685: Too similar to original (49.2% overlap)
2026-08-06 04:26:09,745 - INFO - Rejected chunk_id 61: Too similar to original (42.5% overlap)
2026-08-06 04:26:11,473 - INFO - Rejected chunk_id 1778: Too similar to original (37.3% overlap)
2026-08-06 04:26:12,776 - INFO - Rejected chunk_id 2107: Too similar to original (38.3% overlap)
2026-08-06 04:26:14,255 - INFO - Rejected chunk_id 246: Too similar to original (38.8% overlap)
2026-08-06 04:26:18,456 - INFO - Rejected chunk_id 1040: Too similar to original (39.0% overlap)
2026-08-06 04:26:20,377 - INFO - Rejected chunk_id 2939: Too similar to original (47.3% overlap)
2026-08-06 04:26:23,760 - INFO - Rejected chunk_id 1573: Too similar to original (32.1% overlap)
2026-08-06 04:26:27,538 - INFO - Rejected chunk_id 3996: Contains 'Table'
2026-08-06 04:26:29,979 - INFO - Rejected chunk_id 2076: Too similar to original (42.5% overlap)
2026-08-06 04:26:31,333 - INFO - Rejected chunk_id 124: Too similar to original (53.4% overlap)
2026-08-06 04:26:34,663 - INFO - Rejected chunk_id 2703: Too similar to original (43.1% overlap)
2026-08-06 04:26:39,197 - INFO - Rejected chunk_id 2479: Too similar to original (48.4% overlap)
2026-08-06 04:26:40,887 - INFO - Rejected chunk_id 372: Too similar to original (40.3% overlap)
2026-08-06 04:26:43,715 - INFO - Rejected chunk_id 5448: Contains 'Table'
2026-08-06 04:26:45,463 - INFO - Rejected chunk_id 2004: Too similar to original (57.4% overlap)
2026-08-06 04:26:50,131 - INFO - Rejected chunk_id 2479: Too similar to original (41.0% overlap)
2026-08-06 04:26:54,247 - INFO - Rejected chunk_id 181: Too similar to original (42.6% overlap)
2026-08-06 04:26:57,495 - INFO - Rejected chunk_id 470: Too similar to original (42.2% overlap)
2026-08-06 04:27:03,715 - INFO - Rejected chunk_id 166: Too similar to original (49.1% overlap)
2026-08-06 04:27:07,353 - INFO - Rejected chunk_id 1502: Contains 'Table'
2026-08-06 04:27:09,608 - INFO - Rejected chunk_id 2918: Contains 'Table'
2026-08-06 04:27:13,019 - INFO - Rejected chunk_id 297: Too similar to original (45.2% overlap)
2026-08-06 04:27:22,396 - INFO - Rejected chunk_id 3075: Too similar to original (31.9% overlap)
2026-08-06 04:27:24,926 - INFO - Rejected chunk_id 37: Too similar to original (40.6% overlap)
2026-08-06 04:27:29,162 - INFO - Rejected chunk_id 2152: Contains 'Table'
2026-08-06 04:27:34,375 - INFO - Rejected chunk_id 1778: Too similar to original (45.7% overlap)
2026-08-06 04:27:39,937 - INFO - Rejected chunk_id 394: Too similar to original (51.9% overlap)
2026-08-06 04:27:41,664 - INFO - Rejected chunk_id 2880: Too similar to original (51.8% overlap)
2026-08-06 04:27:43,232 - INFO - Rejected chunk_id 1497: Too similar to original (39.0% overlap)
2026-08-06 04:27:44,698 - INFO - Rejected chunk_id 1243: Too similar to original (32.2% overlap)
2026-08-06 04:27:47,822 - INFO - Rejected chunk_id 5058: Contains 'Table'
2026-08-06 04:27:53,785 - INFO - Rejected chunk_id 388: Too similar to original (38.5% overlap)
2026-08-06 04:27:55,424 - INFO - Rejected chunk_id 2162: Too similar to original (67.2% overlap)
2026-08-06 04:27:57,862 - INFO - Rejected chunk_id 2427: Too similar to original (61.4% overlap)
2026-08-06 04:27:59,629 - INFO - Rejected chunk_id 2410: Too similar to original (45.6% overlap)
2026-08-06 04:28:04,297 - INFO - Rejected chunk_id 445: Too similar to original (55.0% overlap)
2026-08-06 04:28:05,759 - INFO - Rejected chunk_id 1339: Too similar to original (33.3% overlap)
2026-08-06 04:28:09,234 - INFO - Rejected chunk_id 1420: Too similar to original (33.3% overlap)
2026-08-06 04:28:10,420 - INFO - Rejected chunk_id 56: Too similar to original (40.0% overlap)
2026-08-06 04:28:18,934 - INFO - Rejected chunk_id 336: Too similar to original (52.9% overlap)
2026-08-06 04:28:21,586 - INFO - Rejected chunk_id 6777: Contains 'Figure'
2026-08-06 04:28:28,534 - INFO - Rejected chunk_id 5961: Too similar to original (63.6% overlap)
2026-08-06 04:28:33,363 - INFO - Rejected chunk_id 1023: Too similar to original (43.4% overlap)
2026-08-06 04:28:41,052 - INFO - Rejected chunk_id 61: Too similar to original (58.7% overlap)
2026-08-06 04:28:43,078 - INFO - Rejected chunk_id 309: Too similar to original (48.2% overlap)
2026-08-06 04:28:45,516 - INFO - Rejected chunk_id 112: Too similar to original (52.4% overlap)
2026-08-06 04:28:47,676 - INFO - Rejected chunk_id 87: Too similar to original (44.4% overlap)
2026-08-06 04:28:53,646 - INFO - Rejected chunk_id 174: Too similar to original (43.4% overlap)
2026-08-06 04:28:56,190 - INFO - Rejected chunk_id 6224: Contains 'Table'
2026-08-06 04:28:59,324 - INFO - Rejected chunk_id 158: Too similar to original (44.8% overlap)
2026-08-06 04:29:01,054 - INFO - Rejected chunk_id 35: Too similar to original (37.7% overlap)
2026-08-06 04:29:02,866 - INFO - Rejected chunk_id 36: Too similar to original (36.5% overlap)
2026-08-06 04:29:07,589 - INFO - Rejected chunk_id 2637: Too similar to original (42.3% overlap)
2026-08-06 04:29:11,938 - INFO - Rejected chunk_id 2369: Too similar to original (55.9% overlap)
2026-08-06 04:29:13,842 - INFO - Rejected chunk_id 2461: Too similar to original (31.7% overlap)
2026-08-06 04:29:17,202 - INFO - Rejected chunk_id 2149: Too similar to original (45.3% overlap)
2026-08-06 04:29:22,705 - INFO - Rejected chunk_id 1857: Too similar to original (41.5% overlap)
2026-08-06 04:29:24,452 - INFO - Rejected chunk_id 7402: Contains 'Table'
2026-08-06 04:29:33,427 - INFO - Rejected chunk_id 1753: Too similar to original (47.8% overlap)
2026-08-06 04:29:35,113 - INFO - Rejected chunk_id 2374: Too similar to original (47.4% overlap)
2026-08-06 04:29:37,884 - INFO - Rejected chunk_id 7530: Too similar to original (46.6% overlap)
2026-08-06 04:29:41,762 - INFO - Rejected chunk_id 662: Too similar to original (52.9% overlap)
2026-08-06 04:29:43,375 - INFO - Rejected chunk_id 156: Too similar to original (36.5% overlap)
2026-08-06 04:29:45,311 - INFO - Rejected chunk_id 705: Too similar to original (33.8% overlap)
2026-08-06 04:29:47,759 - INFO - Rejected chunk_id 1462: Too similar to original (43.6% overlap)
2026-08-06 04:29:51,535 - INFO - Rejected chunk_id 942: Too similar to original (46.7% overlap)
2026-08-06 04:29:53,750 - INFO - Rejected chunk_id 5164: Contains 'Table'
2026-08-06 04:29:57,297 - INFO - Rejected chunk_id 5723: Contains 'Table'
2026-08-06 04:29:59,329 - INFO - Rejected chunk_id 1626: Too similar to original (37.5% overlap)
2026-08-06 04:30:02,619 - INFO - Rejected chunk_id 101: Too similar to original (38.7% overlap)
2026-08-06 04:30:04,294 - INFO - Rejected chunk_id 1867: Too similar to original (30.5% overlap)
2026-08-06 04:30:05,729 - INFO - Rejected chunk_id 1550: Too similar to original (48.1% overlap)
2026-08-06 04:30:09,154 - INFO - Rejected chunk_id 192: Too similar to original (38.7% overlap)
2026-08-06 04:30:11,319 - INFO - Rejected chunk_id 2368: Too similar to original (55.9% overlap)
2026-08-06 04:30:13,440 - INFO - Rejected chunk_id 690: Too similar to original (49.3% overlap)
2026-08-06 04:30:15,144 - INFO - Rejected chunk_id 1311: Too similar to original (45.2% overlap)
2026-08-06 04:30:17,113 - INFO - Rejected chunk_id 674: Too similar to original (42.2% overlap)
2026-08-06 04:30:19,323 - INFO - Rejected chunk_id 2695: Too similar to original (48.6% overlap)
2026-08-06 04:30:26,090 - INFO - Rejected chunk_id 383: Too similar to original (44.4% overlap)
2026-08-06 04:30:29,237 - INFO - Rejected chunk_id 2554: Too similar to original (43.3% overlap)
2026-08-06 04:30:31,267 - INFO - Rejected chunk_id 89: Too similar to original (49.0% overlap)
2026-08-06 04:30:33,050 - INFO - Rejected chunk_id 68: Too similar to original (35.1% overlap)
2026-08-06 04:30:38,786 - INFO - Rejected chunk_id 2437: Too similar to original (34.0% overlap)
2026-08-06 04:30:40,853 - INFO - Rejected chunk_id 6710: Too similar to original (37.1% overlap)
2026-08-06 04:30:44,178 - INFO - Rejected chunk_id 246: Too similar to original (32.0% overlap)
2026-08-06 04:30:45,369 - INFO - Rejected chunk_id 6040: Contains 'Table'
2026-08-06 04:30:46,880 - INFO - Rejected chunk_id 861: Contains 'Figure'
2026-08-06 04:30:49,487 - INFO - Rejected chunk_id 5346: Too similar to original (31.8% overlap)
2026-08-06 04:30:54,007 - INFO - Rejected chunk_id 335: Contains 'Table'
2026-08-06 04:30:56,943 - INFO - Rejected chunk_id 1947: Too similar to original (50.0% overlap)
2026-08-06 04:31:01,424 - INFO - Rejected chunk_id 222: Too similar to original (42.4% overlap)
2026-08-06 04:31:03,982 - INFO - Rejected chunk_id 2425: Too similar to original (58.2% overlap)
2026-08-06 04:31:06,319 - INFO - Rejected chunk_id 972: Too similar to original (40.9% overlap)
2026-08-06 04:31:09,323 - INFO - Rejected chunk_id 103: Too similar to original (53.8% overlap)
2026-08-06 04:31:10,890 - INFO - Rejected chunk_id 302: Too similar to original (32.2% overlap)
2026-08-06 04:31:12,618 - INFO - Rejected chunk_id 777: Too similar to original (45.0% overlap)
2026-08-06 04:31:18,735 - INFO - Rejected chunk_id 189: Too similar to original (35.0% overlap)
2026-08-06 04:31:20,265 - INFO - Rejected chunk_id 2030: Too similar to original (37.5% overlap)
2026-08-06 04:31:23,736 - INFO - Rejected chunk_id 1121: Too similar to original (42.0% overlap)
2026-08-06 04:31:25,242 - INFO - Rejected chunk_id 2458: Too similar to original (37.8% overlap)
2026-08-06 04:31:32,080 - INFO - Rejected chunk_id 2190: Too similar to original (40.3% overlap)
2026-08-06 04:31:33,629 - INFO - Rejected chunk_id 209: Too similar to original (37.1% overlap)
2026-08-06 04:31:35,123 - INFO - Rejected chunk_id 1449: Too similar to original (50.0% overlap)
2026-08-06 04:31:37,167 - INFO - Rejected chunk_id 1983: Too similar to original (42.1% overlap)
2026-08-06 04:31:39,060 - INFO - Rejected chunk_id 348: Too similar to original (37.0% overlap)
2026-08-06 04:31:40,716 - INFO - Rejected chunk_id 2391: Too similar to original (33.3% overlap)
2026-08-06 04:31:44,610 - INFO - Rejected chunk_id 153: Too similar to original (38.5% overlap)
2026-08-06 04:31:46,806 - INFO - Rejected chunk_id 2503: Contains 'Figure'
2026-08-06 04:31:48,675 - INFO - Rejected chunk_id 794: Too similar to original (42.2% overlap)
2026-08-06 04:31:51,008 - INFO - Rejected chunk_id 2318: Too similar to original (34.4% overlap)
2026-08-06 04:31:53,934 - INFO - Rejected chunk_id 1875: Too similar to original (35.7% overlap)
2026-08-06 04:31:55,713 - INFO - Rejected chunk_id 294: Too similar to original (53.6% overlap)
2026-08-06 04:31:57,764 - INFO - Rejected chunk_id 851: Too similar to original (35.5% overlap)
2026-08-06 04:31:59,909 - INFO - Rejected chunk_id 154: Too similar to original (41.2% overlap)
2026-08-06 04:32:01,643 - INFO - Rejected chunk_id 5892: Too similar to original (44.3% overlap)
2026-08-06 04:32:04,808 - INFO - Rejected chunk_id 889: Contains 'Table'
2026-08-06 04:32:06,994 - INFO - Rejected chunk_id 260: Contains 'Figure'
2026-08-06 04:32:08,893 - INFO - Rejected chunk_id 215: Too similar to original (37.3% overlap)
2026-08-06 04:32:12,197 - INFO - Rejected chunk_id 193: Too similar to original (41.7% overlap)
2026-08-06 04:32:14,276 - INFO - Rejected chunk_id 765: Too similar to original (37.9% overlap)
2026-08-06 04:32:17,689 - INFO - Rejected chunk_id 327: Too similar to original (48.3% overlap)
2026-08-06 04:32:20,803 - INFO - Rejected chunk_id 2608: Too similar to original (56.1% overlap)
2026-08-06 04:32:23,243 - INFO - Rejected chunk_id 572: Contains 'Table'
2026-08-06 04:32:24,904 - INFO - Rejected chunk_id 1732: Too similar to original (40.3% overlap)
2026-08-06 04:32:26,961 - INFO - Rejected chunk_id 7338: Contains 'Table'
2026-08-06 04:32:31,447 - INFO - Rejected chunk_id 60: Too similar to original (43.1% overlap)
2026-08-06 04:32:38,255 - INFO - Rejected chunk_id 4536: Contains 'Figure'
2026-08-06 04:32:44,189 - INFO - Rejected chunk_id 106: Too similar to original (30.6% overlap)
2026-08-06 04:32:47,333 - INFO - Rejected chunk_id 192: Too similar to original (33.3% overlap)
2026-08-06 04:32:49,698 - INFO - Rejected chunk_id 1575: Too similar to original (41.7% overlap)
2026-08-06 04:32:53,406 - INFO - Rejected chunk_id 1049: Too similar to original (32.7% overlap)
2026-08-06 04:32:56,852 - INFO - Rejected chunk_id 502: Too similar to original (49.2% overlap)
2026-08-06 04:33:03,487 - INFO - Rejected chunk_id 361: Too similar to original (51.7% overlap)
2026-08-06 04:33:05,730 - INFO - Rejected chunk_id 3957: Contains 'Table'
2026-08-06 04:33:07,619 - INFO - Rejected chunk_id 4117: Contains 'Table'
2026-08-06 04:33:09,671 - INFO - Rejected chunk_id 248: Too similar to original (37.1% overlap)
2026-08-06 04:33:11,313 - INFO - Rejected chunk_id 332: Too similar to original (45.8% overlap)
2026-08-06 04:33:15,035 - INFO - Rejected chunk_id 1024: Contains 'Table'
2026-08-06 04:33:18,599 - INFO - Rejected chunk_id 1501: Too similar to original (42.9% overlap)
2026-08-06 04:33:21,729 - INFO - Rejected chunk_id 2503: Too similar to original (35.9% overlap)
2026-08-06 04:33:23,303 - INFO - Rejected chunk_id 2674: Too similar to original (56.1% overlap)
2026-08-06 04:33:25,190 - INFO - Rejected chunk_id 4462: Contains 'Table'
2026-08-06 04:33:26,572 - INFO - Rejected chunk_id 2844: Too similar to original (40.0% overlap)
2026-08-06 04:33:28,468 - INFO - Rejected chunk_id 627: Too similar to original (31.0% overlap)
2026-08-06 04:33:31,941 - INFO - Rejected chunk_id 1542: Too similar to original (40.9% overlap)
2026-08-06 04:33:33,836 - INFO - Rejected chunk_id 186: Too similar to original (41.4% overlap)
2026-08-06 04:33:38,343 - INFO - Rejected chunk_id 1265: Too similar to original (66.1% overlap)
2026-08-06 04:33:40,214 - INFO - Rejected chunk_id 1613: Too similar to original (42.2% overlap)
2026-08-06 04:33:45,249 - INFO - Rejected chunk_id 425: Too similar to original (36.1% overlap)
2026-08-06 04:33:47,474 - INFO - Rejected chunk_id 985: Too similar to original (44.9% overlap)
2026-08-06 04:33:52,223 - INFO - Rejected chunk_id 302: Too similar to original (31.9% overlap)
2026-08-06 04:33:53,630 - INFO - Rejected chunk_id 641: Too similar to original (32.8% overlap)
2026-08-06 04:33:57,900 - INFO - Rejected chunk_id 2754: Too similar to original (43.9% overlap)
2026-08-06 04:33:59,384 - INFO - Rejected chunk_id 191: Too similar to original (48.1% overlap)
2026-08-06 04:34:01,050 - INFO - Rejected chunk_id 39: Too similar to original (34.4% overlap)
2026-08-06 04:34:08,392 - INFO - Rejected chunk_id 33: Too similar to original (47.4% overlap)
2026-08-06 04:34:13,717 - INFO - Rejected chunk_id 6711: Too similar to original (38.2% overlap)
2026-08-06 04:34:17,000 - INFO - Rejected chunk_id 2915: Contains 'Figure'
2026-08-06 04:34:20,755 - INFO - Rejected chunk_id 2801: Too similar to original (40.6% overlap)
2026-08-06 04:34:22,682 - INFO - Rejected chunk_id 842: Too similar to original (45.6% overlap)
2026-08-06 04:34:25,055 - INFO - Rejected chunk_id 2531: Too similar to original (32.9% overlap)
2026-08-06 04:34:28,389 - INFO - Rejected chunk_id 256: Too similar to original (37.5% overlap)
2026-08-06 04:34:31,185 - INFO - Rejected chunk_id 1346: Too similar to original (43.4% overlap)
2026-08-06 04:34:33,891 - INFO - Rejected chunk_id 547: Too similar to original (61.5% overlap)
2026-08-06 04:34:35,660 - INFO - Rejected chunk_id 256: Too similar to original (35.9% overlap)
2026-08-06 04:34:39,125 - INFO - Rejected chunk_id 2422: Too similar to original (55.9% overlap)
2026-08-06 04:34:41,271 - INFO - Rejected chunk_id 452: Too similar to original (39.7% overlap)
2026-08-06 04:34:42,586 - INFO - Rejected chunk_id 1333: Too similar to original (32.1% overlap)
2026-08-06 04:34:49,600 - INFO - Rejected chunk_id 3191: Too similar to original (38.6% overlap)
2026-08-06 04:34:53,838 - INFO - Rejected chunk_id 924: Contains 'Table'
2026-08-06 04:34:58,245 - INFO - Rejected chunk_id 985: Too similar to original (50.7% overlap)
2026-08-06 04:34:59,430 - INFO - Rejected chunk_id 4454: Too similar to original (34.8% overlap)
2026-08-06 04:35:01,076 - INFO - Rejected chunk_id 3940: Too similar to original (30.6% overlap)
2026-08-06 04:35:04,348 - INFO - Rejected chunk_id 1815: Too similar to original (48.1% overlap)
2026-08-06 04:35:12,383 - INFO - Rejected chunk_id 2437: Too similar to original (31.2% overlap)
2026-08-06 04:35:13,772 - INFO - Rejected chunk_id 2042: Too similar to original (36.4% overlap)
2026-08-06 04:35:22,924 - INFO - Rejected chunk_id 819: Too similar to original (42.1% overlap)
2026-08-06 04:35:31,256 - INFO - Rejected chunk_id 2290: Too similar to original (46.3% overlap)
2026-08-06 04:35:39,284 - INFO - Rejected chunk_id 1040: Too similar to original (31.1% overlap)
2026-08-06 04:35:41,164 - INFO - Rejected chunk_id 2169: Too similar to original (55.6% overlap)
2026-08-06 04:35:43,622 - INFO - Rejected chunk_id 1713: Contains 'Table'
2026-08-06 04:35:45,184 - INFO - Rejected chunk_id 207: Too similar to original (47.7% overlap)
2026-08-06 04:35:48,902 - INFO - Rejected chunk_id 103: Too similar to original (59.6% overlap)
2026-08-06 04:35:51,068 - INFO - Rejected chunk_id 156: Contains 'Table'
2026-08-06 04:35:52,638 - INFO - Rejected chunk_id 284: Too similar to original (37.3% overlap)
2026-08-06 04:35:54,276 - INFO - Rejected chunk_id 2367: Too similar to original (42.2% overlap)
2026-08-06 04:35:55,596 - INFO - Rejected chunk_id 1168: Too similar to original (53.8% overlap)
2026-08-06 04:35:57,217 - INFO - Rejected chunk_id 777: Too similar to original (30.4% overlap)
2026-08-06 04:35:58,777 - INFO - Rejected chunk_id 540: Too similar to original (44.3% overlap)
2026-08-06 04:36:01,007 - INFO - Rejected chunk_id 148: Contains 'Figure'
2026-08-06 04:36:10,369 - INFO - Rejected chunk_id 2976: Too similar to original (45.2% overlap)
2026-08-06 04:36:12,397 - INFO - Rejected chunk_id 1754: Too similar to original (42.1% overlap)
2026-08-06 04:36:14,823 - INFO - Rejected chunk_id 4436: Too similar to original (35.7% overlap)
2026-08-06 04:36:18,270 - INFO - Rejected chunk_id 46: Too similar to original (32.4% overlap)
2026-08-06 04:36:19,809 - INFO - Rejected chunk_id 1024: Too similar to original (40.4% overlap)
2026-08-06 04:36:21,888 - INFO - Rejected chunk_id 1658: Too similar to original (39.3% overlap)
2026-08-06 04:36:23,906 - INFO - Rejected chunk_id 5986: Too similar to original (50.8% overlap)
2026-08-06 04:36:31,216 - INFO - Rejected chunk_id 4601: Contains 'Table'
2026-08-06 04:36:32,752 - INFO - Rejected chunk_id 307: Too similar to original (48.4% overlap)
2026-08-06 04:36:35,160 - INFO - Rejected chunk_id 1647: Too similar to original (32.9% overlap)
2026-08-06 04:36:36,510 - INFO - Rejected chunk_id 847: Too similar to original (41.8% overlap)
2026-08-06 04:36:40,401 - INFO - Rejected chunk_id 255: Too similar to original (50.9% overlap)
2026-08-06 04:36:43,031 - INFO - Rejected chunk_id 2209: Contains 'Figure'
2026-08-06 04:36:44,973 - INFO - Rejected chunk_id 2006: Too similar to original (54.4% overlap)
2026-08-06 04:36:46,820 - INFO - Rejected chunk_id 415: Too similar to original (49.2% overlap)
2026-08-06 04:36:49,930 - INFO - Rejected chunk_id 236: Too similar to original (30.2% overlap)
2026-08-06 04:36:51,239 - INFO - Rejected chunk_id 74: Too similar to original (44.4% overlap)
2026-08-06 04:36:52,779 - INFO - Rejected chunk_id 78: Too similar to original (32.1% overlap)
2026-08-06 04:36:56,776 - INFO - Rejected chunk_id 384: Too similar to original (43.3% overlap)
2026-08-06 04:36:59,450 - INFO - Rejected chunk_id 283: Too similar to original (50.8% overlap)
2026-08-06 04:37:05,300 - INFO - Rejected chunk_id 866: Too similar to original (60.0% overlap)
2026-08-06 04:37:09,005 - INFO - Rejected chunk_id 2762: Too similar to original (37.1% overlap)
2026-08-06 04:37:11,364 - INFO - Rejected chunk_id 809: Too similar to original (30.1% overlap)
2026-08-06 04:37:15,181 - INFO - Rejected chunk_id 232: Too similar to original (38.2% overlap)
2026-08-06 04:37:17,880 - INFO - Rejected chunk_id 2689: Contains 'Table'
2026-08-06 04:37:20,025 - INFO - Rejected chunk_id 1157: Too similar to original (32.8% overlap)
2026-08-06 04:37:25,122 - INFO - Rejected chunk_id 33: Too similar to original (44.8% overlap)
2026-08-06 04:37:31,459 - INFO - Rejected chunk_id 3284: Contains 'Figure'
2026-08-06 04:37:35,396 - INFO - Rejected chunk_id 6618: Contains 'Table'
2026-08-06 04:37:37,599 - INFO - Rejected chunk_id 647: Too similar to original (56.2% overlap)
2026-08-06 04:37:40,047 - INFO - Rejected chunk_id 172: Contains 'Table'
2026-08-06 04:37:42,608 - INFO - Rejected chunk_id 1376: Too similar to original (56.1% overlap)
2026-08-06 04:37:45,487 - INFO - Rejected chunk_id 1050: Too similar to original (58.8% overlap)
2026-08-06 04:37:47,307 - INFO - Rejected chunk_id 119: Too similar to original (41.4% overlap)
2026-08-06 04:37:48,796 - INFO - Rejected chunk_id 201: Too similar to original (51.9% overlap)
2026-08-06 04:37:53,896 - INFO - Rejected chunk_id 152: Too similar to original (37.7% overlap)
2026-08-06 04:37:57,744 - INFO - Rejected chunk_id 638: Too similar to original (47.4% overlap)
2026-08-06 04:37:59,056 - INFO - Rejected chunk_id 291: Too similar to original (35.2% overlap)
2026-08-06 04:38:00,656 - INFO - Rejected chunk_id 571: Too similar to original (39.7% overlap)
2026-08-06 04:38:06,543 - INFO - Rejected chunk_id 322: Too similar to original (57.4% overlap)
2026-08-06 04:38:09,312 - INFO - Rejected chunk_id 240: Too similar to original (40.0% overlap)
2026-08-06 04:38:13,360 - INFO - Rejected chunk_id 2362: Too similar to original (40.6% overlap)
2026-08-06 04:38:16,823 - INFO - Rejected chunk_id 2786: Too similar to original (45.6% overlap)
2026-08-06 04:38:18,898 - INFO - Rejected chunk_id 1666: Contains 'Table'
2026-08-06 04:38:20,882 - INFO - Rejected chunk_id 2176: Too similar to original (40.7% overlap)
2026-08-06 04:38:22,142 - INFO - Rejected chunk_id 223: Too similar to original (51.8% overlap)
2026-08-06 04:38:23,481 - INFO - Rejected chunk_id 2860: Too similar to original (47.8% overlap)
2026-08-06 04:38:24,763 - INFO - Rejected chunk_id 890: Too similar to original (50.0% overlap)
2026-08-06 04:38:30,505 - INFO - Rejected chunk_id 295: Too similar to original (46.5% overlap)
2026-08-06 04:38:32,040 - INFO - Rejected chunk_id 2240: Too similar to original (37.0% overlap)
2026-08-06 04:38:34,034 - INFO - Rejected chunk_id 2924: Contains 'Figure'
2026-08-06 04:38:36,325 - INFO - Rejected chunk_id 1286: Too similar to original (37.3% overlap)
2026-08-06 04:38:37,990 - INFO - Rejected chunk_id 2587: Too similar to original (34.3% overlap)
2026-08-06 04:38:42,681 - INFO - Rejected chunk_id 4191: Contains 'Table'
2026-08-06 04:38:45,349 - INFO - Rejected chunk_id 426: Too similar to original (31.6% overlap)
2026-08-06 04:38:46,650 - INFO - Rejected chunk_id 169: Too similar to original (39.7% overlap)
2026-08-06 04:38:47,742 - INFO - Rejected chunk_id 919: Contains 'Table'
2026-08-06 04:38:49,159 - INFO - Rejected chunk_id 1099: Too similar to original (65.5% overlap)
2026-08-06 04:38:51,881 - INFO - Rejected chunk_id 3847: Too similar to original (48.9% overlap)
2026-08-06 04:38:54,071 - INFO - Rejected chunk_id 3872: Too similar to original (43.9% overlap)
2026-08-06 04:38:55,949 - INFO - Rejected chunk_id 2275: Too similar to original (51.9% overlap)
2026-08-06 04:39:01,355 - INFO - Rejected chunk_id 1298: Contains 'Table'
2026-08-06 04:39:04,811 - INFO - Rejected chunk_id 196: Too similar to original (41.2% overlap)
2026-08-06 04:39:07,047 - INFO - Rejected chunk_id 780: Too similar to original (53.6% overlap)
2026-08-06 04:39:10,335 - INFO - Rejected chunk_id 2724: Contains 'Figure'
2026-08-06 04:39:11,868 - INFO - Rejected chunk_id 6707: Contains 'Table'
2026-08-06 04:39:13,751 - INFO - Rejected chunk_id 2609: Too similar to original (60.0% overlap)
2026-08-06 04:39:17,118 - INFO - Rejected chunk_id 549: Too similar to original (37.3% overlap)
2026-08-06 04:39:19,220 - INFO - Rejected chunk_id 128: Too similar to original (50.8% overlap)
2026-08-06 04:39:23,655 - INFO - Rejected chunk_id 5104: Contains 'Table'
2026-08-06 04:39:26,110 - INFO - Rejected chunk_id 1051: Too similar to original (47.7% overlap)
2026-08-06 04:39:27,486 - INFO - Rejected chunk_id 1306: Too similar to original (33.3% overlap)
2026-08-06 04:39:28,685 - INFO - Rejected chunk_id 677: Too similar to original (30.9% overlap)
2026-08-06 04:39:30,684 - INFO - Rejected chunk_id 3818: Contains 'Table'
2026-08-06 04:39:36,177 - INFO - Rejected chunk_id 1713: Too similar to original (50.0% overlap)
2026-08-06 04:39:38,660 - INFO - Rejected chunk_id 7495: Contains 'Table'
2026-08-06 04:39:44,829 - INFO - Rejected chunk_id 342: Too similar to original (42.1% overlap)
2026-08-06 04:39:48,104 - INFO - Rejected chunk_id 1396: Too similar to original (37.1% overlap)
2026-08-06 04:39:52,744 - INFO - Rejected chunk_id 944: Too similar to original (41.9% overlap)
2026-08-06 04:39:58,422 - INFO - Rejected chunk_id 331: Too similar to original (56.9% overlap)
2026-08-06 04:40:03,075 - INFO - Rejected chunk_id 2291: Too similar to original (32.1% overlap)
2026-08-06 04:40:04,738 - INFO - Rejected chunk_id 2155: Too similar to original (51.9% overlap)
2026-08-06 04:40:08,709 - INFO - Rejected chunk_id 2870: Too similar to original (44.0% overlap)
2026-08-06 04:40:12,651 - INFO - Rejected chunk_id 245: Too similar to original (32.7% overlap)
2026-08-06 04:40:19,035 - INFO - Rejected chunk_id 870: Too similar to original (31.9% overlap)
2026-08-06 04:40:20,654 - INFO - Rejected chunk_id 164: Too similar to original (46.4% overlap)
2026-08-06 04:40:26,255 - INFO - Rejected chunk_id 2744: Too similar to original (32.8% overlap)
2026-08-06 04:40:30,354 - INFO - Rejected chunk_id 1748: Too similar to original (43.9% overlap)
2026-08-06 04:40:32,273 - INFO - Rejected chunk_id 2382: Too similar to original (41.8% overlap)
2026-08-06 04:40:35,082 - INFO - Rejected chunk_id 1486: Too similar to original (30.2% overlap)
2026-08-06 04:40:36,600 - INFO - Rejected chunk_id 7363: Too similar to original (43.5% overlap)
2026-08-06 04:40:42,250 - INFO - Rejected chunk_id 209: Too similar to original (33.9% overlap)
2026-08-06 04:40:44,409 - INFO - Rejected chunk_id 491: Too similar to original (56.9% overlap)
2026-08-06 04:40:46,556 - INFO - Rejected chunk_id 863: Too similar to original (35.4% overlap)
2026-08-06 04:40:53,532 - INFO - Rejected chunk_id 1182: Too similar to original (34.4% overlap)
2026-08-06 04:40:54,637 - INFO - Rejected chunk_id 86: Too similar to original (42.5% overlap)
2026-08-06 04:40:56,071 - INFO - Rejected chunk_id 39: Too similar to original (44.1% overlap)
2026-08-06 04:40:58,527 - INFO - Rejected chunk_id 2874: Too similar to original (38.9% overlap)
2026-08-06 04:41:01,033 - INFO - Rejected chunk_id 1525: Too similar to original (44.1% overlap)
2026-08-06 04:41:04,192 - INFO - Rejected chunk_id 278: Too similar to original (36.5% overlap)
2026-08-06 04:41:05,474 - INFO - Rejected chunk_id 2311: Too similar to original (44.9% overlap)
2026-08-06 04:41:08,701 - INFO - Rejected chunk_id 225: Too similar to original (44.8% overlap)
2026-08-06 04:41:10,498 - INFO - Rejected chunk_id 145: Too similar to original (35.5% overlap)
2026-08-06 04:41:13,129 - INFO - Rejected chunk_id 2137: Too similar to original (30.6% overlap)
2026-08-06 04:41:17,951 - INFO - Rejected chunk_id 2242: Too similar to original (30.3% overlap)
2026-08-06 04:41:21,060 - INFO - Rejected chunk_id 2297: Too similar to original (40.3% overlap)
2026-08-06 04:41:22,894 - INFO - Rejected chunk_id 520: Too similar to original (49.1% overlap)
2026-08-06 04:41:28,001 - INFO - Rejected chunk_id 1031: Too similar to original (42.2% overlap)
2026-08-06 04:41:36,903 - INFO - Rejected chunk_id 45: Too similar to original (33.3% overlap)
2026-08-06 04:41:38,136 - INFO - Rejected chunk_id 1370: Too similar to original (36.0% overlap)
2026-08-06 04:41:39,480 - INFO - Rejected chunk_id 385: Too similar to original (40.4% overlap)
2026-08-06 04:41:41,144 - INFO - Rejected chunk_id 762: Too similar to original (31.5% overlap)
2026-08-06 04:41:42,998 - INFO - Rejected chunk_id 442: Too similar to original (35.6% overlap)
2026-08-06 04:41:45,691 - INFO - Rejected chunk_id 6704: Too similar to original (30.9% overlap)
2026-08-06 04:41:48,913 - INFO - Rejected chunk_id 3169: Contains 'Table'
2026-08-06 04:41:52,808 - INFO - Rejected chunk_id 242: Too similar to original (62.0% overlap)
2026-08-06 04:41:54,422 - INFO - Rejected chunk_id 391: Too similar to original (38.1% overlap)
2026-08-06 04:41:56,660 - INFO - Rejected chunk_id 341: Too similar to original (38.7% overlap)
2026-08-06 04:41:58,680 - INFO - Rejected chunk_id 39: Too similar to original (38.4% overlap)
2026-08-06 04:42:01,190 - INFO - Rejected chunk_id 4004: Too similar to original (39.7% overlap)
2026-08-06 04:42:03,196 - INFO - Rejected chunk_id 626: Too similar to original (31.5% overlap)
2026-08-06 04:42:06,042 - INFO - Rejected chunk_id 424: Too similar to original (51.8% overlap)
2026-08-06 04:42:09,854 - INFO - Rejected chunk_id 2077: Too similar to original (38.7% overlap)
2026-08-06 04:42:11,923 - INFO - Rejected chunk_id 308: Too similar to original (44.6% overlap)
2026-08-06 04:42:13,868 - INFO - Rejected chunk_id 2407: Too similar to original (32.8% overlap)
2026-08-06 04:42:15,690 - INFO - Rejected chunk_id 2494: Too similar to original (32.8% overlap)
2026-08-06 04:42:19,017 - INFO - Rejected chunk_id 5096: Too similar to original (31.5% overlap)
2026-08-06 04:42:21,515 - INFO - Rejected chunk_id 2975: Too similar to original (36.1% overlap)
2026-08-06 04:42:23,614 - INFO - Rejected chunk_id 172: Contains 'Table'
2026-08-06 04:42:25,412 - INFO - Rejected chunk_id 730: Too similar to original (41.5% overlap)
2026-08-06 04:42:30,009 - INFO - Rejected chunk_id 271: Too similar to original (47.5% overlap)
2026-08-06 04:42:36,580 - INFO - Rejected chunk_id 499: Contains 'Figure'
2026-08-06 04:42:39,716 - INFO - Rejected chunk_id 2214: Too similar to original (45.9% overlap)
2026-08-06 04:42:41,986 - INFO - Rejected chunk_id 790: Too similar to original (40.6% overlap)
2026-08-06 04:42:44,971 - INFO - Rejected chunk_id 167: Too similar to original (38.6% overlap)
2026-08-06 04:42:46,517 - INFO - Rejected chunk_id 1939: Too similar to original (41.3% overlap)
2026-08-06 04:42:48,375 - INFO - Rejected chunk_id 23: Too similar to original (51.7% overlap)
2026-08-06 04:42:50,285 - INFO - Rejected chunk_id 3876: Contains 'Table'
2026-08-06 04:42:52,589 - INFO - Rejected chunk_id 3336: Contains 'Table'
2026-08-06 04:42:54,072 - INFO - Rejected chunk_id 1059: Too similar to original (43.6% overlap)
2026-08-06 04:42:56,136 - INFO - Rejected chunk_id 9: Too similar to original (32.8% overlap)
2026-08-06 04:42:57,675 - INFO - Rejected chunk_id 237: Too similar to original (32.3% overlap)
2026-08-06 04:43:01,119 - INFO - Rejected chunk_id 2236: Too similar to original (41.9% overlap)
2026-08-06 04:43:03,726 - INFO - Rejected chunk_id 5613: Too similar to original (38.6% overlap)
2026-08-06 04:43:06,161 - INFO - Rejected chunk_id 5222: Too similar to original (33.3% overlap)
2026-08-06 04:43:07,844 - INFO - Rejected chunk_id 3863: Contains 'Table'
2026-08-06 04:43:09,943 - INFO - Rejected chunk_id 849: Contains 'Table'
2026-08-06 04:43:12,674 - INFO - Rejected chunk_id 1002: Too similar to original (52.8% overlap)
2026-08-06 04:43:14,496 - INFO - Rejected chunk_id 817: Too similar to original (30.8% overlap)
2026-08-06 04:43:16,703 - INFO - Rejected chunk_id 185: Too similar to original (49.3% overlap)
2026-08-06 04:43:18,246 - INFO - Rejected chunk_id 3241: Contains 'Figure'
2026-08-06 04:43:28,233 - INFO - Rejected chunk_id 236: Too similar to original (40.0% overlap)
2026-08-06 04:43:30,240 - INFO - Rejected chunk_id 3291: Too similar to original (43.5% overlap)
2026-08-06 04:43:33,853 - INFO - Rejected chunk_id 1058: Too similar to original (36.8% overlap)
2026-08-06 04:43:37,451 - INFO - Rejected chunk_id 2388: Contains 'Table'
2026-08-06 04:43:38,914 - INFO - Rejected chunk_id 429: Too similar to original (48.2% overlap)
2026-08-06 04:43:43,642 - INFO - Rejected chunk_id 2940: Too similar to original (54.5% overlap)
2026-08-06 04:43:52,573 - INFO - Rejected chunk_id 2342: Too similar to original (35.3% overlap)
2026-08-06 04:43:54,132 - INFO - Rejected chunk_id 503: Too similar to original (32.4% overlap)
2026-08-06 04:43:56,874 - INFO - Rejected chunk_id 776: Too similar to original (39.1% overlap)
2026-08-06 04:44:00,710 - INFO - Rejected chunk_id 4415: Too similar to original (34.5% overlap)
2026-08-06 04:44:05,244 - INFO - Rejected chunk_id 4544: Too similar to original (36.2% overlap)
2026-08-06 04:44:10,709 - INFO - Rejected chunk_id 560: Too similar to original (38.9% overlap)
2026-08-06 04:44:27,641 - INFO - Rejected chunk_id 222: Too similar to original (45.6% overlap)
2026-08-06 04:44:30,184 - INFO - Rejected chunk_id 5550: Contains 'Table'
2026-08-06 04:44:36,682 - INFO - Rejected chunk_id 6732: Contains 'Table'
2026-08-06 04:44:38,771 - INFO - Rejected chunk_id 1545: Contains 'Table'
2026-08-06 04:44:43,791 - INFO - Rejected chunk_id 2180: Contains repeated words
2026-08-06 04:44:45,499 - INFO - Rejected chunk_id 682: Too similar to original (58.6% overlap)
2026-08-06 04:44:47,256 - INFO - Rejected chunk_id 506: Too similar to original (50.0% overlap)
2026-08-06 04:44:48,937 - INFO - Rejected chunk_id 121: Too similar to original (33.9% overlap)
2026-08-06 04:44:55,560 - INFO - Rejected chunk_id 1789: Too similar to original (56.2% overlap)
2026-08-06 04:44:58,141 - INFO - Rejected chunk_id 188: Too similar to original (35.4% overlap)
2026-08-06 04:45:01,513 - INFO - Rejected chunk_id 495: Too similar to original (37.8% overlap)
2026-08-06 04:45:05,670 - INFO - Rejected chunk_id 280: Too similar to original (70.3% overlap)
2026-08-06 04:45:10,135 - INFO - Rejected chunk_id 2364: Too similar to original (46.9% overlap)
2026-08-06 04:45:12,042 - INFO - Rejected chunk_id 6730: Contains 'Table'
2026-08-06 04:45:19,307 - INFO - Rejected chunk_id 2855: Too similar to original (35.8% overlap)
2026-08-06 04:45:22,594 - INFO - Rejected chunk_id 116: Too similar to original (41.4% overlap)
2026-08-06 04:45:25,031 - INFO - Rejected chunk_id 2914: Too similar to original (59.6% overlap)
2026-08-06 04:45:28,771 - INFO - Rejected chunk_id 1054: Too similar to original (31.7% overlap)
2026-08-06 04:45:30,508 - INFO - Rejected chunk_id 4: Too similar to original (53.2% overlap)
2026-08-06 04:45:34,691 - INFO - Rejected chunk_id 63: Too similar to original (32.8% overlap)
2026-08-06 04:45:37,693 - INFO - Rejected chunk_id 2767: Too similar to original (67.9% overlap)
2026-08-06 04:45:41,258 - INFO - Rejected chunk_id 230: Too similar to original (47.7% overlap)
2026-08-06 04:45:47,087 - INFO - Rejected chunk_id 2052: Too similar to original (34.8% overlap)
2026-08-06 04:45:51,492 - INFO - Rejected chunk_id 614: Too similar to original (52.9% overlap)
2026-08-06 04:45:53,895 - INFO - Rejected chunk_id 2626: Too similar to original (43.5% overlap)
2026-08-06 04:45:55,545 - INFO - Rejected chunk_id 1873: Too similar to original (48.2% overlap)
2026-08-06 04:45:57,984 - INFO - Rejected chunk_id 727: Too similar to original (34.6% overlap)
2026-08-06 04:45:59,715 - INFO - Rejected chunk_id 2453: Too similar to original (57.4% overlap)
2026-08-06 04:46:01,285 - INFO - Rejected chunk_id 2878: Too similar to original (42.6% overlap)
2026-08-06 04:46:07,904 - INFO - Rejected chunk_id 343: Contains 'Figure'
2026-08-06 04:46:10,169 - INFO - Rejected chunk_id 508: Too similar to original (31.2% overlap)
2026-08-06 04:46:11,748 - INFO - Rejected chunk_id 94: Too similar to original (32.4% overlap)
2026-08-06 04:46:16,692 - INFO - Rejected chunk_id 333: Too similar to original (32.8% overlap)
2026-08-06 04:46:21,356 - INFO - Rejected chunk_id 715: Contains 'Figure'
2026-08-06 04:46:23,631 - INFO - Rejected chunk_id 1038: Too similar to original (35.8% overlap)
2026-08-06 04:46:27,757 - INFO - Rejected chunk_id 777: Contains 'Table'
2026-08-06 04:46:31,330 - INFO - Rejected chunk_id 753: Too similar to original (43.9% overlap)
2026-08-06 04:46:40,702 - INFO - Rejected chunk_id 1907: Contains 'Table'
2026-08-06 04:46:42,612 - INFO - Rejected chunk_id 856: Too similar to original (36.7% overlap)
2026-08-06 04:46:46,732 - INFO - Rejected chunk_id 740: Too similar to original (45.3% overlap)
2026-08-06 04:46:48,576 - INFO - Rejected chunk_id 1630: Too similar to original (38.5% overlap)
2026-08-06 04:46:50,143 - INFO - Rejected chunk_id 119: Too similar to original (43.6% overlap)
2026-08-06 04:46:54,646 - INFO - Rejected chunk_id 257: Too similar to original (42.3% overlap)
2026-08-06 04:46:58,979 - INFO - Rejected chunk_id 2523: Too similar to original (49.3% overlap)
2026-08-06 04:47:00,401 - INFO - Rejected chunk_id 794: Too similar to original (50.0% overlap)
2026-08-06 04:47:05,117 - INFO - Rejected chunk_id 188: Too similar to original (35.7% overlap)
2026-08-06 04:47:07,056 - INFO - Rejected chunk_id 889: Contains 'Table'
2026-08-06 04:47:09,268 - INFO - Rejected chunk_id 115: Too similar to original (47.8% overlap)
2026-08-06 04:47:11,058 - INFO - Rejected chunk_id 27: Too similar to original (31.3% overlap)
2026-08-06 04:47:12,685 - INFO - Rejected chunk_id 4441: Too similar to original (40.6% overlap)
2026-08-06 04:47:16,398 - INFO - Rejected chunk_id 977: Contains 'Table'
2026-08-06 04:47:21,795 - INFO - Rejected chunk_id 420: Too similar to original (39.4% overlap)
2026-08-06 04:47:23,612 - INFO - Rejected chunk_id 117: Too similar to original (36.1% overlap)
2026-08-06 04:47:25,463 - INFO - Rejected chunk_id 2642: Too similar to original (36.4% overlap)
2026-08-06 04:47:27,399 - INFO - Rejected chunk_id 46: Too similar to original (35.7% overlap)
2026-08-06 04:47:31,567 - INFO - Rejected chunk_id 2364: Too similar to original (37.1% overlap)
2026-08-06 04:47:33,314 - INFO - Rejected chunk_id 2512: Too similar to original (44.6% overlap)
2026-08-06 04:47:36,687 - INFO - Rejected chunk_id 2466: Too similar to original (32.3% overlap)
2026-08-06 04:47:38,402 - INFO - Rejected chunk_id 7371: Too similar to original (34.8% overlap)
2026-08-06 04:47:40,395 - INFO - Rejected chunk_id 7669: Contains 'Figure'
2026-08-06 04:47:42,548 - INFO - Rejected chunk_id 14: Too similar to original (39.7% overlap)
2026-08-06 04:47:44,436 - INFO - Rejected chunk_id 106: Too similar to original (54.0% overlap)
2026-08-06 04:47:46,469 - INFO - Rejected chunk_id 1604: Too similar to original (46.9% overlap)
2026-08-06 04:47:50,017 - INFO - Rejected chunk_id 924: Contains 'Table'
2026-08-06 04:47:51,751 - INFO - Rejected chunk_id 2060: Too similar to original (40.3% overlap)
2026-08-06 04:47:59,092 - INFO - Rejected chunk_id 2446: Too similar to original (38.7% overlap)
2026-08-06 04:48:01,278 - INFO - Rejected chunk_id 140: Too similar to original (42.3% overlap)
2026-08-06 04:48:03,058 - INFO - Rejected chunk_id 160: Too similar to original (40.8% overlap)
2026-08-06 04:48:05,245 - INFO - Rejected chunk_id 101: Too similar to original (49.2% overlap)
2026-08-06 04:48:08,648 - INFO - Rejected chunk_id 2542: Too similar to original (43.8% overlap)
2026-08-06 04:48:10,422 - INFO - Rejected chunk_id 2854: Too similar to original (32.9% overlap)
2026-08-06 04:48:12,820 - INFO - Rejected chunk_id 1231: Too similar to original (30.2% overlap)
2026-08-06 04:48:14,500 - INFO - Rejected chunk_id 1521: Contains 'Table'
2026-08-06 04:48:17,091 - INFO - Rejected chunk_id 89: Too similar to original (39.6% overlap)
2026-08-06 04:48:20,818 - INFO - Rejected chunk_id 130: Too similar to original (36.4% overlap)
2026-08-06 04:48:23,723 - INFO - Rejected chunk_id 7431: Contains 'Table'
2026-08-06 04:48:29,338 - INFO - Rejected chunk_id 1860: Too similar to original (46.4% overlap)
2026-08-06 04:48:31,705 - INFO - Rejected chunk_id 276: Too similar to original (50.8% overlap)
2026-08-06 04:48:38,775 - INFO - Rejected chunk_id 1145: Too similar to original (30.6% overlap)
2026-08-06 04:48:42,102 - INFO - Rejected chunk_id 2247: Contains 'Table'
2026-08-06 04:48:44,094 - INFO - Rejected chunk_id 82: Too similar to original (33.3% overlap)
2026-08-06 04:48:49,577 - INFO - Rejected chunk_id 566: Too similar to original (44.4% overlap)
2026-08-06 04:48:51,096 - INFO - Rejected chunk_id 407: Too similar to original (40.3% overlap)
2026-08-06 04:48:54,600 - INFO - Rejected chunk_id 70: Too similar to original (44.3% overlap)
2026-08-06 04:48:57,838 - INFO - Rejected chunk_id 1010: Too similar to original (46.4% overlap)
2026-08-06 04:48:59,650 - INFO - Rejected chunk_id 795: Too similar to original (54.5% overlap)
2026-08-06 04:49:01,146 - INFO - Rejected chunk_id 21: Too similar to original (44.2% overlap)
2026-08-06 04:49:02,995 - INFO - Rejected chunk_id 4697: Too similar to original (48.4% overlap)
2026-08-06 04:49:04,602 - INFO - Rejected chunk_id 2491: Too similar to original (32.2% overlap)
2026-08-06 04:49:06,843 - INFO - Rejected chunk_id 96: Too similar to original (43.2% overlap)
2026-08-06 04:49:09,217 - INFO - Rejected chunk_id 805: Too similar to original (31.3% overlap)
2026-08-06 04:49:11,643 - INFO - Rejected chunk_id 2761: Too similar to original (43.9% overlap)
2026-08-06 04:49:13,836 - INFO - Rejected chunk_id 4380: Too similar to original (40.0% overlap)
2026-08-06 04:49:15,649 - INFO - Rejected chunk_id 6019: Too similar to original (31.8% overlap)
2026-08-06 04:49:17,582 - INFO - Rejected chunk_id 543: Too similar to original (45.3% overlap)
2026-08-06 04:49:18,959 - INFO - Rejected chunk_id 2852: Too similar to original (32.1% overlap)
2026-08-06 04:49:20,780 - INFO - Rejected chunk_id 1616: Too similar to original (37.7% overlap)
2026-08-06 04:49:22,811 - INFO - Rejected chunk_id 201: Too similar to original (30.3% overlap)
2026-08-06 04:49:30,939 - INFO - Rejected chunk_id 2212: Too similar to original (37.0% overlap)
2026-08-06 04:49:33,869 - INFO - Rejected chunk_id 5658: Contains 'Table'
2026-08-06 04:49:35,535 - INFO - Rejected chunk_id 1318: Too similar to original (58.5% overlap)
2026-08-06 04:49:37,229 - INFO - Rejected chunk_id 2934: Too similar to original (34.0% overlap)
2026-08-06 04:49:39,722 - INFO - Rejected chunk_id 607: Contains 'Table'
2026-08-06 04:49:42,297 - INFO - Rejected chunk_id 224: Too similar to original (42.9% overlap)
2026-08-06 04:49:43,821 - INFO - Rejected chunk_id 1440: Too similar to original (39.3% overlap)
2026-08-06 04:49:46,843 - INFO - Rejected chunk_id 1077: Too similar to original (43.4% overlap)
2026-08-06 04:49:49,347 - INFO - Rejected chunk_id 6935: Contains 'Table'
2026-08-06 04:49:52,864 - INFO - Rejected chunk_id 6024: Contains 'Table'
2026-08-06 04:49:56,951 - INFO - Rejected chunk_id 7051: Contains 'Table'
2026-08-06 04:49:58,845 - INFO - Rejected chunk_id 3875: Too similar to original (33.8% overlap)
2026-08-06 04:50:02,835 - INFO - Rejected chunk_id 1822: Too similar to original (54.5% overlap)
2026-08-06 04:50:06,274 - INFO - Rejected chunk_id 118: Too similar to original (38.5% overlap)
2026-08-06 04:50:08,077 - INFO - Rejected chunk_id 3208: Contains 'Table'
2026-08-06 04:50:09,497 - INFO - Rejected chunk_id 5744: Too similar to original (32.7% overlap)
2026-08-06 04:50:11,138 - INFO - Rejected chunk_id 448: Too similar to original (43.1% overlap)
2026-08-06 04:50:12,928 - INFO - Rejected chunk_id 81: Too similar to original (35.1% overlap)
2026-08-06 04:50:15,542 - INFO - Rejected chunk_id 194: Too similar to original (30.9% overlap)
2026-08-06 04:50:23,703 - INFO - Rejected chunk_id 524: Too similar to original (33.8% overlap)
2026-08-06 04:50:31,946 - INFO - Rejected chunk_id 54: Too similar to original (48.1% overlap)
2026-08-06 04:50:35,402 - INFO - Rejected chunk_id 1852: Too similar to original (39.2% overlap)
2026-08-06 04:50:40,288 - INFO - Rejected chunk_id 742: Too similar to original (36.8% overlap)
2026-08-06 04:50:44,035 - INFO - Rejected chunk_id 3236: Too similar to original (42.9% overlap)
2026-08-06 04:50:47,704 - INFO - Rejected chunk_id 2395: Too similar to original (33.3% overlap)
2026-08-06 04:50:49,285 - INFO - Rejected chunk_id 228: Too similar to original (32.3% overlap)
2026-08-06 04:50:52,665 - INFO - Rejected chunk_id 2500: Too similar to original (54.8% overlap)
2026-08-06 04:50:55,512 - INFO - Rejected chunk_id 4522: Too similar to original (33.9% overlap)
2026-08-06 04:51:00,171 - INFO - Rejected chunk_id 924: Too similar to original (35.0% overlap)
2026-08-06 04:51:01,988 - INFO - Rejected chunk_id 3872: Too similar to original (40.0% overlap)
2026-08-06 04:51:03,420 - INFO - Rejected chunk_id 2624: Too similar to original (36.0% overlap)
2026-08-06 04:51:04,969 - INFO - Rejected chunk_id 922: Contains 'Table'
2026-08-06 04:51:08,566 - INFO - Rejected chunk_id 119: Too similar to original (34.5% overlap)
2026-08-06 04:51:10,295 - INFO - Rejected chunk_id 1174: Too similar to original (47.5% overlap)
2026-08-06 04:51:15,420 - INFO - Rejected chunk_id 1037: Too similar to original (30.9% overlap)
2026-08-06 04:51:17,950 - INFO - Rejected chunk_id 1748: Too similar to original (48.4% overlap)
2026-08-06 04:51:21,346 - INFO - Rejected chunk_id 485: Too similar to original (55.4% overlap)
2026-08-06 04:51:25,000 - INFO - Rejected chunk_id 100: Too similar to original (53.4% overlap)
2026-08-06 04:51:26,679 - INFO - Rejected chunk_id 841: Too similar to original (45.8% overlap)
2026-08-06 04:51:28,500 - INFO - Rejected chunk_id 2312: Too similar to original (43.6% overlap)
2026-08-06 04:51:32,243 - INFO - Rejected chunk_id 1985: Too similar to original (47.8% overlap)
2026-08-06 04:51:34,456 - INFO - Rejected chunk_id 689: Too similar to original (32.3% overlap)
2026-08-06 04:51:36,392 - INFO - Rejected chunk_id 2606: Too similar to original (46.7% overlap)
2026-08-06 04:51:41,320 - INFO - Rejected chunk_id 4471: Contains 'Table'
2026-08-06 04:51:42,693 - INFO - Rejected chunk_id 2963: Too similar to original (49.0% overlap)
2026-08-06 04:51:48,159 - INFO - Rejected chunk_id 2448: Too similar to original (41.9% overlap)
2026-08-06 04:51:52,885 - INFO - Rejected chunk_id 28: Too similar to original (35.5% overlap)
2026-08-06 04:51:54,295 - INFO - Rejected chunk_id 1701: Too similar to original (41.0% overlap)
2026-08-06 04:51:55,851 - INFO - Rejected chunk_id 329: Too similar to original (41.3% overlap)
2026-08-06 04:52:00,680 - INFO - Rejected chunk_id 108: Too similar to original (32.3% overlap)
2026-08-06 04:52:14,119 - INFO - Rejected chunk_id 1322: Contains 'Figure'
2026-08-06 04:52:17,957 - INFO - Rejected chunk_id 2288: Too similar to original (44.9% overlap)
2026-08-06 04:52:25,568 - INFO - Rejected chunk_id 645: Too similar to original (52.8% overlap)
2026-08-06 04:52:33,408 - INFO - Rejected chunk_id 626: Too similar to original (32.4% overlap)
2026-08-06 04:52:35,903 - INFO - Rejected chunk_id 3904: Too similar to original (33.8% overlap)
2026-08-06 04:52:38,054 - INFO - Rejected chunk_id 4419: Contains 'Table'
2026-08-06 04:52:40,723 - INFO - Rejected chunk_id 4088: Too similar to original (39.4% overlap)
2026-08-06 04:52:43,427 - INFO - Rejected chunk_id 514: Too similar to original (56.2% overlap)
2026-08-06 04:52:44,663 - INFO - Rejected chunk_id 1071: Too similar to original (31.9% overlap)
2026-08-06 04:52:50,409 - INFO - Rejected chunk_id 4434: Contains 'Table'
2026-08-06 04:52:52,588 - INFO - Rejected chunk_id 65: Too similar to original (57.6% overlap)
2026-08-06 04:52:54,139 - INFO - Rejected chunk_id 5893: Contains 'Figure'
2026-08-06 04:52:55,829 - INFO - Rejected chunk_id 1007: Too similar to original (48.2% overlap)
2026-08-06 04:52:58,492 - INFO - Rejected chunk_id 1349: Too similar to original (40.0% overlap)
2026-08-06 04:53:00,483 - INFO - Rejected chunk_id 2409: Too similar to original (54.5% overlap)
2026-08-06 04:53:03,045 - INFO - Rejected chunk_id 868: Contains 'Table'
2026-08-06 04:53:04,733 - INFO - Rejected chunk_id 202: Too similar to original (52.7% overlap)
2026-08-06 04:53:09,460 - INFO - Rejected chunk_id 494: Too similar to original (38.7% overlap)
2026-08-06 04:53:11,340 - INFO - Rejected chunk_id 314: Too similar to original (43.5% overlap)
2026-08-06 04:53:12,584 - INFO - Rejected chunk_id 805: Too similar to original (37.0% overlap)
2026-08-06 04:53:14,216 - INFO - Rejected chunk_id 4698: Too similar to original (49.1% overlap)
2026-08-06 04:53:17,384 - INFO - Rejected chunk_id 929: Too similar to original (38.5% overlap)
2026-08-06 04:53:20,301 - INFO - Rejected chunk_id 581: Contains 'Table'
2026-08-06 04:53:22,419 - INFO - Rejected chunk_id 2218: Contains 'Table'
2026-08-06 04:53:24,592 - INFO - Rejected chunk_id 296: Too similar to original (33.8% overlap)
2026-08-06 04:53:26,178 - INFO - Rejected chunk_id 2468: Too similar to original (44.2% overlap)
2026-08-06 04:53:30,563 - INFO - Rejected chunk_id 261: Too similar to original (41.1% overlap)
2026-08-06 04:53:32,050 - INFO - Rejected chunk_id 387: Too similar to original (31.0% overlap)
2026-08-06 04:53:33,843 - INFO - Rejected chunk_id 342: Too similar to original (35.8% overlap)
2026-08-06 04:53:36,996 - INFO - Rejected chunk_id 761: Too similar to original (45.9% overlap)
2026-08-06 04:53:38,967 - INFO - Rejected chunk_id 1917: Too similar to original (51.5% overlap)
2026-08-06 04:53:49,379 - INFO - Rejected chunk_id 299: Too similar to original (36.1% overlap)
2026-08-06 04:53:52,454 - INFO - Rejected chunk_id 1033: Too similar to original (38.5% overlap)
2026-08-06 04:53:55,968 - INFO - Rejected chunk_id 1299: Too similar to original (54.0% overlap)
2026-08-06 04:53:57,876 - INFO - Rejected chunk_id 6438: Too similar to original (43.9% overlap)
2026-08-06 04:53:59,818 - INFO - Rejected chunk_id 674: Too similar to original (49.1% overlap)
2026-08-06 04:54:01,877 - INFO - Rejected chunk_id 2085: Too similar to original (52.5% overlap)
2026-08-06 04:54:03,852 - INFO - Rejected chunk_id 4505: Too similar to original (54.4% overlap)
2026-08-06 04:54:05,857 - INFO - Rejected chunk_id 2098: Too similar to original (37.3% overlap)
2026-08-06 04:54:09,348 - INFO - Rejected chunk_id 2706: Too similar to original (59.1% overlap)
2026-08-06 04:54:12,873 - INFO - Rejected chunk_id 4452: Too similar to original (34.4% overlap)
2026-08-06 04:54:14,710 - INFO - Rejected chunk_id 338: Too similar to original (30.8% overlap)
2026-08-06 04:54:15,917 - INFO - Rejected chunk_id 60: Too similar to original (41.0% overlap)
2026-08-06 04:54:17,634 - INFO - Rejected chunk_id 2536: Too similar to original (54.1% overlap)
2026-08-06 04:54:20,647 - INFO - Rejected chunk_id 197: Too similar to original (34.4% overlap)
2026-08-06 04:54:22,198 - INFO - Rejected chunk_id 162: Too similar to original (42.6% overlap)
2026-08-06 04:54:23,631 - INFO - Rejected chunk_id 5177: Too similar to original (37.9% overlap)
2026-08-06 04:54:25,957 - INFO - Rejected chunk_id 317: Too similar to original (31.9% overlap)
2026-08-06 04:54:27,456 - INFO - Rejected chunk_id 2215: Too similar to original (55.1% overlap)
2026-08-06 04:54:29,065 - INFO - Rejected chunk_id 152: Too similar to original (50.9% overlap)
2026-08-06 04:54:31,871 - INFO - Rejected chunk_id 6136: Contains 'Table'
2026-08-06 04:54:33,873 - INFO - Rejected chunk_id 4160: Contains 'Table'
2026-08-06 04:54:35,952 - INFO - Rejected chunk_id 2467: Too similar to original (41.8% overlap)
2026-08-06 04:54:39,942 - INFO - Rejected chunk_id 5986: Too similar to original (46.6% overlap)
2026-08-06 04:54:41,508 - INFO - Rejected chunk_id 5604: Too similar to original (57.4% overlap)
2026-08-06 04:54:46,094 - INFO - Rejected chunk_id 2532: Too similar to original (33.9% overlap)
2026-08-06 04:54:47,951 - INFO - Rejected chunk_id 757: Too similar to original (40.0% overlap)
2026-08-06 04:54:50,381 - INFO - Rejected chunk_id 7183: Contains 'Table'
2026-08-06 04:54:51,830 - INFO - Rejected chunk_id 2708: Contains 'Table'
2026-08-06 04:54:58,592 - INFO - Rejected chunk_id 4924: Too similar to original (30.2% overlap)
2026-08-06 04:55:00,506 - INFO - Rejected chunk_id 533: Too similar to original (38.2% overlap)
2026-08-06 04:55:02,027 - INFO - Rejected chunk_id 1164: Too similar to original (40.0% overlap)
2026-08-06 04:55:04,962 - INFO - Rejected chunk_id 265: Too similar to original (31.2% overlap)
2026-08-06 04:55:07,830 - INFO - Rejected chunk_id 933: Too similar to original (33.8% overlap)
2026-08-06 04:55:11,085 - INFO - Rejected chunk_id 559: Too similar to original (36.5% overlap)
2026-08-06 04:55:12,740 - INFO - Rejected chunk_id 115: Too similar to original (32.8% overlap)
2026-08-06 04:55:14,600 - INFO - Rejected chunk_id 174: Too similar to original (34.9% overlap)
2026-08-06 04:55:19,004 - INFO - Rejected chunk_id 59: Too similar to original (33.3% overlap)
2026-08-06 04:55:20,683 - INFO - Rejected chunk_id 3709: Contains 'Table'
2026-08-06 04:55:23,945 - INFO - Rejected chunk_id 7425: Too similar to original (31.3% overlap)
2026-08-06 04:55:29,041 - INFO - Rejected chunk_id 2722: Contains 'Table'
2026-08-06 04:55:31,181 - INFO - Rejected chunk_id 2400: Too similar to original (50.8% overlap)
2026-08-06 04:55:34,070 - INFO - Rejected chunk_id 1795: Too similar to original (35.4% overlap)
2026-08-06 04:55:36,822 - INFO - Rejected chunk_id 414: Too similar to original (48.2% overlap)
2026-08-06 04:55:38,389 - INFO - Rejected chunk_id 208: Too similar to original (34.4% overlap)
2026-08-06 04:55:41,951 - INFO - Rejected chunk_id 900: Contains 'Table'
2026-08-06 04:55:46,256 - INFO - Rejected chunk_id 1795: Contains 'Table'
2026-08-06 04:55:54,050 - INFO - Rejected chunk_id 1300: Too similar to original (36.1% overlap)
2026-08-06 04:55:57,017 - INFO - Rejected chunk_id 2692: Too similar to original (51.9% overlap)
2026-08-06 04:56:00,711 - INFO - Rejected chunk_id 2050: Contains 'Table'
2026-08-06 04:56:03,920 - INFO - Rejected chunk_id 1304: Too similar to original (54.0% overlap)
2026-08-06 04:56:06,196 - INFO - Rejected chunk_id 903: Too similar to original (36.5% overlap)
2026-08-06 04:56:07,908 - INFO - Rejected chunk_id 1525: Too similar to original (54.7% overlap)
2026-08-06 04:56:15,365 - INFO - Rejected chunk_id 99: Too similar to original (32.2% overlap)
2026-08-06 04:56:19,191 - INFO - Rejected chunk_id 1606: Too similar to original (39.7% overlap)
2026-08-06 04:56:21,650 - INFO - Rejected chunk_id 896: Too similar to original (30.8% overlap)
2026-08-06 04:56:23,582 - INFO - Rejected chunk_id 62: Too similar to original (45.6% overlap)
2026-08-06 04:56:25,308 - INFO - Rejected chunk_id 39: Too similar to original (32.3% overlap)
2026-08-06 04:56:27,850 - INFO - Rejected chunk_id 262: Too similar to original (35.7% overlap)
2026-08-06 04:56:31,639 - INFO - Rejected chunk_id 3233: Too similar to original (44.2% overlap)
2026-08-06 04:56:33,084 - INFO - Rejected chunk_id 1588: Too similar to original (49.0% overlap)
2026-08-06 04:56:34,786 - INFO - Rejected chunk_id 1301: Too similar to original (33.9% overlap)
2026-08-06 04:56:36,078 - INFO - Rejected chunk_id 1371: Too similar to original (42.1% overlap)
2026-08-06 04:56:40,889 - INFO - Rejected chunk_id 362: Too similar to original (41.5% overlap)
2026-08-06 04:56:42,396 - INFO - Rejected chunk_id 47: Too similar to original (42.1% overlap)
2026-08-06 04:56:43,808 - INFO - Rejected chunk_id 4414: Too similar to original (47.4% overlap)
2026-08-06 04:56:45,606 - INFO - Rejected chunk_id 209: Too similar to original (35.9% overlap)
2026-08-06 04:56:52,073 - INFO - Rejected chunk_id 1892: Too similar to original (58.8% overlap)
2026-08-06 04:56:54,883 - INFO - Rejected chunk_id 7545: Too similar to original (41.1% overlap)
2026-08-06 04:56:56,654 - INFO - Rejected chunk_id 1933: Too similar to original (48.5% overlap)
2026-08-06 04:56:59,764 - INFO - Rejected chunk_id 2535: Too similar to original (36.2% overlap)
2026-08-06 04:57:01,204 - INFO - Rejected chunk_id 1669: Too similar to original (38.5% overlap)
2026-08-06 04:57:04,487 - INFO - Rejected chunk_id 7452: Contains 'Table'
2026-08-06 04:57:06,531 - INFO - Rejected chunk_id 2280: Too similar to original (55.0% overlap)
2026-08-06 04:57:07,849 - INFO - Rejected chunk_id 1266: Too similar to original (31.2% overlap)
2026-08-06 04:57:09,586 - INFO - Rejected chunk_id 1821: Too similar to original (30.2% overlap)
2026-08-06 04:57:11,617 - INFO - Rejected chunk_id 1415: Too similar to original (53.0% overlap)
2026-08-06 04:57:13,975 - INFO - Rejected chunk_id 4389: Too similar to original (32.3% overlap)
2026-08-06 04:57:17,232 - INFO - Rejected chunk_id 221: Too similar to original (38.6% overlap)
2026-08-06 04:57:19,195 - INFO - Rejected chunk_id 458: Too similar to original (32.7% overlap)
2026-08-06 04:57:21,115 - INFO - Rejected chunk_id 1853: Contains 'Table'
2026-08-06 04:57:27,595 - INFO - Rejected chunk_id 169: Too similar to original (35.6% overlap)
2026-08-06 04:57:30,048 - INFO - Rejected chunk_id 838: Too similar to original (46.7% overlap)
2026-08-06 04:57:32,359 - INFO - Rejected chunk_id 30: Too similar to original (38.6% overlap)
2026-08-06 04:57:33,884 - INFO - Rejected chunk_id 916: Too similar to original (46.7% overlap)
2026-08-06 04:57:35,934 - INFO - Rejected chunk_id 701: Too similar to original (56.1% overlap)
2026-08-06 04:57:39,503 - INFO - Rejected chunk_id 1636: Too similar to original (53.6% overlap)
2026-08-06 04:57:40,936 - INFO - Rejected chunk_id 1330: Too similar to original (34.6% overlap)
2026-08-06 04:57:42,598 - INFO - Rejected chunk_id 203: Too similar to original (32.8% overlap)
2026-08-06 04:57:46,120 - INFO - Rejected chunk_id 2132: Too similar to original (40.4% overlap)
2026-08-06 04:57:49,297 - INFO - Rejected chunk_id 1394: Too similar to original (33.9% overlap)
2026-08-06 04:57:51,088 - INFO - Rejected chunk_id 2516: Too similar to original (36.7% overlap)
2026-08-06 04:58:03,866 - INFO - Rejected chunk_id 116: Too similar to original (40.4% overlap)
2026-08-06 04:58:05,506 - INFO - Rejected chunk_id 2469: Too similar to original (33.9% overlap)
2026-08-06 04:58:07,525 - INFO - Rejected chunk_id 2441: Too similar to original (45.2% overlap)
2026-08-06 04:58:10,476 - INFO - Rejected chunk_id 2642: Too similar to original (40.0% overlap)
2026-08-06 04:58:14,457 - INFO - Rejected chunk_id 7296: Too similar to original (37.3% overlap)
2026-08-06 04:58:16,552 - INFO - Rejected chunk_id 881: Too similar to original (37.2% overlap)
2026-08-06 04:58:22,001 - INFO - Rejected chunk_id 314: Too similar to original (49.0% overlap)
2026-08-06 04:58:23,953 - INFO - Rejected chunk_id 2457: Too similar to original (45.8% overlap)
2026-08-06 04:58:25,839 - INFO - Rejected chunk_id 355: Too similar to original (35.0% overlap)
2026-08-06 04:58:31,448 - INFO - Rejected chunk_id 2442: Too similar to original (52.6% overlap)
2026-08-06 04:58:33,452 - INFO - Rejected chunk_id 1478: Contains 'Table'
2026-08-06 04:58:36,093 - INFO - Rejected chunk_id 1943: Too similar to original (52.2% overlap)
2026-08-06 04:58:43,094 - INFO - Rejected chunk_id 504: Too similar to original (54.1% overlap)
2026-08-06 04:58:46,624 - INFO - Rejected chunk_id 7412: Too similar to original (31.2% overlap)
2026-08-06 04:58:49,655 - INFO - Rejected chunk_id 893: Too similar to original (35.2% overlap)
2026-08-06 04:58:51,041 - INFO - Rejected chunk_id 522: Too similar to original (36.8% overlap)
2026-08-06 04:58:54,157 - INFO - Rejected chunk_id 241: Too similar to original (40.3% overlap)
2026-08-06 04:58:56,173 - INFO - Rejected chunk_id 876: Too similar to original (45.3% overlap)
2026-08-06 04:58:57,808 - INFO - Rejected chunk_id 1498: Too similar to original (35.2% overlap)
2026-08-06 04:59:00,336 - INFO - Rejected chunk_id 2734: Too similar to original (40.4% overlap)
2026-08-06 04:59:02,091 - INFO - Rejected chunk_id 1393: Too similar to original (47.1% overlap)
2026-08-06 04:59:06,175 - INFO - Rejected chunk_id 2967: Too similar to original (35.7% overlap)
2026-08-06 04:59:10,711 - INFO - Rejected chunk_id 2524: Too similar to original (50.9% overlap)
2026-08-06 04:59:12,906 - INFO - Rejected chunk_id 204: Too similar to original (36.5% overlap)
2026-08-06 04:59:15,303 - INFO - Rejected chunk_id 103: Too similar to original (40.6% overlap)
2026-08-06 04:59:19,290 - INFO - Rejected chunk_id 143: Too similar to original (30.2% overlap)
2026-08-06 04:59:28,929 - INFO - Rejected chunk_id 2750: Too similar to original (43.8% overlap)
2026-08-06 04:59:31,071 - INFO - Rejected chunk_id 517: Too similar to original (55.1% overlap)
2026-08-06 04:59:32,686 - INFO - Rejected chunk_id 1094: Too similar to original (51.7% overlap)
2026-08-06 04:59:35,801 - INFO - Rejected chunk_id 704: Too similar to original (46.6% overlap)
2026-08-06 04:59:38,696 - INFO - Rejected chunk_id 2559: Too similar to original (54.8% overlap)
2026-08-06 04:59:44,707 - INFO - Rejected chunk_id 119: Too similar to original (31.2% overlap)
2026-08-06 04:59:48,276 - INFO - Rejected chunk_id 888: Too similar to original (40.0% overlap)
2026-08-06 04:59:51,901 - INFO - Rejected chunk_id 2871: Too similar to original (32.4% overlap)
2026-08-06 04:59:57,801 - INFO - Rejected chunk_id 3844: Too similar to original (46.6% overlap)
2026-08-06 05:00:01,695 - INFO - Rejected chunk_id 5900: Too similar to original (35.9% overlap)
2026-08-06 05:00:06,027 - INFO - Rejected chunk_id 287: Too similar to original (50.0% overlap)
2026-08-06 05:00:07,807 - INFO - Rejected chunk_id 1791: Too similar to original (42.2% overlap)
2026-08-06 05:00:09,946 - INFO - Rejected chunk_id 2307: Contains 'Table'
2026-08-06 05:00:12,308 - INFO - Rejected chunk_id 2761: Contains 'Table'
2026-08-06 05:00:14,079 - INFO - Rejected chunk_id 1032: Too similar to original (43.5% overlap)
2026-08-06 05:00:16,012 - INFO - Rejected chunk_id 810: Too similar to original (41.2% overlap)
2026-08-06 05:00:18,034 - INFO - Rejected chunk_id 112: Too similar to original (39.1% overlap)
2026-08-06 05:00:19,570 - INFO - Rejected chunk_id 173: Too similar to original (36.1% overlap)
2026-08-06 05:00:20,973 - INFO - Rejected chunk_id 1804: Too similar to original (35.2% overlap)
2026-08-06 05:00:27,351 - INFO - Rejected chunk_id 601: Too similar to original (45.9% overlap)
2026-08-06 05:00:29,129 - INFO - Rejected chunk_id 188: Too similar to original (35.0% overlap)
2026-08-06 05:00:31,444 - INFO - Rejected chunk_id 2758: Contains 'Table'
2026-08-06 05:00:34,337 - INFO - Rejected chunk_id 2834: Too similar to original (46.2% overlap)
2026-08-06 05:00:36,440 - INFO - Rejected chunk_id 2915: Too similar to original (40.0% overlap)
2026-08-06 05:00:38,493 - INFO - Rejected chunk_id 4630: Too similar to original (36.9% overlap)
2026-08-06 05:00:40,640 - INFO - Rejected chunk_id 1246: Too similar to original (43.4% overlap)
2026-08-06 05:00:43,354 - INFO - Rejected chunk_id 300: Too similar to original (55.1% overlap)
2026-08-06 05:00:44,990 - INFO - Rejected chunk_id 653: Too similar to original (48.2% overlap)
2026-08-06 05:00:46,821 - INFO - Rejected chunk_id 7658: Contains 'Table'
2026-08-06 05:00:50,621 - INFO - Rejected chunk_id 5130: Too similar to original (42.2% overlap)
2026-08-06 05:00:52,613 - INFO - Rejected chunk_id 73: Too similar to original (47.5% overlap)
2026-08-06 05:00:57,778 - INFO - Rejected chunk_id 3440: Too similar to original (38.2% overlap)
2026-08-06 05:00:59,230 - INFO - Rejected chunk_id 193: Too similar to original (60.0% overlap)
2026-08-06 05:01:01,947 - INFO - Rejected chunk_id 325: Too similar to original (40.3% overlap)
2026-08-06 05:01:03,941 - INFO - Rejected chunk_id 134: Too similar to original (34.8% overlap)
2026-08-06 05:01:05,796 - INFO - Rejected chunk_id 2931: Too similar to original (39.7% overlap)
2026-08-06 05:01:16,646 - INFO - Rejected chunk_id 1003: Too similar to original (30.8% overlap)
2026-08-06 05:01:18,437 - INFO - Rejected chunk_id 954: Contains 'Table'
2026-08-06 05:01:23,909 - INFO - Rejected chunk_id 346: Contains repeated words
2026-08-06 05:01:25,900 - INFO - Rejected chunk_id 2912: Too similar to original (41.8% overlap)
2026-08-06 05:01:28,336 - INFO - Rejected chunk_id 660: Too similar to original (40.3% overlap)
2026-08-06 05:01:32,851 - INFO - Rejected chunk_id 1548: Too similar to original (34.5% overlap)
2026-08-06 05:01:34,786 - INFO - Rejected chunk_id 7522: Contains 'Figure'
2026-08-06 05:01:36,404 - INFO - Rejected chunk_id 1902: Too similar to original (39.7% overlap)
2026-08-06 05:01:38,920 - INFO - Rejected chunk_id 2771: Contains 'Table'
2026-08-06 05:01:41,452 - INFO - Rejected chunk_id 1500: Too similar to original (54.7% overlap)
2026-08-06 05:01:46,838 - INFO - Rejected chunk_id 1804: Too similar to original (40.7% overlap)
2026-08-06 05:01:50,193 - INFO - Rejected chunk_id 2661: Too similar to original (49.3% overlap)
2026-08-06 05:01:53,890 - INFO - Rejected chunk_id 391: Too similar to original (48.2% overlap)
2026-08-06 05:01:55,584 - INFO - Rejected chunk_id 951: Too similar to original (60.0% overlap)
2026-08-06 05:01:57,763 - INFO - Rejected chunk_id 906: Too similar to original (40.0% overlap)
2026-08-06 05:02:05,199 - INFO - Rejected chunk_id 219: Too similar to original (31.4% overlap)
2026-08-06 05:02:07,050 - INFO - Rejected chunk_id 3942: Too similar to original (32.4% overlap)
2026-08-06 05:02:08,907 - INFO - Rejected chunk_id 524: Too similar to original (45.8% overlap)
2026-08-06 05:02:12,236 - INFO - Rejected chunk_id 1028: Contains 'Table'
2026-08-06 05:02:16,968 - INFO - Rejected chunk_id 409: Too similar to original (46.8% overlap)
2026-08-06 05:02:19,535 - INFO - Rejected chunk_id 2837: Too similar to original (57.4% overlap)
2026-08-06 05:02:22,641 - INFO - Rejected chunk_id 2180: Too similar to original (44.8% overlap)
2026-08-06 05:02:24,620 - INFO - Rejected chunk_id 6805: Too similar to original (42.6% overlap)
2026-08-06 05:02:26,605 - INFO - Rejected chunk_id 1092: Too similar to original (34.5% overlap)
2026-08-06 05:02:28,820 - INFO - Rejected chunk_id 1789: Too similar to original (33.9% overlap)
2026-08-06 05:02:30,333 - INFO - Rejected chunk_id 553: Too similar to original (50.8% overlap)
2026-08-06 05:02:32,154 - INFO - Rejected chunk_id 3296: Contains 'Table'
2026-08-06 05:02:33,897 - INFO - Rejected chunk_id 85: Too similar to original (31.1% overlap)
2026-08-06 05:02:37,524 - INFO - Rejected chunk_id 258: Too similar to original (45.7% overlap)
2026-08-06 05:02:39,192 - INFO - Rejected chunk_id 108: Too similar to original (31.1% overlap)
2026-08-06 05:02:42,432 - INFO - Rejected chunk_id 2308: Too similar to original (41.2% overlap)
2026-08-06 05:02:44,540 - INFO - Rejected chunk_id 1263: Too similar to original (36.2% overlap)
2026-08-06 05:02:45,958 - INFO - Rejected chunk_id 2005: Too similar to original (39.3% overlap)
2026-08-06 05:02:48,964 - INFO - Rejected chunk_id 93: Too similar to original (45.1% overlap)
2026-08-06 05:02:51,028 - INFO - Rejected chunk_id 320: Too similar to original (54.3% overlap)
2026-08-06 05:02:52,678 - INFO - Rejected chunk_id 319: Too similar to original (33.3% overlap)
2026-08-06 05:02:58,109 - INFO - Rejected chunk_id 244: Too similar to original (31.4% overlap)
2026-08-06 05:03:01,505 - INFO - Rejected chunk_id 2607: Too similar to original (35.7% overlap)
2026-08-06 05:03:03,289 - INFO - Rejected chunk_id 304: Too similar to original (33.3% overlap)
2026-08-06 05:03:05,606 - INFO - Rejected chunk_id 143: Too similar to original (30.3% overlap)
2026-08-06 05:03:07,364 - INFO - Rejected chunk_id 4710: Too similar to original (54.4% overlap)
2026-08-06 05:03:10,630 - INFO - Rejected chunk_id 2609: Too similar to original (36.5% overlap)
2026-08-06 05:03:16,736 - INFO - Rejected chunk_id 573: Too similar to original (31.6% overlap)
2026-08-06 05:03:18,127 - INFO - Rejected chunk_id 1862: Too similar to original (33.3% overlap)
2026-08-06 05:03:21,572 - INFO - Rejected chunk_id 6954: Contains 'Table'
2026-08-06 05:03:26,374 - INFO - Rejected chunk_id 1474: Too similar to original (44.4% overlap)
2026-08-06 05:03:27,978 - INFO - Rejected chunk_id 180: Too similar to original (33.3% overlap)
2026-08-06 05:03:30,573 - INFO - Rejected chunk_id 202: Contains 'Table'
2026-08-06 05:03:33,067 - INFO - Rejected chunk_id 6852: Contains 'Table'
2026-08-06 05:03:36,735 - INFO - Rejected chunk_id 415: Contains 'Figure'
2026-08-06 05:03:40,883 - INFO - Rejected chunk_id 5180: Too similar to original (31.5% overlap)
2026-08-06 05:03:46,186 - INFO - Rejected chunk_id 2713: Too similar to original (36.8% overlap)
2026-08-06 05:03:48,311 - INFO - Rejected chunk_id 2898: Too similar to original (54.9% overlap)
2026-08-06 05:03:50,867 - INFO - Rejected chunk_id 729: Too similar to original (32.1% overlap)
2026-08-06 05:03:52,074 - INFO - Rejected chunk_id 1191: Too similar to original (31.0% overlap)
2026-08-06 05:03:53,396 - INFO - Rejected chunk_id 2663: Too similar to original (54.2% overlap)
2026-08-06 05:03:57,344 - INFO - Rejected chunk_id 2011: Too similar to original (35.8% overlap)
2026-08-06 05:03:59,578 - INFO - Rejected chunk_id 1053: Contains 'Table'
2026-08-06 05:04:02,627 - INFO - Rejected chunk_id 231: Too similar to original (33.3% overlap)
2026-08-06 05:04:04,801 - INFO - Rejected chunk_id 1061: Too similar to original (52.9% overlap)
2026-08-06 05:04:06,879 - INFO - Rejected chunk_id 6050: Contains 'Table'
2026-08-06 05:04:10,459 - INFO - Rejected chunk_id 2487: Too similar to original (41.7% overlap)
2026-08-06 05:04:12,251 - INFO - Rejected chunk_id 2162: Too similar to original (44.8% overlap)
2026-08-06 05:04:16,181 - INFO - Rejected chunk_id 935: Too similar to original (41.7% overlap)
2026-08-06 05:04:18,639 - INFO - Rejected chunk_id 5841: Contains 'Table'
2026-08-06 05:04:19,772 - INFO - Rejected chunk_id 2215: Too similar to original (36.4% overlap)
2026-08-06 05:04:23,599 - INFO - Rejected chunk_id 318: Too similar to original (64.8% overlap)
2026-08-06 05:04:28,144 - INFO - Rejected chunk_id 530: Too similar to original (49.1% overlap)
2026-08-06 05:04:29,980 - INFO - Rejected chunk_id 4494: Too similar to original (54.2% overlap)
2026-08-06 05:04:35,252 - INFO - Rejected chunk_id 2237: Too similar to original (42.4% overlap)
2026-08-06 05:04:37,954 - INFO - Rejected chunk_id 111: Too similar to original (46.8% overlap)
2026-08-06 05:04:40,093 - INFO - Rejected chunk_id 4412: Too similar to original (46.6% overlap)
2026-08-06 05:04:42,528 - INFO - Rejected chunk_id 60: Too similar to original (33.8% overlap)
2026-08-06 05:04:47,263 - INFO - Rejected chunk_id 2055: Too similar to original (32.7% overlap)
2026-08-06 05:04:51,177 - INFO - Rejected chunk_id 1012: Too similar to original (40.3% overlap)
2026-08-06 05:04:54,004 - INFO - Rejected chunk_id 543: Too similar to original (35.4% overlap)
2026-08-06 05:04:55,816 - INFO - Rejected chunk_id 988: Too similar to original (51.4% overlap)
2026-08-06 05:05:01,038 - INFO - Rejected chunk_id 962: Too similar to original (38.2% overlap)
2026-08-06 05:05:03,697 - INFO - Rejected chunk_id 868: Contains 'Table'
2026-08-06 05:05:05,563 - INFO - Rejected chunk_id 147: Too similar to original (32.8% overlap)
2026-08-06 05:05:07,507 - INFO - Rejected chunk_id 855: Contains 'Table'
2026-08-06 05:05:10,096 - INFO - Rejected chunk_id 5178: Too similar to original (37.7% overlap)
2026-08-06 05:05:11,825 - INFO - Rejected chunk_id 162: Too similar to original (41.3% overlap)
2026-08-06 05:05:15,624 - INFO - Rejected chunk_id 2781: Contains 'Table'
2026-08-06 05:05:17,810 - INFO - Rejected chunk_id 7300: Too similar to original (44.3% overlap)
2026-08-06 05:05:19,660 - INFO - Rejected chunk_id 118: Too similar to original (42.2% overlap)
2026-08-06 05:05:23,409 - INFO - Rejected chunk_id 5121: Too similar to original (38.6% overlap)
2026-08-06 05:05:28,253 - INFO - Rejected chunk_id 15: Too similar to original (37.9% overlap)
2026-08-06 05:05:29,817 - INFO - Rejected chunk_id 886: Too similar to original (35.3% overlap)
2026-08-06 05:05:31,504 - INFO - Rejected chunk_id 196: Too similar to original (33.3% overlap)
2026-08-06 05:05:33,169 - INFO - Rejected chunk_id 2384: Too similar to original (70.0% overlap)
2026-08-06 05:05:37,679 - INFO - Rejected chunk_id 2452: Too similar to original (57.9% overlap)
2026-08-06 05:05:39,284 - INFO - Rejected chunk_id 1775: Too similar to original (38.3% overlap)
2026-08-06 05:05:41,109 - INFO - Rejected chunk_id 5376: Too similar to original (41.2% overlap)
2026-08-06 05:05:44,455 - INFO - Rejected chunk_id 211: Too similar to original (44.3% overlap)
2026-08-06 05:05:46,121 - INFO - Rejected chunk_id 88: Too similar to original (31.9% overlap)
2026-08-06 05:05:47,732 - INFO - Rejected chunk_id 2090: Too similar to original (54.7% overlap)
2026-08-06 05:05:49,297 - INFO - Rejected chunk_id 5187: Too similar to original (32.3% overlap)
2026-08-06 05:05:51,322 - INFO - Rejected chunk_id 1759: Too similar to original (31.5% overlap)
2026-08-06 05:05:53,385 - INFO - Rejected chunk_id 2417: Too similar to original (44.8% overlap)
2026-08-06 05:05:57,562 - INFO - Rejected chunk_id 4392: Too similar to original (47.2% overlap)
2026-08-06 05:06:01,768 - INFO - Rejected chunk_id 377: Too similar to original (35.4% overlap)
2026-08-06 05:06:03,597 - INFO - Rejected chunk_id 277: Too similar to original (39.7% overlap)
2026-08-06 05:06:05,280 - INFO - Rejected chunk_id 1489: Too similar to original (63.5% overlap)
2026-08-06 05:06:06,908 - INFO - Rejected chunk_id 1746: Too similar to original (32.8% overlap)
2026-08-06 05:06:08,418 - INFO - Rejected chunk_id 928: Contains 'Table'
2026-08-06 05:06:10,071 - INFO - Rejected chunk_id 863: Too similar to original (40.4% overlap)
2026-08-06 05:06:12,311 - INFO - Rejected chunk_id 1734: Too similar to original (50.0% overlap)
2026-08-06 05:06:15,037 - INFO - Rejected chunk_id 1535: Contains 'Table'
2026-08-06 05:06:16,695 - INFO - Rejected chunk_id 2647: Too similar to original (37.3% overlap)
2026-08-06 05:06:23,125 - INFO - Rejected chunk_id 507: Too similar to original (33.8% overlap)
2026-08-06 05:06:25,097 - INFO - Rejected chunk_id 385: Too similar to original (44.7% overlap)
2026-08-06 05:06:26,874 - INFO - Rejected chunk_id 160: Too similar to original (49.1% overlap)
2026-08-06 05:06:30,563 - INFO - Rejected chunk_id 3608: Contains 'Table'
2026-08-06 05:06:33,157 - INFO - Rejected chunk_id 436: Too similar to original (39.7% overlap)
2026-08-06 05:06:37,079 - INFO - Rejected chunk_id 1801: Too similar to original (40.5% overlap)
2026-08-06 05:06:40,627 - INFO - Rejected chunk_id 6020: Contains 'Table'
2026-08-06 05:06:41,771 - INFO - Rejected chunk_id 358: Too similar to original (52.6% overlap)
2026-08-06 05:06:45,082 - INFO - Rejected chunk_id 23: Too similar to original (36.1% overlap)
2026-08-06 05:06:46,928 - INFO - Rejected chunk_id 127: Too similar to original (38.2% overlap)
2026-08-06 05:06:49,040 - INFO - Rejected chunk_id 242: Too similar to original (31.7% overlap)
2026-08-06 05:06:50,600 - INFO - Rejected chunk_id 1201: Too similar to original (32.1% overlap)
2026-08-06 05:06:53,011 - INFO - Rejected chunk_id 544: Too similar to original (46.6% overlap)
2026-08-06 05:06:54,833 - INFO - Rejected chunk_id 336: Too similar to original (32.2% overlap)
2026-08-06 05:06:56,424 - INFO - Rejected chunk_id 1813: Too similar to original (39.6% overlap)
2026-08-06 05:07:00,805 - INFO - Rejected chunk_id 760: Too similar to original (34.8% overlap)
2026-08-06 05:07:04,188 - INFO - Rejected chunk_id 3916: Contains 'Table'
2026-08-06 05:07:06,274 - INFO - Rejected chunk_id 313: Too similar to original (53.2% overlap)
2026-08-06 05:07:10,045 - INFO - Rejected chunk_id 6725: Contains 'Table'
2026-08-06 05:07:11,725 - INFO - Rejected chunk_id 1379: Too similar to original (37.9% overlap)
2026-08-06 05:07:13,321 - INFO - Rejected chunk_id 1770: Too similar to original (51.7% overlap)
2026-08-06 05:07:20,432 - INFO - Rejected chunk_id 457: Too similar to original (34.0% overlap)
2026-08-06 05:07:25,758 - INFO - Rejected chunk_id 4192: Too similar to original (33.8% overlap)
2026-08-06 05:07:32,246 - INFO - Rejected chunk_id 2859: Too similar to original (52.1% overlap)
2026-08-06 05:07:35,985 - INFO - Rejected chunk_id 2: Too similar to original (37.3% overlap)
2026-08-06 05:07:39,097 - INFO - Rejected chunk_id 6791: Too similar to original (54.5% overlap)
2026-08-06 05:07:47,956 - INFO - Rejected chunk_id 3315: Too similar to original (47.6% overlap)
2026-08-06 05:07:54,789 - INFO - Rejected chunk_id 789: Too similar to original (34.3% overlap)
2026-08-06 05:07:59,086 - INFO - Rejected chunk_id 848: Too similar to original (52.3% overlap)
2026-08-06 05:08:00,738 - INFO - Rejected chunk_id 1294: Too similar to original (57.1% overlap)
2026-08-06 05:08:02,951 - INFO - Rejected chunk_id 2671: Contains 'Table'
2026-08-06 05:08:04,252 - INFO - Rejected chunk_id 5611: Too similar to original (33.3% overlap)
2026-08-06 05:08:07,835 - INFO - Rejected chunk_id 4480: Too similar to original (53.4% overlap)
2026-08-06 05:08:09,565 - INFO - Rejected chunk_id 288: Too similar to original (38.8% overlap)
2026-08-06 05:08:11,246 - INFO - Rejected chunk_id 2974: Too similar to original (34.5% overlap)
2026-08-06 05:08:12,937 - INFO - Rejected chunk_id 45: Too similar to original (37.1% overlap)
2026-08-06 05:08:14,608 - INFO - Rejected chunk_id 1723: Too similar to original (38.3% overlap)
2026-08-06 05:08:21,004 - INFO - Rejected chunk_id 759: Too similar to original (43.3% overlap)
2026-08-06 05:08:24,584 - INFO - Rejected chunk_id 2479: Too similar to original (31.1% overlap)
2026-08-06 05:08:26,248 - INFO - Rejected chunk_id 105: Too similar to original (36.5% overlap)
2026-08-06 05:08:28,198 - INFO - Rejected chunk_id 457: Too similar to original (42.6% overlap)
2026-08-06 05:08:32,428 - INFO - Rejected chunk_id 3669: Contains 'Table'
2026-08-06 05:08:33,883 - INFO - Rejected chunk_id 13: Too similar to original (41.0% overlap)
2026-08-06 05:08:35,016 - INFO - Rejected chunk_id 1569: Too similar to original (35.0% overlap)
2026-08-06 05:08:36,370 - INFO - Rejected chunk_id 4469: Too similar to original (35.7% overlap)
2026-08-06 05:08:39,695 - INFO - Rejected chunk_id 451: Too similar to original (34.7% overlap)
2026-08-06 05:08:43,163 - INFO - Rejected chunk_id 488: Too similar to original (52.9% overlap)
2026-08-06 05:08:44,926 - INFO - Rejected chunk_id 2114: Too similar to original (55.0% overlap)
2026-08-06 05:08:47,070 - INFO - Rejected chunk_id 1668: Too similar to original (37.5% overlap)
2026-08-06 05:08:49,591 - INFO - Rejected chunk_id 425: Too similar to original (47.6% overlap)
2026-08-06 05:08:51,967 - INFO - Rejected chunk_id 548: Too similar to original (37.8% overlap)
2026-08-06 05:08:58,143 - INFO - Rejected chunk_id 6797: Contains 'Table'
2026-08-06 05:09:01,655 - INFO - Rejected chunk_id 233: Too similar to original (34.8% overlap)
2026-08-06 05:09:03,555 - INFO - Rejected chunk_id 1179: Too similar to original (32.8% overlap)
2026-08-06 05:09:05,332 - INFO - Rejected chunk_id 97: Too similar to original (44.8% overlap)
2026-08-06 05:09:07,752 - INFO - Rejected chunk_id 2127: Too similar to original (37.1% overlap)
2026-08-06 05:09:10,066 - INFO - Rejected chunk_id 650: Too similar to original (39.7% overlap)
2026-08-06 05:09:11,535 - INFO - Rejected chunk_id 1646: Too similar to original (37.3% overlap)
2026-08-06 05:09:14,003 - INFO - Rejected chunk_id 2337: Too similar to original (39.1% overlap)
2026-08-06 05:09:16,166 - INFO - Rejected chunk_id 1499: Too similar to original (39.1% overlap)
2026-08-06 05:09:17,908 - INFO - Rejected chunk_id 6051: Too similar to original (38.3% overlap)
2026-08-06 05:09:19,272 - INFO - Rejected chunk_id 2118: Too similar to original (36.2% overlap)
2026-08-06 05:09:21,140 - INFO - Rejected chunk_id 2237: Too similar to original (30.4% overlap)
2026-08-06 05:09:29,811 - INFO - Rejected chunk_id 633: Too similar to original (44.6% overlap)
2026-08-06 05:09:33,888 - INFO - Rejected chunk_id 2221: Too similar to original (51.8% overlap)
2026-08-06 05:09:35,856 - INFO - Rejected chunk_id 192: Too similar to original (41.8% overlap)
2026-08-06 05:09:37,145 - INFO - Rejected chunk_id 1063: Too similar to original (42.6% overlap)
2026-08-06 05:09:44,619 - INFO - Rejected chunk_id 6840: Contains 'Table'
2026-08-06 05:09:46,052 - INFO - Rejected chunk_id 1539: Contains 'Table'
2026-08-06 05:09:50,421 - INFO - Rejected chunk_id 937: Contains 'Table'
2026-08-06 05:09:54,269 - INFO - Rejected chunk_id 79: Too similar to original (39.2% overlap)
2026-08-06 05:09:59,088 - INFO - Rejected chunk_id 4740: Too similar to original (40.6% overlap)
2026-08-06 05:10:01,950 - INFO - Rejected chunk_id 922: Too similar to original (37.8% overlap)
2026-08-06 05:10:03,858 - INFO - Rejected chunk_id 609: Too similar to original (36.9% overlap)
2026-08-06 05:10:06,000 - INFO - Rejected chunk_id 861: Too similar to original (32.9% overlap)
2026-08-06 05:10:10,359 - INFO - Rejected chunk_id 53: Too similar to original (43.1% overlap)
2026-08-06 05:10:14,297 - INFO - Rejected chunk_id 3951: Contains 'Table'
2026-08-06 05:10:21,235 - INFO - Rejected chunk_id 5677: Too similar to original (40.0% overlap)
2026-08-06 05:10:22,558 - INFO - Rejected chunk_id 801: Too similar to original (53.2% overlap)
2026-08-06 05:10:24,937 - INFO - Rejected chunk_id 2088: Contains 'Table'
2026-08-06 05:10:27,823 - INFO - Rejected chunk_id 279: Too similar to original (42.6% overlap)
2026-08-06 05:10:29,417 - INFO - Rejected chunk_id 4421: Contains 'Table'
2026-08-06 05:10:31,553 - INFO - Rejected chunk_id 1925: Too similar to original (47.9% overlap)
2026-08-06 05:10:34,030 - INFO - Rejected chunk_id 1039: Too similar to original (34.8% overlap)
2026-08-06 05:10:35,698 - INFO - Rejected chunk_id 2171: Too similar to original (55.7% overlap)
2026-08-06 05:10:38,230 - INFO - Rejected chunk_id 357: Contains 'Figure'
2026-08-06 05:10:42,965 - INFO - Rejected chunk_id 1443: Too similar to original (40.0% overlap)
2026-08-06 05:10:44,711 - INFO - Rejected chunk_id 1213: Too similar to original (60.0% overlap)
2026-08-06 05:10:46,516 - INFO - Rejected chunk_id 156: Too similar to original (38.7% overlap)
2026-08-06 05:10:48,600 - INFO - Rejected chunk_id 2139: Too similar to original (38.9% overlap)
2026-08-06 05:10:52,351 - INFO - Rejected chunk_id 1851: Too similar to original (38.2% overlap)
2026-08-06 05:10:56,597 - INFO - Rejected chunk_id 794: Too similar to original (51.8% overlap)
2026-08-06 05:10:58,003 - INFO - Rejected chunk_id 99: Too similar to original (48.8% overlap)
2026-08-06 05:11:00,295 - INFO - Rejected chunk_id 3060: Contains 'Table'
2026-08-06 05:11:02,200 - INFO - Rejected chunk_id 38: Too similar to original (40.0% overlap)
2026-08-06 05:11:04,370 - INFO - Rejected chunk_id 143: Too similar to original (38.7% overlap)
2026-08-06 05:11:05,806 - INFO - Rejected chunk_id 1886: Too similar to original (35.8% overlap)
2026-08-06 05:11:11,538 - INFO - Rejected chunk_id 189: Too similar to original (31.4% overlap)
2026-08-06 05:11:14,650 - INFO - Rejected chunk_id 677: Too similar to original (37.5% overlap)
2026-08-06 05:11:17,691 - INFO - Rejected chunk_id 2380: Too similar to original (36.8% overlap)
2026-08-06 05:11:20,308 - INFO - Rejected chunk_id 120: Too similar to original (37.0% overlap)
2026-08-06 05:11:25,556 - INFO - Rejected chunk_id 90: Too similar to original (43.1% overlap)
2026-08-06 05:11:26,859 - INFO - Rejected chunk_id 1503: Too similar to original (34.0% overlap)
2026-08-06 05:11:30,232 - INFO - Rejected chunk_id 87: Too similar to original (41.4% overlap)
2026-08-06 05:11:35,609 - INFO - Rejected chunk_id 632: Too similar to original (52.5% overlap)
2026-08-06 05:11:40,991 - INFO - Rejected chunk_id 1126: Too similar to original (54.0% overlap)
2026-08-06 05:11:44,504 - INFO - Rejected chunk_id 7406: Contains 'Figure'
2026-08-06 05:11:50,956 - INFO - Rejected chunk_id 2364: Too similar to original (35.3% overlap)
2026-08-06 05:11:52,715 - INFO - Rejected chunk_id 2250: Too similar to original (50.8% overlap)
2026-08-06 05:11:55,261 - INFO - Rejected chunk_id 2915: Too similar to original (52.1% overlap)
2026-08-06 05:12:00,604 - INFO - Rejected chunk_id 2234: Too similar to original (35.3% overlap)
2026-08-06 05:12:02,400 - INFO - Rejected chunk_id 3600: Too similar to original (54.2% overlap)
2026-08-06 05:12:05,993 - INFO - Rejected chunk_id 2118: Too similar to original (38.3% overlap)
2026-08-06 05:12:09,283 - INFO - Rejected chunk_id 724: Too similar to original (32.3% overlap)
2026-08-06 05:12:10,566 - INFO - Rejected chunk_id 2102: Too similar to original (31.4% overlap)
2026-08-06 05:12:13,247 - INFO - Rejected chunk_id 283: Too similar to original (46.2% overlap)
2026-08-06 05:12:14,827 - INFO - Rejected chunk_id 4492: Contains 'Table'
2026-08-06 05:12:16,668 - INFO - Rejected chunk_id 525: Too similar to original (41.9% overlap)
2026-08-06 05:12:17,978 - INFO - Rejected chunk_id 159: Too similar to original (33.3% overlap)
2026-08-06 05:12:19,676 - INFO - Rejected chunk_id 359: Too similar to original (43.6% overlap)
2026-08-06 05:12:23,593 - INFO - Rejected chunk_id 1797: Too similar to original (46.0% overlap)
2026-08-06 05:12:25,041 - INFO - Rejected chunk_id 302: Too similar to original (40.0% overlap)
2026-08-06 05:12:26,947 - INFO - Rejected chunk_id 1557: Too similar to original (30.6% overlap)
2026-08-06 05:12:28,755 - INFO - Rejected chunk_id 1662: Too similar to original (50.0% overlap)
2026-08-06 05:12:32,961 - INFO - Rejected chunk_id 1663: Too similar to original (34.5% overlap)
2026-08-06 05:12:34,938 - INFO - Rejected chunk_id 1348: Too similar to original (32.8% overlap)
2026-08-06 05:12:37,690 - INFO - Rejected chunk_id 4677: Contains 'Table'
2026-08-06 05:12:43,751 - INFO - Rejected chunk_id 2691: Too similar to original (56.7% overlap)
2026-08-06 05:12:46,895 - INFO - Rejected chunk_id 950: Too similar to original (35.7% overlap)
2026-08-06 05:12:48,382 - INFO - Rejected chunk_id 80: Too similar to original (34.0% overlap)
2026-08-06 05:12:51,533 - INFO - Rejected chunk_id 1642: Too similar to original (50.8% overlap)
2026-08-06 05:12:52,691 - INFO - Rejected chunk_id 921: Contains 'Table'
2026-08-06 05:12:55,088 - INFO - Rejected chunk_id 2468: Too similar to original (48.1% overlap)
2026-08-06 05:12:58,180 - INFO - Rejected chunk_id 258: Too similar to original (39.4% overlap)
2026-08-06 05:13:00,113 - INFO - Rejected chunk_id 1536: Contains 'Table'
2026-08-06 05:13:03,189 - INFO - Rejected chunk_id 881: Too similar to original (48.5% overlap)
2026-08-06 05:13:05,487 - INFO - Rejected chunk_id 2700: Too similar to original (37.5% overlap)
2026-08-06 05:13:08,098 - INFO - Rejected chunk_id 2177: Too similar to original (41.0% overlap)
2026-08-06 05:13:10,168 - INFO - Rejected chunk_id 2241: Too similar to original (30.5% overlap)
2026-08-06 05:13:12,172 - INFO - Rejected chunk_id 183: Too similar to original (36.1% overlap)
2026-08-06 05:13:19,334 - INFO - Rejected chunk_id 899: Contains 'Table'
2026-08-06 05:13:26,281 - INFO - Rejected chunk_id 2120: Too similar to original (56.1% overlap)
2026-08-06 05:13:29,196 - INFO - Rejected chunk_id 2295: Too similar to original (47.9% overlap)
2026-08-06 05:13:36,002 - INFO - Rejected chunk_id 989: Too similar to original (36.4% overlap)
2026-08-06 05:13:38,431 - INFO - Rejected chunk_id 3532: Contains 'Table'
2026-08-06 05:13:39,914 - INFO - Rejected chunk_id 1346: Too similar to original (35.2% overlap)
2026-08-06 05:13:46,700 - INFO - Rejected chunk_id 6966: Too similar to original (31.4% overlap)
2026-08-06 05:13:48,931 - INFO - Rejected chunk_id 933: Contains 'Table'
2026-08-06 05:13:51,326 - INFO - Rejected chunk_id 1638: Too similar to original (39.7% overlap)
2026-08-06 05:13:54,963 - INFO - Rejected chunk_id 230: Too similar to original (54.7% overlap)
2026-08-06 05:13:57,864 - INFO - Rejected chunk_id 98: Contains 'Table'
2026-08-06 05:13:59,803 - INFO - Rejected chunk_id 65: Too similar to original (51.6% overlap)
2026-08-06 05:14:01,354 - INFO - Rejected chunk_id 784: Too similar to original (41.1% overlap)
2026-08-06 05:14:08,156 - INFO - Rejected chunk_id 2632: Too similar to original (33.3% overlap)
2026-08-06 05:14:14,141 - INFO - Rejected chunk_id 5873: Contains 'Table'
2026-08-06 05:14:16,755 - INFO - Rejected chunk_id 263: Too similar to original (40.3% overlap)
2026-08-06 05:14:21,010 - INFO - Rejected chunk_id 1078: Too similar to original (47.6% overlap)
2026-08-06 05:14:23,526 - INFO - Rejected chunk_id 1635: Too similar to original (45.2% overlap)
2026-08-06 05:14:24,975 - INFO - Rejected chunk_id 7367: Too similar to original (41.4% overlap)
2026-08-06 05:14:27,040 - INFO - Rejected chunk_id 399: Too similar to original (30.4% overlap)
2026-08-06 05:14:29,077 - INFO - Rejected chunk_id 1143: Too similar to original (53.1% overlap)
2026-08-06 05:14:32,234 - INFO - Rejected chunk_id 190: Too similar to original (41.5% overlap)
2026-08-06 05:14:33,968 - INFO - Rejected chunk_id 4473: Contains 'Table'
2026-08-06 05:14:35,472 - INFO - Rejected chunk_id 2214: Too similar to original (50.0% overlap)
2026-08-06 05:14:39,502 - INFO - Rejected chunk_id 89: Too similar to original (58.5% overlap)
2026-08-06 05:14:45,407 - INFO - Rejected chunk_id 1064: Too similar to original (33.9% overlap)
2026-08-06 05:14:51,789 - INFO - Rejected chunk_id 850: Too similar to original (65.5% overlap)
2026-08-06 05:14:53,349 - INFO - Rejected chunk_id 2960: Too similar to original (47.0% overlap)
2026-08-06 05:15:00,052 - INFO - Rejected chunk_id 843: Too similar to original (56.7% overlap)
2026-08-06 05:15:02,946 - INFO - Processing complete.
2026-08-06 05:15:02,946 - INFO - Accepted: 3822, Rejected: 6603, Errors: 12
2026-08-06 06:05:29,134 - INFO - Loaded 3313 already processed chunk IDs.
2026-08-06 06:05:29,144 - INFO - Starting processing of 307 records with 4 workers.
2026-08-06 06:05:48,091 - INFO - Rejected chunk_id 1648: Too similar to original (32.4% overlap)
2026-08-06 06:05:49,711 - INFO - Rejected chunk_id 1888: Too similar to original (49.2% overlap)
2026-08-06 06:05:54,292 - INFO - Rejected chunk_id 6523: Too similar to original (35.4% overlap)
2026-08-06 06:05:56,648 - INFO - Rejected chunk_id 7629: Contains 'Table'
2026-08-06 06:05:58,277 - INFO - Rejected chunk_id 2955: Too similar to original (43.3% overlap)
2026-08-06 06:05:59,945 - INFO - Rejected chunk_id 4418: Too similar to original (36.2% overlap)
2026-08-06 06:06:02,095 - INFO - Rejected chunk_id 1413: Too similar to original (42.4% overlap)
2026-08-06 06:06:06,338 - INFO - Rejected chunk_id 2776: Too similar to original (33.8% overlap)
2026-08-06 06:06:08,341 - INFO - Rejected chunk_id 3908: Too similar to original (39.6% overlap)
2026-08-06 06:06:09,780 - INFO - Rejected chunk_id 3926: Contains 'Table'
2026-08-06 06:06:13,596 - INFO - Rejected chunk_id 6748: Contains 'Table'
2026-08-06 06:06:16,610 - INFO - Rejected chunk_id 2041: Too similar to original (60.0% overlap)
2026-08-06 06:06:19,883 - INFO - Rejected chunk_id 5608: Too similar to original (37.3% overlap)
2026-08-06 06:06:21,440 - INFO - Rejected chunk_id 2279: Too similar to original (32.3% overlap)
2026-08-06 06:06:22,829 - INFO - Rejected chunk_id 1924: Too similar to original (51.9% overlap)
2026-08-06 06:06:24,185 - INFO - Rejected chunk_id 2856: Too similar to original (31.0% overlap)
2026-08-06 06:06:26,249 - INFO - Rejected chunk_id 5179: Too similar to original (46.6% overlap)
2026-08-06 06:06:28,097 - INFO - Rejected chunk_id 1742: Too similar to original (36.8% overlap)
2026-08-06 06:06:29,961 - INFO - Rejected chunk_id 5617: Contains 'Table'
2026-08-06 06:06:35,122 - INFO - Rejected chunk_id 1320: Too similar to original (40.7% overlap)
2026-08-06 06:06:36,533 - INFO - Rejected chunk_id 1230: Too similar to original (33.9% overlap)
2026-08-06 06:06:38,467 - INFO - Rejected chunk_id 5983: Too similar to original (35.7% overlap)
2026-08-06 06:06:39,938 - INFO - Rejected chunk_id 2788: Too similar to original (42.9% overlap)
2026-08-06 06:06:41,988 - INFO - Rejected chunk_id 4870: Too similar to original (36.0% overlap)
2026-08-06 06:06:43,946 - INFO - Rejected chunk_id 6304: Contains 'Table'
2026-08-06 06:06:46,112 - INFO - Rejected chunk_id 554: Too similar to original (55.4% overlap)
2026-08-06 06:06:47,798 - INFO - Rejected chunk_id 2720: Too similar to original (46.6% overlap)
2026-08-06 06:06:51,765 - INFO - Rejected chunk_id 5966: Too similar to original (39.1% overlap)
2026-08-06 06:06:53,872 - INFO - Rejected chunk_id 4761: Contains 'Table'
2026-08-06 06:06:55,212 - INFO - Rejected chunk_id 4429: Too similar to original (36.2% overlap)
2026-08-06 06:06:59,476 - INFO - Rejected chunk_id 286: Too similar to original (37.9% overlap)
2026-08-06 06:07:04,002 - INFO - Rejected chunk_id 7623: Too similar to original (31.6% overlap)
2026-08-06 06:07:08,128 - INFO - Rejected chunk_id 2404: Too similar to original (39.4% overlap)
2026-08-06 06:07:17,908 - INFO - Rejected chunk_id 2276: Too similar to original (36.5% overlap)
2026-08-06 06:07:21,276 - INFO - Rejected chunk_id 3594: Too similar to original (40.3% overlap)
2026-08-06 06:07:22,884 - INFO - Rejected chunk_id 1245: Too similar to original (48.2% overlap)
2026-08-06 06:07:24,445 - INFO - Rejected chunk_id 2361: Too similar to original (51.9% overlap)
2026-08-06 06:07:25,733 - INFO - Rejected chunk_id 3196: Too similar to original (34.0% overlap)
2026-08-06 06:07:31,178 - INFO - Rejected chunk_id 6070: Contains 'Table'
2026-08-06 06:07:34,528 - INFO - Rejected chunk_id 1937: Too similar to original (53.2% overlap)
2026-08-06 06:07:36,442 - INFO - Rejected chunk_id 5125: Too similar to original (40.4% overlap)
2026-08-06 06:07:39,687 - INFO - Rejected chunk_id 4711: Contains 'Table'
2026-08-06 06:07:41,867 - INFO - Rejected chunk_id 6542: Contains 'Table'
2026-08-06 06:07:45,951 - INFO - Rejected chunk_id 722: Too similar to original (50.0% overlap)
2026-08-06 06:07:47,737 - INFO - Rejected chunk_id 1698: Too similar to original (38.8% overlap)
2026-08-06 06:07:49,997 - INFO - Rejected chunk_id 2828: Too similar to original (38.9% overlap)
2026-08-06 06:07:51,811 - INFO - Rejected chunk_id 5703: Too similar to original (35.9% overlap)
2026-08-06 06:07:53,670 - INFO - Rejected chunk_id 5478: Contains 'Table'
2026-08-06 06:07:55,433 - INFO - Rejected chunk_id 4765: Too similar to original (40.0% overlap)
2026-08-06 06:07:57,145 - INFO - Rejected chunk_id 5249: Too similar to original (38.6% overlap)
2026-08-06 06:07:58,741 - INFO - Rejected chunk_id 6594: Too similar to original (35.7% overlap)
2026-08-06 06:08:00,423 - INFO - Rejected chunk_id 2809: Too similar to original (32.3% overlap)
2026-08-06 06:08:02,246 - INFO - Rejected chunk_id 2432: Too similar to original (51.6% overlap)
2026-08-06 06:08:04,103 - INFO - Rejected chunk_id 2378: Too similar to original (47.1% overlap)
2026-08-06 06:08:05,345 - INFO - Rejected chunk_id 2964: Too similar to original (32.6% overlap)
2026-08-06 06:08:06,963 - INFO - Rejected chunk_id 2716: Too similar to original (49.2% overlap)
2026-08-06 06:08:08,841 - INFO - Rejected chunk_id 2443: Too similar to original (47.7% overlap)
2026-08-06 06:08:10,760 - INFO - Rejected chunk_id 1475: Too similar to original (33.3% overlap)
2026-08-06 06:08:12,378 - INFO - Rejected chunk_id 1915: Too similar to original (36.1% overlap)
2026-08-06 06:08:13,886 - INFO - Rejected chunk_id 3888: Too similar to original (30.4% overlap)
2026-08-06 06:08:15,157 - INFO - Rejected chunk_id 4417: Contains 'Table'
2026-08-06 06:08:17,264 - INFO - Rejected chunk_id 6428: Too similar to original (33.3% overlap)
2026-08-06 06:08:18,927 - INFO - Rejected chunk_id 2357: Too similar to original (37.1% overlap)
2026-08-06 06:08:22,349 - INFO - Rejected chunk_id 5368: Too similar to original (37.7% overlap)
2026-08-06 06:08:24,924 - INFO - Rejected chunk_id 874: Too similar to original (44.1% overlap)
2026-08-06 06:08:26,553 - INFO - Rejected chunk_id 6411: Too similar to original (55.8% overlap)
2026-08-06 06:08:30,261 - INFO - Rejected chunk_id 4515: Too similar to original (39.1% overlap)
2026-08-06 06:08:32,361 - INFO - Rejected chunk_id 2820: Too similar to original (46.9% overlap)
2026-08-06 06:08:33,966 - INFO - Rejected chunk_id 2887: Too similar to original (31.1% overlap)
2026-08-06 06:08:36,857 - INFO - Rejected chunk_id 7594: Contains 'Table'
2026-08-06 06:08:38,588 - INFO - Rejected chunk_id 2964: Too similar to original (46.0% overlap)
2026-08-06 06:08:40,811 - INFO - Rejected chunk_id 1859: Too similar to original (48.4% overlap)
2026-08-06 06:08:42,210 - INFO - Rejected chunk_id 1410: Too similar to original (39.5% overlap)
2026-08-06 06:08:43,898 - INFO - Rejected chunk_id 3216: Too similar to original (30.8% overlap)
2026-08-06 06:08:51,139 - INFO - Rejected chunk_id 3230: Too similar to original (45.9% overlap)
2026-08-06 06:08:54,791 - INFO - Rejected chunk_id 6778: Contains 'Table'
2026-08-06 06:08:56,653 - INFO - Rejected chunk_id 6722: Contains 'Table'
2026-08-06 06:08:58,811 - INFO - Rejected chunk_id 2343: Too similar to original (43.2% overlap)
2026-08-06 06:09:05,623 - INFO - Rejected chunk_id 3943: Contains 'Table'
2026-08-06 06:09:10,994 - INFO - Rejected chunk_id 4823: Contains 'Table'
2026-08-06 06:09:13,018 - INFO - Rejected chunk_id 3009: Contains 'Table'
2026-08-06 06:09:18,307 - INFO - Rejected chunk_id 3298: Contains 'Table'
2026-08-06 06:09:19,972 - INFO - Rejected chunk_id 2720: Too similar to original (31.7% overlap)
2026-08-06 06:09:21,344 - INFO - Rejected chunk_id 1920: Too similar to original (32.7% overlap)
2026-08-06 06:09:23,408 - INFO - Rejected chunk_id 5643: Too similar to original (33.8% overlap)
2026-08-06 06:09:25,148 - INFO - Rejected chunk_id 3079: Contains 'Table'
2026-08-06 06:09:28,026 - INFO - Rejected chunk_id 7297: Too similar to original (32.4% overlap)
2026-08-06 06:09:29,616 - INFO - Rejected chunk_id 3052: Too similar to original (42.1% overlap)
2026-08-06 06:09:38,974 - INFO - Rejected chunk_id 1689: Too similar to original (39.4% overlap)
2026-08-06 06:09:43,584 - INFO - Rejected chunk_id 7374: Contains 'Figure'
2026-08-06 06:09:45,716 - INFO - Rejected chunk_id 1477: Too similar to original (41.0% overlap)
2026-08-06 06:09:48,986 - INFO - Rejected chunk_id 2070: Too similar to original (38.6% overlap)
2026-08-06 06:09:50,779 - INFO - Rejected chunk_id 2631: Too similar to original (44.4% overlap)
2026-08-06 06:09:52,834 - INFO - Rejected chunk_id 6587: Contains 'Table'
2026-08-06 06:09:56,897 - INFO - Rejected chunk_id 2969: Contains 'Table'
2026-08-06 06:09:59,028 - INFO - Rejected chunk_id 2933: Too similar to original (49.1% overlap)
2026-08-06 06:10:00,677 - INFO - Rejected chunk_id 2277: Too similar to original (34.4% overlap)
2026-08-06 06:10:05,720 - INFO - Rejected chunk_id 2016: Too similar to original (36.7% overlap)
2026-08-06 06:10:07,349 - INFO - Rejected chunk_id 5194: Contains 'Table'
2026-08-06 06:10:09,378 - INFO - Rejected chunk_id 3143: Too similar to original (45.2% overlap)
2026-08-06 06:10:10,764 - INFO - Rejected chunk_id 7360: Too similar to original (32.1% overlap)
2026-08-06 06:10:12,602 - INFO - Rejected chunk_id 808: Too similar to original (43.7% overlap)
2026-08-06 06:10:14,189 - INFO - Rejected chunk_id 6016: Too similar to original (34.5% overlap)
2026-08-06 06:10:16,802 - INFO - Rejected chunk_id 5606: Too similar to original (36.0% overlap)
2026-08-06 06:10:18,409 - INFO - Rejected chunk_id 3307: Too similar to original (42.2% overlap)
2026-08-06 06:10:20,464 - INFO - Rejected chunk_id 5188: Too similar to original (36.6% overlap)
2026-08-06 06:10:22,446 - INFO - Rejected chunk_id 5807: Contains 'Table'
2026-08-06 06:10:24,369 - INFO - Rejected chunk_id 3175: Too similar to original (40.9% overlap)
2026-08-06 06:10:26,538 - INFO - Rejected chunk_id 6042: Contains 'Table'
2026-08-06 06:10:30,523 - INFO - Rejected chunk_id 5424: Too similar to original (32.2% overlap)
2026-08-06 06:10:32,127 - INFO - Rejected chunk_id 4292: Contains 'Table'
2026-08-06 06:10:34,623 - INFO - Rejected chunk_id 4814: Too similar to original (34.2% overlap)
2026-08-06 06:10:36,378 - INFO - Rejected chunk_id 4061: Contains 'Table'
2026-08-06 06:10:38,207 - INFO - Rejected chunk_id 1920: Too similar to original (43.8% overlap)
2026-08-06 06:10:42,009 - INFO - Rejected chunk_id 892: Too similar to original (55.2% overlap)
2026-08-06 06:10:43,483 - INFO - Rejected chunk_id 808: Too similar to original (46.3% overlap)
2026-08-06 06:10:48,700 - INFO - Rejected chunk_id 6975: Contains 'Figure'
2026-08-06 06:10:54,038 - INFO - Rejected chunk_id 3890: Too similar to original (36.4% overlap)
2026-08-06 06:10:56,122 - INFO - Rejected chunk_id 976: Too similar to original (35.8% overlap)
2026-08-06 06:10:59,265 - INFO - Rejected chunk_id 1737: Too similar to original (34.1% overlap)
2026-08-06 06:11:01,067 - INFO - Rejected chunk_id 6763: Contains 'Table'
2026-08-06 06:11:03,193 - INFO - Rejected chunk_id 6008: Contains 'Figure'
2026-08-06 06:11:04,936 - INFO - Rejected chunk_id 6021: Contains 'Table'
2026-08-06 06:11:09,281 - INFO - Rejected chunk_id 1968: Too similar to original (42.1% overlap)
2026-08-06 06:11:13,181 - INFO - Rejected chunk_id 2961: Contains 'Table'
2026-08-06 06:11:20,252 - INFO - Rejected chunk_id 3055: Too similar to original (32.3% overlap)
2026-08-06 06:11:21,629 - INFO - Rejected chunk_id 1510: Contains 'Table'
2026-08-06 06:11:22,997 - INFO - Rejected chunk_id 4451: Too similar to original (34.5% overlap)
2026-08-06 06:11:24,803 - INFO - Rejected chunk_id 6688: Too similar to original (30.5% overlap)
2026-08-06 06:11:26,618 - INFO - Rejected chunk_id 7646: Contains 'Table'
2026-08-06 06:11:28,053 - INFO - Rejected chunk_id 2760: Contains 'Table'
2026-08-06 06:11:29,867 - INFO - Rejected chunk_id 6684: Too similar to original (30.2% overlap)
2026-08-06 06:11:31,740 - INFO - Rejected chunk_id 4662: Contains 'Table'
2026-08-06 06:11:33,504 - INFO - Rejected chunk_id 1920: Too similar to original (32.3% overlap)
2026-08-06 06:11:35,068 - INFO - Rejected chunk_id 1335: Too similar to original (46.7% overlap)
2026-08-06 06:11:36,283 - INFO - Rejected chunk_id 1091: Too similar to original (59.3% overlap)
2026-08-06 06:11:37,717 - INFO - Rejected chunk_id 1653: Too similar to original (44.4% overlap)
2026-08-06 06:11:39,162 - INFO - Rejected chunk_id 1492: Too similar to original (31.7% overlap)
2026-08-06 06:11:41,891 - INFO - Rejected chunk_id 7421: Contains 'Table'
2026-08-06 06:11:43,637 - INFO - Rejected chunk_id 5955: Too similar to original (33.3% overlap)
2026-08-06 06:11:45,369 - INFO - Rejected chunk_id 2319: Too similar to original (42.1% overlap)
2026-08-06 06:11:46,783 - INFO - Rejected chunk_id 1342: Too similar to original (44.4% overlap)
2026-08-06 06:11:49,942 - INFO - Rejected chunk_id 5182: Contains 'Figure'
2026-08-06 06:11:51,722 - INFO - Rejected chunk_id 2749: Too similar to original (56.7% overlap)
2026-08-06 06:11:53,727 - INFO - Rejected chunk_id 7314: Too similar to original (31.7% overlap)
2026-08-06 06:11:56,175 - INFO - Rejected chunk_id 1236: Too similar to original (49.2% overlap)
2026-08-06 06:11:57,722 - INFO - Rejected chunk_id 4417: Too similar to original (47.3% overlap)
2026-08-06 06:11:59,842 - INFO - Rejected chunk_id 3067: Too similar to original (30.1% overlap)
2026-08-06 06:12:02,339 - INFO - Rejected chunk_id 2282: Too similar to original (35.5% overlap)
2026-08-06 06:12:04,931 - INFO - Rejected chunk_id 7480: Contains 'Table'
2026-08-06 06:12:06,775 - INFO - Rejected chunk_id 5411: Too similar to original (40.3% overlap)
2026-08-06 06:12:09,391 - INFO - Rejected chunk_id 1507: Too similar to original (30.6% overlap)
2026-08-06 06:12:11,139 - INFO - Rejected chunk_id 1382: Too similar to original (39.7% overlap)
2026-08-06 06:12:12,834 - INFO - Rejected chunk_id 3323: Contains 'Table'
2026-08-06 06:12:14,909 - INFO - Rejected chunk_id 1156: Too similar to original (43.8% overlap)
2026-08-06 06:12:17,781 - INFO - Rejected chunk_id 7321: Too similar to original (38.6% overlap)
2026-08-06 06:12:19,915 - INFO - Rejected chunk_id 1776: Too similar to original (55.6% overlap)
2026-08-06 06:12:23,318 - INFO - Rejected chunk_id 2928: Too similar to original (58.1% overlap)
2026-08-06 06:12:24,557 - INFO - Rejected chunk_id 1477: Too similar to original (34.8% overlap)
2026-08-06 06:12:27,866 - INFO - Rejected chunk_id 5507: Contains 'Table'
2026-08-06 06:12:30,489 - INFO - Rejected chunk_id 594: Too similar to original (31.9% overlap)
2026-08-06 06:12:32,122 - INFO - Rejected chunk_id 1738: Too similar to original (44.8% overlap)
2026-08-06 06:12:33,493 - INFO - Rejected chunk_id 1611: Too similar to original (45.5% overlap)
2026-08-06 06:12:34,785 - INFO - Rejected chunk_id 4393: Contains 'Figure'
2026-08-06 06:12:40,554 - INFO - Rejected chunk_id 2847: Too similar to original (37.5% overlap)
2026-08-06 06:12:42,495 - INFO - Rejected chunk_id 3850: Too similar to original (46.7% overlap)
2026-08-06 06:12:45,004 - INFO - Rejected chunk_id 2866: Too similar to original (44.3% overlap)
2026-08-06 06:12:46,535 - INFO - Rejected chunk_id 2416: Too similar to original (37.5% overlap)
2026-08-06 06:12:48,156 - INFO - Rejected chunk_id 2014: Too similar to original (42.9% overlap)
2026-08-06 06:12:52,038 - INFO - Rejected chunk_id 1546: Too similar to original (41.0% overlap)
2026-08-06 06:12:53,769 - INFO - Rejected chunk_id 2631: Too similar to original (38.8% overlap)
2026-08-06 06:12:56,176 - INFO - Rejected chunk_id 2164: Too similar to original (38.7% overlap)
2026-08-06 06:12:58,030 - INFO - Rejected chunk_id 1236: Too similar to original (50.0% overlap)
2026-08-06 06:13:04,958 - INFO - Rejected chunk_id 7144: Contains 'Table'
2026-08-06 06:13:06,379 - INFO - Rejected chunk_id 2533: Too similar to original (47.4% overlap)
2026-08-06 06:13:08,016 - INFO - Rejected chunk_id 6731: Too similar to original (44.3% overlap)
2026-08-06 06:13:12,847 - INFO - Rejected chunk_id 7121: Contains 'Table'
2026-08-06 06:13:15,594 - INFO - Rejected chunk_id 2130: Contains 'Table'
2026-08-06 06:13:17,972 - INFO - Rejected chunk_id 4557: Contains 'Table'
2026-08-06 06:13:19,785 - INFO - Rejected chunk_id 2310: Too similar to original (42.9% overlap)
2026-08-06 06:13:21,695 - INFO - Rejected chunk_id 1829: Contains 'Table'
2026-08-06 06:13:23,361 - INFO - Rejected chunk_id 6744: Too similar to original (41.9% overlap)
2026-08-06 06:13:28,009 - INFO - Rejected chunk_id 2243: Too similar to original (35.2% overlap)
2026-08-06 06:13:29,885 - INFO - Rejected chunk_id 2802: Too similar to original (52.4% overlap)
2026-08-06 06:13:31,795 - INFO - Rejected chunk_id 2751: Too similar to original (51.6% overlap)
2026-08-06 06:13:36,287 - INFO - Rejected chunk_id 5135: Contains 'Table'
2026-08-06 06:13:38,607 - INFO - Rejected chunk_id 5897: Contains 'Table'
2026-08-06 06:13:40,522 - INFO - Rejected chunk_id 6798: Contains 'Figure'
2026-08-06 06:13:41,834 - INFO - Rejected chunk_id 2563: Too similar to original (39.0% overlap)
2026-08-06 06:13:46,485 - INFO - Rejected chunk_id 756: Too similar to original (31.7% overlap)
2026-08-06 06:13:49,691 - INFO - Rejected chunk_id 1105: Too similar to original (42.9% overlap)
2026-08-06 06:13:52,629 - INFO - Rejected chunk_id 6002: Too similar to original (42.2% overlap)
2026-08-06 06:13:56,142 - INFO - Rejected chunk_id 1576: Too similar to original (33.8% overlap)
2026-08-06 06:13:57,969 - INFO - Rejected chunk_id 5749: Contains 'Table'
2026-08-06 06:14:08,880 - INFO - Rejected chunk_id 3310: Contains 'Figure'
2026-08-06 06:14:11,138 - INFO - Rejected chunk_id 965: Too similar to original (36.6% overlap)
2026-08-06 06:14:14,761 - INFO - Rejected chunk_id 1706: Too similar to original (46.7% overlap)
2026-08-06 06:14:16,759 - INFO - Rejected chunk_id 4501: Contains 'Table'
2026-08-06 06:14:18,665 - INFO - Rejected chunk_id 1868: Too similar to original (40.3% overlap)
2026-08-06 06:14:20,336 - INFO - Rejected chunk_id 1552: Too similar to original (36.5% overlap)
2026-08-06 06:14:22,206 - INFO - Rejected chunk_id 6809: Contains 'Table'
2026-08-06 06:14:24,139 - INFO - Rejected chunk_id 6025: Too similar to original (41.5% overlap)
2026-08-06 06:14:25,851 - INFO - Rejected chunk_id 7327: Contains 'Table'
2026-08-06 06:14:29,316 - INFO - Rejected chunk_id 1095: Too similar to original (56.1% overlap)
2026-08-06 06:14:33,353 - INFO - Rejected chunk_id 2787: Too similar to original (42.9% overlap)
2026-08-06 06:14:35,887 - INFO - Rejected chunk_id 5646: Contains 'Table'
2026-08-06 06:14:38,080 - INFO - Rejected chunk_id 1631: Too similar to original (32.9% overlap)
2026-08-06 06:14:39,827 - INFO - Rejected chunk_id 1081: Too similar to original (34.4% overlap)
2026-08-06 06:14:41,994 - INFO - Rejected chunk_id 4527: Too similar to original (39.7% overlap)
2026-08-06 06:14:43,786 - INFO - Rejected chunk_id 5994: Contains 'Table'
2026-08-06 06:14:45,727 - INFO - Rejected chunk_id 2887: Too similar to original (54.1% overlap)
2026-08-06 06:14:47,626 - INFO - Rejected chunk_id 5852: Contains 'Table'
2026-08-06 06:14:49,406 - INFO - Rejected chunk_id 1964: Too similar to original (44.6% overlap)
2026-08-06 06:14:51,778 - INFO - Rejected chunk_id 4739: Too similar to original (41.7% overlap)
2026-08-06 06:14:53,440 - INFO - Rejected chunk_id 1351: Too similar to original (33.9% overlap)
2026-08-06 06:14:55,616 - INFO - Rejected chunk_id 5642: Contains 'Table'
2026-08-06 06:14:59,190 - INFO - Rejected chunk_id 1603: Too similar to original (37.0% overlap)
2026-08-06 06:15:00,970 - INFO - Rejected chunk_id 4845: Contains 'Table'
2026-08-06 06:15:02,956 - INFO - Rejected chunk_id 892: Too similar to original (43.9% overlap)
2026-08-06 06:15:04,637 - INFO - Rejected chunk_id 1461: Too similar to original (41.3% overlap)
2026-08-06 06:15:06,642 - INFO - Rejected chunk_id 5765: Contains 'Table'
2026-08-06 06:15:08,496 - INFO - Rejected chunk_id 1640: Too similar to original (36.5% overlap)
2026-08-06 06:15:10,278 - INFO - Rejected chunk_id 2279: Too similar to original (45.3% overlap)
2026-08-06 06:15:11,841 - INFO - Rejected chunk_id 1553: Too similar to original (48.3% overlap)
2026-08-06 06:15:16,109 - INFO - Rejected chunk_id 1198: Too similar to original (36.6% overlap)
2026-08-06 06:15:18,089 - INFO - Rejected chunk_id 965: Too similar to original (34.2% overlap)
2026-08-06 06:15:20,993 - INFO - Rejected chunk_id 4214: Contains 'Table'
2026-08-06 06:15:23,142 - INFO - Rejected chunk_id 6869: Contains 'Table'
2026-08-06 06:15:24,616 - INFO - Rejected chunk_id 1913: Too similar to original (40.3% overlap)
2026-08-06 06:15:28,202 - INFO - Rejected chunk_id 7005: Contains 'Table'
2026-08-06 06:15:30,356 - INFO - Rejected chunk_id 2396: Too similar to original (33.8% overlap)
2026-08-06 06:15:32,453 - INFO - Rejected chunk_id 5731: Contains 'Table'
2026-08-06 06:15:32,457 - INFO - Processing complete.
2026-08-06 06:15:32,457 - INFO - Accepted: 75, Rejected: 232, Errors: 0
2026-08-06 06:15:56,970 - INFO - Loaded 3532 already processed chunk IDs.
2026-08-06 06:15:56,979 - INFO - Starting processing of 254 records with 4 workers.
2026-08-06 06:16:07,367 - INFO - Rejected chunk_id 2163: Too similar to original (45.8% overlap)
2026-08-06 06:16:08,715 - INFO - Rejected chunk_id 4463: Contains 'Figure'
2026-08-06 06:16:10,279 - INFO - Rejected chunk_id 1794: Too similar to original (51.7% overlap)
2026-08-06 06:16:14,693 - INFO - Rejected chunk_id 3273: Too similar to original (38.8% overlap)
2026-08-06 06:16:16,932 - INFO - Rejected chunk_id 5598: Too similar to original (40.3% overlap)
2026-08-06 06:16:23,208 - INFO - Rejected chunk_id 1484: Too similar to original (51.0% overlap)
2026-08-06 06:16:25,116 - INFO - Rejected chunk_id 1699: Too similar to original (39.7% overlap)
2026-08-06 06:16:29,177 - INFO - Rejected chunk_id 3910: Too similar to original (38.5% overlap)
2026-08-06 06:16:31,022 - INFO - Rejected chunk_id 2835: Too similar to original (48.3% overlap)
2026-08-06 06:16:34,563 - INFO - Rejected chunk_id 5455: Contains 'Table'
2026-08-06 06:16:36,412 - INFO - Rejected chunk_id 4531: Too similar to original (33.3% overlap)
2026-08-06 06:16:37,890 - INFO - Rejected chunk_id 4654: Too similar to original (34.6% overlap)
2026-08-06 06:16:39,667 - INFO - Rejected chunk_id 2048: Too similar to original (50.8% overlap)
2026-08-06 06:16:41,358 - INFO - Rejected chunk_id 6519: Too similar to original (33.8% overlap)
2026-08-06 06:16:43,292 - INFO - Rejected chunk_id 3088: Too similar to original (42.5% overlap)
2026-08-06 06:16:49,192 - INFO - Rejected chunk_id 4925: Contains 'Table'
2026-08-06 06:16:50,817 - INFO - Rejected chunk_id 2958: Too similar to original (50.0% overlap)
2026-08-06 06:16:53,978 - INFO - Rejected chunk_id 1651: Too similar to original (55.4% overlap)
2026-08-06 06:16:57,724 - INFO - Rejected chunk_id 6757: Contains 'Table'
2026-08-06 06:16:59,577 - INFO - Rejected chunk_id 6991: Contains 'Table'
2026-08-06 06:17:02,239 - INFO - Rejected chunk_id 6421: Too similar to original (34.5% overlap)
2026-08-06 06:17:05,875 - INFO - Rejected chunk_id 6787: Contains 'Table'
2026-08-06 06:17:07,782 - INFO - Rejected chunk_id 3572: Too similar to original (35.9% overlap)
2026-08-06 06:17:11,062 - INFO - Rejected chunk_id 4741: Too similar to original (33.8% overlap)
2026-08-06 06:17:15,270 - INFO - Rejected chunk_id 6017: Too similar to original (35.6% overlap)
2026-08-06 06:17:18,162 - INFO - Rejected chunk_id 5052: Too similar to original (32.3% overlap)
2026-08-06 06:17:20,082 - INFO - Rejected chunk_id 4517: Too similar to original (32.1% overlap)
2026-08-06 06:17:21,935 - INFO - Rejected chunk_id 6044: Contains 'Table'
2026-08-06 06:17:23,583 - INFO - Rejected chunk_id 1617: Too similar to original (38.2% overlap)
2026-08-06 06:17:32,472 - INFO - Rejected chunk_id 7315: Too similar to original (41.7% overlap)
2026-08-06 06:17:34,358 - INFO - Rejected chunk_id 6819: Contains 'Figure'
2026-08-06 06:17:35,980 - INFO - Rejected chunk_id 2492: Too similar to original (45.2% overlap)
2026-08-06 06:17:37,651 - INFO - Rejected chunk_id 7387: Contains 'Table'
2026-08-06 06:17:39,752 - INFO - Rejected chunk_id 3510: Contains 'Table'
2026-08-06 06:17:41,421 - INFO - Rejected chunk_id 2371: Too similar to original (42.4% overlap)
2026-08-06 06:17:43,460 - INFO - Rejected chunk_id 4470: Too similar to original (36.8% overlap)
2026-08-06 06:17:46,116 - INFO - Rejected chunk_id 2806: Contains 'Table'
2026-08-06 06:17:47,946 - INFO - Rejected chunk_id 1749: Too similar to original (32.2% overlap)
2026-08-06 06:17:52,551 - INFO - Rejected chunk_id 4242: Contains 'Table'
2026-08-06 06:17:55,915 - INFO - Rejected chunk_id 3212: Too similar to original (30.8% overlap)
2026-08-06 06:17:57,759 - INFO - Rejected chunk_id 5864: Contains 'Table'
2026-08-06 06:18:00,845 - INFO - Rejected chunk_id 3074: Too similar to original (39.3% overlap)
2026-08-06 06:18:06,097 - INFO - Rejected chunk_id 1319: Contains 'Table'
2026-08-06 06:18:08,039 - INFO - Rejected chunk_id 2835: Too similar to original (38.6% overlap)
2026-08-06 06:18:09,818 - INFO - Rejected chunk_id 7369: Contains 'Table'
2026-08-06 06:18:11,813 - INFO - Rejected chunk_id 7231: Contains 'Table'
2026-08-06 06:18:13,746 - INFO - Rejected chunk_id 2091: Too similar to original (42.4% overlap)
2026-08-06 06:18:16,766 - INFO - Rejected chunk_id 4001: Contains 'Table'
2026-08-06 06:18:18,443 - INFO - Rejected chunk_id 1436: Too similar to original (48.4% overlap)
2026-08-06 06:18:20,793 - INFO - Rejected chunk_id 3813: Contains 'Table'
2026-08-06 06:18:23,562 - INFO - Rejected chunk_id 1887: Too similar to original (50.0% overlap)
2026-08-06 06:18:26,410 - INFO - Rejected chunk_id 6839: Contains 'Table'
2026-08-06 06:18:28,578 - INFO - Rejected chunk_id 4314: Contains 'Table'
2026-08-06 06:18:30,735 - INFO - Rejected chunk_id 6740: Too similar to original (41.3% overlap)
2026-08-06 06:18:32,565 - INFO - Rejected chunk_id 5238: Too similar to original (30.9% overlap)
2026-08-06 06:18:34,406 - INFO - Rejected chunk_id 1747: Too similar to original (57.6% overlap)
2026-08-06 06:18:36,244 - INFO - Rejected chunk_id 1749: Too similar to original (30.2% overlap)
2026-08-06 06:18:37,704 - INFO - Rejected chunk_id 2109: Too similar to original (33.3% overlap)
2026-08-06 06:18:39,401 - INFO - Rejected chunk_id 1825: Too similar to original (36.8% overlap)
2026-08-06 06:18:41,790 - INFO - Rejected chunk_id 3337: Contains 'Table'
2026-08-06 06:18:43,235 - INFO - Rejected chunk_id 1354: Too similar to original (35.7% overlap)
2026-08-06 06:18:50,999 - INFO - Rejected chunk_id 4301: Contains 'Table'
2026-08-06 06:18:57,226 - INFO - Rejected chunk_id 2326: Too similar to original (42.2% overlap)
2026-08-06 06:18:59,229 - INFO - Rejected chunk_id 5965: Too similar to original (32.8% overlap)
2026-08-06 06:19:05,395 - INFO - Rejected chunk_id 1496: Too similar to original (49.2% overlap)
2026-08-06 06:19:07,326 - INFO - Rejected chunk_id 7515: Too similar to original (33.3% overlap)
2026-08-06 06:19:08,953 - INFO - Rejected chunk_id 4768: Too similar to original (52.3% overlap)
2026-08-06 06:19:13,564 - INFO - Rejected chunk_id 1951: Too similar to original (50.0% overlap)
2026-08-06 06:19:16,581 - INFO - Rejected chunk_id 3874: Contains 'Figure'
2026-08-06 06:19:18,585 - INFO - Rejected chunk_id 1828: Too similar to original (45.3% overlap)
2026-08-06 06:19:21,322 - INFO - Rejected chunk_id 1972: Too similar to original (33.3% overlap)
2026-08-06 06:19:26,677 - INFO - Rejected chunk_id 5632: Too similar to original (48.1% overlap)
2026-08-06 06:19:28,729 - INFO - Rejected chunk_id 1: Too similar to original (34.4% overlap)
2026-08-06 06:19:32,125 - INFO - Rejected chunk_id 2253: Too similar to original (41.1% overlap)
2026-08-06 06:19:34,234 - INFO - Rejected chunk_id 1712: Too similar to original (45.2% overlap)
2026-08-06 06:19:36,484 - INFO - Rejected chunk_id 4545: Too similar to original (36.1% overlap)
2026-08-06 06:19:40,144 - INFO - Rejected chunk_id 1989: Too similar to original (43.6% overlap)
2026-08-06 06:19:52,291 - INFO - Rejected chunk_id 1363: Too similar to original (51.6% overlap)
2026-08-06 06:19:53,927 - INFO - Rejected chunk_id 2777: Too similar to original (38.1% overlap)
2026-08-06 06:19:55,370 - INFO - Rejected chunk_id 5167: Too similar to original (42.6% overlap)
2026-08-06 06:19:57,698 - INFO - Rejected chunk_id 6832: Contains 'Table'
2026-08-06 06:20:00,205 - INFO - Rejected chunk_id 1684: Too similar to original (41.3% overlap)
2026-08-06 06:20:01,508 - INFO - Rejected chunk_id 2492: Too similar to original (31.4% overlap)
2026-08-06 06:20:03,347 - INFO - Rejected chunk_id 6795: Contains 'Table'
2026-08-06 06:20:07,411 - INFO - Rejected chunk_id 5553: Contains 'Table'
2026-08-06 06:20:09,643 - INFO - Rejected chunk_id 7554: Too similar to original (50.7% overlap)
2026-08-06 06:20:11,349 - INFO - Rejected chunk_id 3681: Too similar to original (33.3% overlap)
2026-08-06 06:20:13,388 - INFO - Rejected chunk_id 3396: Too similar to original (37.5% overlap)
2026-08-06 06:20:19,920 - INFO - Rejected chunk_id 5123: Contains 'Table'
2026-08-06 06:20:22,479 - INFO - Rejected chunk_id 4330: Too similar to original (32.0% overlap)
2026-08-06 06:20:24,398 - INFO - Rejected chunk_id 2520: Too similar to original (41.9% overlap)
2026-08-06 06:20:28,959 - INFO - Rejected chunk_id 1216: Too similar to original (35.3% overlap)
2026-08-06 06:20:36,115 - INFO - Rejected chunk_id 591: Too similar to original (43.3% overlap)
2026-08-06 06:20:37,343 - INFO - Rejected chunk_id 1408: Too similar to original (41.9% overlap)
2026-08-06 06:20:38,689 - INFO - Rejected chunk_id 1699: Too similar to original (46.0% overlap)
2026-08-06 06:20:40,049 - INFO - Rejected chunk_id 2309: Too similar to original (30.5% overlap)
2026-08-06 06:20:42,677 - INFO - Rejected chunk_id 1807: Too similar to original (42.6% overlap)
2026-08-06 06:20:45,007 - INFO - Rejected chunk_id 7475: Too similar to original (69.1% overlap)
2026-08-06 06:20:52,242 - INFO - Rejected chunk_id 6737: Contains 'Table'
2026-08-06 06:20:56,079 - INFO - Rejected chunk_id 5173: Too similar to original (37.1% overlap)
2026-08-06 06:21:00,395 - INFO - Rejected chunk_id 6202: Contains 'Table'
2026-08-06 06:21:07,605 - INFO - Rejected chunk_id 3489: Too similar to original (30.2% overlap)
2026-08-06 06:21:09,556 - INFO - Rejected chunk_id 1244: Too similar to original (44.6% overlap)
2026-08-06 06:21:12,481 - INFO - Rejected chunk_id 2769: Too similar to original (34.0% overlap)
2026-08-06 06:21:14,579 - INFO - Rejected chunk_id 4082: Too similar to original (35.7% overlap)
2026-08-06 06:21:16,367 - INFO - Rejected chunk_id 4422: Too similar to original (39.7% overlap)
2026-08-06 06:21:18,087 - INFO - Rejected chunk_id 4767: Too similar to original (41.3% overlap)
2026-08-06 06:21:21,236 - INFO - Rejected chunk_id 1408: Too similar to original (44.6% overlap)
2026-08-06 06:21:23,202 - INFO - Rejected chunk_id 1712: Contains 'Figure'
2026-08-06 06:21:26,561 - INFO - Rejected chunk_id 1354: Too similar to original (43.6% overlap)
2026-08-06 06:21:28,836 - INFO - Rejected chunk_id 5142: Too similar to original (47.4% overlap)
2026-08-06 06:21:30,884 - INFO - Rejected chunk_id 6967: Contains 'Table'
2026-08-06 06:21:35,022 - INFO - Rejected chunk_id 5964: Contains 'Table'
2026-08-06 06:21:36,672 - INFO - Rejected chunk_id 4089: Too similar to original (36.9% overlap)
2026-08-06 06:21:38,729 - INFO - Rejected chunk_id 3: Too similar to original (34.4% overlap)
2026-08-06 06:21:41,033 - INFO - Rejected chunk_id 6898: Contains 'Table'
2026-08-06 06:21:44,066 - INFO - Rejected chunk_id 2636: Too similar to original (41.9% overlap)
2026-08-06 06:21:45,984 - INFO - Rejected chunk_id 2732: Too similar to original (51.6% overlap)
2026-08-06 06:21:47,758 - INFO - Rejected chunk_id 4248: Contains 'Table'
2026-08-06 06:21:51,455 - INFO - Rejected chunk_id 1966: Too similar to original (34.7% overlap)
2026-08-06 06:21:52,906 - INFO - Rejected chunk_id 772: Too similar to original (44.6% overlap)
2026-08-06 06:21:54,479 - INFO - Rejected chunk_id 952: Too similar to original (43.8% overlap)
2026-08-06 06:21:56,433 - INFO - Rejected chunk_id 5896: Too similar to original (40.6% overlap)
2026-08-06 06:21:58,374 - INFO - Rejected chunk_id 2973: Too similar to original (32.8% overlap)
2026-08-06 06:21:59,915 - INFO - Rejected chunk_id 5165: Too similar to original (30.8% overlap)
2026-08-06 06:22:05,986 - INFO - Rejected chunk_id 1712: Too similar to original (31.8% overlap)
2026-08-06 06:22:10,490 - INFO - Rejected chunk_id 1177: Too similar to original (35.9% overlap)
2026-08-06 06:22:12,254 - INFO - Rejected chunk_id 4881: Contains 'Table'
2026-08-06 06:22:16,676 - INFO - Rejected chunk_id 5230: Contains 'Table'
2026-08-06 06:22:18,082 - INFO - Rejected chunk_id 1831: Too similar to original (41.1% overlap)
2026-08-06 06:22:20,319 - INFO - Rejected chunk_id 5645: Too similar to original (38.6% overlap)
2026-08-06 06:22:21,739 - INFO - Rejected chunk_id 2253: Too similar to original (40.4% overlap)
2026-08-06 06:22:27,545 - INFO - Rejected chunk_id 5126: Too similar to original (34.6% overlap)
2026-08-06 06:22:29,785 - INFO - Rejected chunk_id 4221: Contains 'Table'
2026-08-06 06:22:31,969 - INFO - Rejected chunk_id 2370: Too similar to original (35.4% overlap)
2026-08-06 06:22:33,810 - INFO - Rejected chunk_id 4933: Contains 'Table'
2026-08-06 06:22:35,377 - INFO - Rejected chunk_id 1284: Too similar to original (40.0% overlap)
2026-08-06 06:22:37,431 - INFO - Rejected chunk_id 1942: Too similar to original (44.1% overlap)
2026-08-06 06:22:39,480 - INFO - Rejected chunk_id 1803: Too similar to original (31.5% overlap)
2026-08-06 06:22:42,107 - INFO - Rejected chunk_id 5490: Contains 'Table'
2026-08-06 06:22:44,207 - INFO - Rejected chunk_id 2434: Too similar to original (34.4% overlap)
2026-08-06 06:22:46,041 - INFO - Rejected chunk_id 1819: Contains 'Table'
2026-08-06 06:22:49,701 - INFO - Rejected chunk_id 5680: Contains 'Table'
2026-08-06 06:22:51,443 - INFO - Rejected chunk_id 3322: Contains 'Table'
2026-08-06 06:22:57,352 - INFO - Rejected chunk_id 2383: Too similar to original (57.6% overlap)
2026-08-06 06:22:59,620 - INFO - Rejected chunk_id 1435: Too similar to original (47.8% overlap)
2026-08-06 06:23:01,552 - INFO - Rejected chunk_id 6276: Contains 'Table'
2026-08-06 06:23:05,462 - INFO - Rejected chunk_id 2548: Too similar to original (43.6% overlap)
2026-08-06 06:23:06,588 - INFO - Rejected chunk_id 3312: Too similar to original (49.1% overlap)
2026-08-06 06:23:09,050 - INFO - Rejected chunk_id 2386: Too similar to original (38.0% overlap)
2026-08-06 06:23:11,732 - INFO - Rejected chunk_id 840: Too similar to original (33.7% overlap)
2026-08-06 06:23:14,322 - INFO - Rejected chunk_id 5043: Too similar to original (44.4% overlap)
2026-08-06 06:23:25,139 - INFO - Rejected chunk_id 6985: Contains 'Table'
2026-08-06 06:23:30,222 - INFO - Rejected chunk_id 2440: Too similar to original (50.0% overlap)
2026-08-06 06:23:32,758 - INFO - Rejected chunk_id 7464: Contains 'Table'
2026-08-06 06:23:34,234 - INFO - Rejected chunk_id 2947: Too similar to original (30.4% overlap)
2026-08-06 06:23:36,555 - INFO - Rejected chunk_id 3171: Too similar to original (42.3% overlap)
2026-08-06 06:23:38,395 - INFO - Rejected chunk_id 2294: Too similar to original (49.2% overlap)
2026-08-06 06:23:42,864 - INFO - Rejected chunk_id 4929: Contains 'Table'
2026-08-06 06:23:44,834 - INFO - Rejected chunk_id 2573: Too similar to original (36.2% overlap)
2026-08-06 06:23:46,696 - INFO - Rejected chunk_id 1665: Too similar to original (44.4% overlap)
2026-08-06 06:23:57,092 - INFO - Rejected chunk_id 5558: Too similar to original (39.3% overlap)
2026-08-06 06:23:58,899 - INFO - Rejected chunk_id 4869: Contains 'Table'
2026-08-06 06:24:00,660 - INFO - Rejected chunk_id 5690: Contains 'Table'
2026-08-06 06:24:02,841 - INFO - Rejected chunk_id 4395: Too similar to original (40.3% overlap)
2026-08-06 06:24:04,645 - INFO - Rejected chunk_id 1167: Too similar to original (38.7% overlap)
2026-08-06 06:24:08,257 - INFO - Rejected chunk_id 1918: Too similar to original (58.1% overlap)
2026-08-06 06:24:18,387 - INFO - Rejected chunk_id 598: Too similar to original (56.0% overlap)
2026-08-06 06:24:19,921 - INFO - Rejected chunk_id 5929: Too similar to original (32.1% overlap)
2026-08-06 06:24:21,802 - INFO - Rejected chunk_id 1739: Too similar to original (57.6% overlap)
2026-08-06 06:24:26,831 - INFO - Rejected chunk_id 4788: Contains 'Table'
2026-08-06 06:24:31,567 - INFO - Rejected chunk_id 1554: Too similar to original (42.6% overlap)
2026-08-06 06:24:31,569 - INFO - Processing complete.
2026-08-06 06:24:31,569 - INFO - Accepted: 82, Rejected: 172, Errors: 0
